dataset_id,source_id,record_type,model,scenario,scenario_family,geography,geography_code,region_level,year,metric,sector,end_use,accounting_scope,value,unit,value_semantics,source_value,source_unit,source_variable,upstream_status,source_vintage,source_file
DS-NGFS-PHASE5.1,SRC-NGFS-PHASE5.1,scenario,GCAM 6.0 NGFS,Below 2°C,NGFS Phase 5.1,World,World,world,2020,electricity_generation,total,all_sources,secondary_energy_electricity_generation,27593.408154358,TWh,point,99.336269356,EJ/yr,Secondary Energy|Electricity,conditional_scenario_not_forecast,2026-03-20,ngfs-phase5-world-electricity-2020-2100.json
DS-NGFS-PHASE5.1,SRC-NGFS-PHASE5.1,scenario,GCAM 6.0 NGFS,Below 2°C,NGFS Phase 5.1,World,World,world,2020,final_electricity_consumption,total,all_end_uses,final_energy_electricity_consumption,24152.442745677,TWh,point,86.948793884,EJ_per_year,Final Energy|Electricity,conditional_scenario_not_forecast,2026-03-20,ngfs-phase5-world-electricity-demand-2020-2100.json
DS-NGFS-PHASE5.1,SRC-NGFS-PHASE5.1,scenario,GCAM 6.0 NGFS,Below 2°C,NGFS Phase 5.1,World,World,world,2020,generation_minus_final_consumption,total,accounting_gap,secondary_generation_minus_final_consumption; includes_model_specific_grid_loss_own_use_and_accounting_effects; not_technical_transmission_loss,3440.965408681,TWh,derived_point,3440.965408681,TWh_derived,Secondary Energy|Electricity - Final Energy|Electricity,derived_from_conditional_scenario,2026-03-20,ngfs-phase5-world-electricity-2020-2100.json + ngfs-phase5-world-electricity-demand-2020-2100.json
DS-NGFS-PHASE5.1,SRC-NGFS-PHASE5.1,scenario,GCAM 6.0 NGFS,Below 2°C,NGFS Phase 5.1,World,World,world,2025,electricity_generation,total,all_sources,secondary_energy_electricity_generation,33769.372748753,TWh,point,121.569741896,EJ/yr,Secondary Energy|Electricity,conditional_scenario_not_forecast,2026-03-20,ngfs-phase5-world-electricity-2020-2100.json
DS-NGFS-PHASE5.1,SRC-NGFS-PHASE5.1,scenario,GCAM 6.0 NGFS,Below 2°C,NGFS Phase 5.1,World,World,world,2025,final_electricity_consumption,total,all_end_uses,final_energy_electricity_consumption,29260.048668432,TWh,point,105.336175206,EJ_per_year,Final Energy|Electricity,conditional_scenario_not_forecast,2026-03-20,ngfs-phase5-world-electricity-demand-2020-2100.json
DS-NGFS-PHASE5.1,SRC-NGFS-PHASE5.1,scenario,GCAM 6.0 NGFS,Below 2°C,NGFS Phase 5.1,World,World,world,2025,generation_minus_final_consumption,total,accounting_gap,secondary_generation_minus_final_consumption; includes_model_specific_grid_loss_own_use_and_accounting_effects; not_technical_transmission_loss,4509.324080321,TWh,derived_point,4509.324080321,TWh_derived,Secondary Energy|Electricity - Final Energy|Electricity,derived_from_conditional_scenario,2026-03-20,ngfs-phase5-world-electricity-2020-2100.json + ngfs-phase5-world-electricity-demand-2020-2100.json
DS-NGFS-PHASE5.1,SRC-NGFS-PHASE5.1,scenario,GCAM 6.0 NGFS,Below 2°C,NGFS Phase 5.1,World,World,world,2030,electricity_generation,total,all_sources,secondary_energy_electricity_generation,39819.503950648,TWh,point,143.350214222,EJ/yr,Secondary Energy|Electricity,conditional_scenario_not_forecast,2026-03-20,ngfs-phase5-world-electricity-2020-2100.json
DS-NGFS-PHASE5.1,SRC-NGFS-PHASE5.1,scenario,GCAM 6.0 NGFS,Below 2°C,NGFS Phase 5.1,World,World,world,2030,final_electricity_consumption,total,all_end_uses,final_energy_electricity_consumption,34314.867428842,TWh,point,123.533522744,EJ_per_year,Final Energy|Electricity,conditional_scenario_not_forecast,2026-03-20,ngfs-phase5-world-electricity-demand-2020-2100.json
DS-NGFS-PHASE5.1,SRC-NGFS-PHASE5.1,scenario,GCAM 6.0 NGFS,Below 2°C,NGFS Phase 5.1,World,World,world,2030,generation_minus_final_consumption,total,accounting_gap,secondary_generation_minus_final_consumption; includes_model_specific_grid_loss_own_use_and_accounting_effects; not_technical_transmission_loss,5504.636521806,TWh,derived_point,5504.636521806,TWh_derived,Secondary Energy|Electricity - Final Energy|Electricity,derived_from_conditional_scenario,2026-03-20,ngfs-phase5-world-electricity-2020-2100.json + ngfs-phase5-world-electricity-demand-2020-2100.json
DS-NGFS-PHASE5.1,SRC-NGFS-PHASE5.1,scenario,GCAM 6.0 NGFS,Below 2°C,NGFS Phase 5.1,World,World,world,2035,electricity_generation,total,all_sources,secondary_energy_electricity_generation,47924.136052066,TWh,point,172.526889787,EJ/yr,Secondary Energy|Electricity,conditional_scenario_not_forecast,2026-03-20,ngfs-phase5-world-electricity-2020-2100.json
DS-NGFS-PHASE5.1,SRC-NGFS-PHASE5.1,scenario,GCAM 6.0 NGFS,Below 2°C,NGFS Phase 5.1,World,World,world,2035,final_electricity_consumption,total,all_end_uses,final_energy_electricity_consumption,41117.404632613,TWh,point,148.022656677,EJ_per_year,Final Energy|Electricity,conditional_scenario_not_forecast,2026-03-20,ngfs-phase5-world-electricity-demand-2020-2100.json
DS-NGFS-PHASE5.1,SRC-NGFS-PHASE5.1,scenario,GCAM 6.0 NGFS,Below 2°C,NGFS Phase 5.1,World,World,world,2035,generation_minus_final_consumption,total,accounting_gap,secondary_generation_minus_final_consumption; includes_model_specific_grid_loss_own_use_and_accounting_effects; not_technical_transmission_loss,6806.731419453,TWh,derived_point,6806.731419453,TWh_derived,Secondary Energy|Electricity - Final Energy|Electricity,derived_from_conditional_scenario,2026-03-20,ngfs-phase5-world-electricity-2020-2100.json + ngfs-phase5-world-electricity-demand-2020-2100.json
DS-NGFS-PHASE5.1,SRC-NGFS-PHASE5.1,scenario,GCAM 6.0 NGFS,Below 2°C,NGFS Phase 5.1,World,World,world,2040,electricity_generation,total,all_sources,secondary_energy_electricity_generation,57403.407020713,TWh,point,206.652265275,EJ/yr,Secondary Energy|Electricity,conditional_scenario_not_forecast,2026-03-20,ngfs-phase5-world-electricity-2020-2100.json
DS-NGFS-PHASE5.1,SRC-NGFS-PHASE5.1,scenario,GCAM 6.0 NGFS,Below 2°C,NGFS Phase 5.1,World,World,world,2040,final_electricity_consumption,total,all_end_uses,final_energy_electricity_consumption,49049.441373748,TWh,point,176.577988945,EJ_per_year,Final Energy|Electricity,conditional_scenario_not_forecast,2026-03-20,ngfs-phase5-world-electricity-demand-2020-2100.json
DS-NGFS-PHASE5.1,SRC-NGFS-PHASE5.1,scenario,GCAM 6.0 NGFS,Below 2°C,NGFS Phase 5.1,World,World,world,2040,generation_minus_final_consumption,total,accounting_gap,secondary_generation_minus_final_consumption; includes_model_specific_grid_loss_own_use_and_accounting_effects; not_technical_transmission_loss,8353.965646965,TWh,derived_point,8353.965646965,TWh_derived,Secondary Energy|Electricity - Final Energy|Electricity,derived_from_conditional_scenario,2026-03-20,ngfs-phase5-world-electricity-2020-2100.json + ngfs-phase5-world-electricity-demand-2020-2100.json
DS-NGFS-PHASE5.1,SRC-NGFS-PHASE5.1,scenario,GCAM 6.0 NGFS,Below 2°C,NGFS Phase 5.1,World,World,world,2045,electricity_generation,total,all_sources,secondary_energy_electricity_generation,67667.877060908,TWh,point,243.604357419,EJ/yr,Secondary Energy|Electricity,conditional_scenario_not_forecast,2026-03-20,ngfs-phase5-world-electricity-2020-2100.json
DS-NGFS-PHASE5.1,SRC-NGFS-PHASE5.1,scenario,GCAM 6.0 NGFS,Below 2°C,NGFS Phase 5.1,World,World,world,2045,final_electricity_consumption,total,all_end_uses,final_energy_electricity_consumption,57676.568400049,TWh,point,207.63564624,EJ_per_year,Final Energy|Electricity,conditional_scenario_not_forecast,2026-03-20,ngfs-phase5-world-electricity-demand-2020-2100.json
DS-NGFS-PHASE5.1,SRC-NGFS-PHASE5.1,scenario,GCAM 6.0 NGFS,Below 2°C,NGFS Phase 5.1,World,World,world,2045,generation_minus_final_consumption,total,accounting_gap,secondary_generation_minus_final_consumption; includes_model_specific_grid_loss_own_use_and_accounting_effects; not_technical_transmission_loss,9991.308660859,TWh,derived_point,9991.308660859,TWh_derived,Secondary Energy|Electricity - Final Energy|Electricity,derived_from_conditional_scenario,2026-03-20,ngfs-phase5-world-electricity-2020-2100.json + ngfs-phase5-world-electricity-demand-2020-2100.json
DS-NGFS-PHASE5.1,SRC-NGFS-PHASE5.1,scenario,GCAM 6.0 NGFS,Below 2°C,NGFS Phase 5.1,World,World,world,2050,electricity_generation,total,all_sources,secondary_energy_electricity_generation,79777.197025966,TWh,point,287.197909293,EJ/yr,Secondary Energy|Electricity,conditional_scenario_not_forecast,2026-03-20,ngfs-phase5-world-electricity-2020-2100.json
DS-NGFS-PHASE5.1,SRC-NGFS-PHASE5.1,scenario,GCAM 6.0 NGFS,Below 2°C,NGFS Phase 5.1,World,World,world,2050,final_electricity_consumption,total,all_end_uses,final_energy_electricity_consumption,67746.376020397,TWh,point,243.886953673,EJ_per_year,Final Energy|Electricity,conditional_scenario_not_forecast,2026-03-20,ngfs-phase5-world-electricity-demand-2020-2100.json
DS-NGFS-PHASE5.1,SRC-NGFS-PHASE5.1,scenario,GCAM 6.0 NGFS,Below 2°C,NGFS Phase 5.1,World,World,world,2050,generation_minus_final_consumption,total,accounting_gap,secondary_generation_minus_final_consumption; includes_model_specific_grid_loss_own_use_and_accounting_effects; not_technical_transmission_loss,12030.821005569,TWh,derived_point,12030.821005569,TWh_derived,Secondary Energy|Electricity - Final Energy|Electricity,derived_from_conditional_scenario,2026-03-20,ngfs-phase5-world-electricity-2020-2100.json + ngfs-phase5-world-electricity-demand-2020-2100.json
DS-NGFS-PHASE5.1,SRC-NGFS-PHASE5.1,scenario,GCAM 6.0 NGFS,Below 2°C,NGFS Phase 5.1,World,World,world,2055,electricity_generation,total,all_sources,secondary_energy_electricity_generation,93022.118770809,TWh,point,334.879627575,EJ/yr,Secondary Energy|Electricity,conditional_scenario_not_forecast,2026-03-20,ngfs-phase5-world-electricity-2020-2100.json
DS-NGFS-PHASE5.1,SRC-NGFS-PHASE5.1,scenario,GCAM 6.0 NGFS,Below 2°C,NGFS Phase 5.1,World,World,world,2055,final_electricity_consumption,total,all_end_uses,final_energy_electricity_consumption,78656.022778386,TWh,point,283.161682002,EJ_per_year,Final Energy|Electricity,conditional_scenario_not_forecast,2026-03-20,ngfs-phase5-world-electricity-demand-2020-2100.json
DS-NGFS-PHASE5.1,SRC-NGFS-PHASE5.1,scenario,GCAM 6.0 NGFS,Below 2°C,NGFS Phase 5.1,World,World,world,2055,generation_minus_final_consumption,total,accounting_gap,secondary_generation_minus_final_consumption; includes_model_specific_grid_loss_own_use_and_accounting_effects; not_technical_transmission_loss,14366.095992423,TWh,derived_point,14366.095992423,TWh_derived,Secondary Energy|Electricity - Final Energy|Electricity,derived_from_conditional_scenario,2026-03-20,ngfs-phase5-world-electricity-2020-2100.json + ngfs-phase5-world-electricity-demand-2020-2100.json
DS-NGFS-PHASE5.1,SRC-NGFS-PHASE5.1,scenario,GCAM 6.0 NGFS,Below 2°C,NGFS Phase 5.1,World,World,world,2060,electricity_generation,total,all_sources,secondary_energy_electricity_generation,108809.71003842,TWh,point,391.714956138,EJ/yr,Secondary Energy|Electricity,conditional_scenario_not_forecast,2026-03-20,ngfs-phase5-world-electricity-2020-2100.json
DS-NGFS-PHASE5.1,SRC-NGFS-PHASE5.1,scenario,GCAM 6.0 NGFS,Below 2°C,NGFS Phase 5.1,World,World,world,2060,final_electricity_consumption,total,all_end_uses,final_energy_electricity_consumption,91350.482927095,TWh,point,328.861738538,EJ_per_year,Final Energy|Electricity,conditional_scenario_not_forecast,2026-03-20,ngfs-phase5-world-electricity-demand-2020-2100.json
DS-NGFS-PHASE5.1,SRC-NGFS-PHASE5.1,scenario,GCAM 6.0 NGFS,Below 2°C,NGFS Phase 5.1,World,World,world,2060,generation_minus_final_consumption,total,accounting_gap,secondary_generation_minus_final_consumption; includes_model_specific_grid_loss_own_use_and_accounting_effects; not_technical_transmission_loss,17459.227111325,TWh,derived_point,17459.227111325,TWh_derived,Secondary Energy|Electricity - Final Energy|Electricity,derived_from_conditional_scenario,2026-03-20,ngfs-phase5-world-electricity-2020-2100.json + ngfs-phase5-world-electricity-demand-2020-2100.json
DS-NGFS-PHASE5.1,SRC-NGFS-PHASE5.1,scenario,GCAM 6.0 NGFS,Below 2°C,NGFS Phase 5.1,World,World,world,2065,electricity_generation,total,all_sources,secondary_energy_electricity_generation,124188.357945755,TWh,point,447.078088605,EJ/yr,Secondary Energy|Electricity,conditional_scenario_not_forecast,2026-03-20,ngfs-phase5-world-electricity-2020-2100.json
DS-NGFS-PHASE5.1,SRC-NGFS-PHASE5.1,scenario,GCAM 6.0 NGFS,Below 2°C,NGFS Phase 5.1,World,World,world,2065,final_electricity_consumption,total,all_end_uses,final_energy_electricity_consumption,103416.191835609,TWh,point,372.298290608,EJ_per_year,Final Energy|Electricity,conditional_scenario_not_forecast,2026-03-20,ngfs-phase5-world-electricity-demand-2020-2100.json
DS-NGFS-PHASE5.1,SRC-NGFS-PHASE5.1,scenario,GCAM 6.0 NGFS,Below 2°C,NGFS Phase 5.1,World,World,world,2065,generation_minus_final_consumption,total,accounting_gap,secondary_generation_minus_final_consumption; includes_model_specific_grid_loss_own_use_and_accounting_effects; not_technical_transmission_loss,20772.166110146,TWh,derived_point,20772.166110146,TWh_derived,Secondary Energy|Electricity - Final Energy|Electricity,derived_from_conditional_scenario,2026-03-20,ngfs-phase5-world-electricity-2020-2100.json + ngfs-phase5-world-electricity-demand-2020-2100.json
DS-NGFS-PHASE5.1,SRC-NGFS-PHASE5.1,scenario,GCAM 6.0 NGFS,Below 2°C,NGFS Phase 5.1,World,World,world,2070,electricity_generation,total,all_sources,secondary_energy_electricity_generation,137054.002901318,TWh,point,493.394410445,EJ/yr,Secondary Energy|Electricity,conditional_scenario_not_forecast,2026-03-20,ngfs-phase5-world-electricity-2020-2100.json
DS-NGFS-PHASE5.1,SRC-NGFS-PHASE5.1,scenario,GCAM 6.0 NGFS,Below 2°C,NGFS Phase 5.1,World,World,world,2070,final_electricity_consumption,total,all_end_uses,final_energy_electricity_consumption,113458.135497532,TWh,point,408.449287791,EJ_per_year,Final Energy|Electricity,conditional_scenario_not_forecast,2026-03-20,ngfs-phase5-world-electricity-demand-2020-2100.json
DS-NGFS-PHASE5.1,SRC-NGFS-PHASE5.1,scenario,GCAM 6.0 NGFS,Below 2°C,NGFS Phase 5.1,World,World,world,2070,generation_minus_final_consumption,total,accounting_gap,secondary_generation_minus_final_consumption; includes_model_specific_grid_loss_own_use_and_accounting_effects; not_technical_transmission_loss,23595.867403786,TWh,derived_point,23595.867403786,TWh_derived,Secondary Energy|Electricity - Final Energy|Electricity,derived_from_conditional_scenario,2026-03-20,ngfs-phase5-world-electricity-2020-2100.json + ngfs-phase5-world-electricity-demand-2020-2100.json
DS-NGFS-PHASE5.1,SRC-NGFS-PHASE5.1,scenario,GCAM 6.0 NGFS,Below 2°C,NGFS Phase 5.1,World,World,world,2075,electricity_generation,total,all_sources,secondary_energy_electricity_generation,148481.65295596,TWh,point,534.533950641,EJ/yr,Secondary Energy|Electricity,conditional_scenario_not_forecast,2026-03-20,ngfs-phase5-world-electricity-2020-2100.json
DS-NGFS-PHASE5.1,SRC-NGFS-PHASE5.1,scenario,GCAM 6.0 NGFS,Below 2°C,NGFS Phase 5.1,World,World,world,2075,final_electricity_consumption,total,all_end_uses,final_energy_electricity_consumption,122125.672603068,TWh,point,439.652421371,EJ_per_year,Final Energy|Electricity,conditional_scenario_not_forecast,2026-03-20,ngfs-phase5-world-electricity-demand-2020-2100.json
DS-NGFS-PHASE5.1,SRC-NGFS-PHASE5.1,scenario,GCAM 6.0 NGFS,Below 2°C,NGFS Phase 5.1,World,World,world,2075,generation_minus_final_consumption,total,accounting_gap,secondary_generation_minus_final_consumption; includes_model_specific_grid_loss_own_use_and_accounting_effects; not_technical_transmission_loss,26355.980352892,TWh,derived_point,26355.980352892,TWh_derived,Secondary Energy|Electricity - Final Energy|Electricity,derived_from_conditional_scenario,2026-03-20,ngfs-phase5-world-electricity-2020-2100.json + ngfs-phase5-world-electricity-demand-2020-2100.json
DS-NGFS-PHASE5.1,SRC-NGFS-PHASE5.1,scenario,GCAM 6.0 NGFS,Below 2°C,NGFS Phase 5.1,World,World,world,2080,electricity_generation,total,all_sources,secondary_energy_electricity_generation,154791.899007022,TWh,point,557.250836425,EJ/yr,Secondary Energy|Electricity,conditional_scenario_not_forecast,2026-03-20,ngfs-phase5-world-electricity-2020-2100.json
DS-NGFS-PHASE5.1,SRC-NGFS-PHASE5.1,scenario,GCAM 6.0 NGFS,Below 2°C,NGFS Phase 5.1,World,World,world,2080,final_electricity_consumption,total,all_end_uses,final_energy_electricity_consumption,127557.698002658,TWh,point,459.20771281,EJ_per_year,Final Energy|Electricity,conditional_scenario_not_forecast,2026-03-20,ngfs-phase5-world-electricity-demand-2020-2100.json
DS-NGFS-PHASE5.1,SRC-NGFS-PHASE5.1,scenario,GCAM 6.0 NGFS,Below 2°C,NGFS Phase 5.1,World,World,world,2080,generation_minus_final_consumption,total,accounting_gap,secondary_generation_minus_final_consumption; includes_model_specific_grid_loss_own_use_and_accounting_effects; not_technical_transmission_loss,27234.201004364,TWh,derived_point,27234.201004364,TWh_derived,Secondary Energy|Electricity - Final Energy|Electricity,derived_from_conditional_scenario,2026-03-20,ngfs-phase5-world-electricity-2020-2100.json + ngfs-phase5-world-electricity-demand-2020-2100.json
DS-NGFS-PHASE5.1,SRC-NGFS-PHASE5.1,scenario,GCAM 6.0 NGFS,Below 2°C,NGFS Phase 5.1,World,World,world,2085,electricity_generation,total,all_sources,secondary_energy_electricity_generation,160042.098630274,TWh,point,576.151555069,EJ/yr,Secondary Energy|Electricity,conditional_scenario_not_forecast,2026-03-20,ngfs-phase5-world-electricity-2020-2100.json
DS-NGFS-PHASE5.1,SRC-NGFS-PHASE5.1,scenario,GCAM 6.0 NGFS,Below 2°C,NGFS Phase 5.1,World,World,world,2085,final_electricity_consumption,total,all_end_uses,final_energy_electricity_consumption,132225.255483393,TWh,point,476.01091974,EJ_per_year,Final Energy|Electricity,conditional_scenario_not_forecast,2026-03-20,ngfs-phase5-world-electricity-demand-2020-2100.json
DS-NGFS-PHASE5.1,SRC-NGFS-PHASE5.1,scenario,GCAM 6.0 NGFS,Below 2°C,NGFS Phase 5.1,World,World,world,2085,generation_minus_final_consumption,total,accounting_gap,secondary_generation_minus_final_consumption; includes_model_specific_grid_loss_own_use_and_accounting_effects; not_technical_transmission_loss,27816.843146881,TWh,derived_point,27816.843146881,TWh_derived,Secondary Energy|Electricity - Final Energy|Electricity,derived_from_conditional_scenario,2026-03-20,ngfs-phase5-world-electricity-2020-2100.json + ngfs-phase5-world-electricity-demand-2020-2100.json
DS-NGFS-PHASE5.1,SRC-NGFS-PHASE5.1,scenario,GCAM 6.0 NGFS,Below 2°C,NGFS Phase 5.1,World,World,world,2090,electricity_generation,total,all_sources,secondary_energy_electricity_generation,164067.199007656,TWh,point,590.641916428,EJ/yr,Secondary Energy|Electricity,conditional_scenario_not_forecast,2026-03-20,ngfs-phase5-world-electricity-2020-2100.json
DS-NGFS-PHASE5.1,SRC-NGFS-PHASE5.1,scenario,GCAM 6.0 NGFS,Below 2°C,NGFS Phase 5.1,World,World,world,2090,final_electricity_consumption,total,all_end_uses,final_energy_electricity_consumption,135955.354973111,TWh,point,489.439277903,EJ_per_year,Final Energy|Electricity,conditional_scenario_not_forecast,2026-03-20,ngfs-phase5-world-electricity-demand-2020-2100.json
DS-NGFS-PHASE5.1,SRC-NGFS-PHASE5.1,scenario,GCAM 6.0 NGFS,Below 2°C,NGFS Phase 5.1,World,World,world,2090,generation_minus_final_consumption,total,accounting_gap,secondary_generation_minus_final_consumption; includes_model_specific_grid_loss_own_use_and_accounting_effects; not_technical_transmission_loss,28111.844034545,TWh,derived_point,28111.844034545,TWh_derived,Secondary Energy|Electricity - Final Energy|Electricity,derived_from_conditional_scenario,2026-03-20,ngfs-phase5-world-electricity-2020-2100.json + ngfs-phase5-world-electricity-demand-2020-2100.json
DS-NGFS-PHASE5.1,SRC-NGFS-PHASE5.1,scenario,GCAM 6.0 NGFS,Below 2°C,NGFS Phase 5.1,World,World,world,2095,electricity_generation,total,all_sources,secondary_energy_electricity_generation,167142.95456247,TWh,point,601.714636425,EJ/yr,Secondary Energy|Electricity,conditional_scenario_not_forecast,2026-03-20,ngfs-phase5-world-electricity-2020-2100.json
DS-NGFS-PHASE5.1,SRC-NGFS-PHASE5.1,scenario,GCAM 6.0 NGFS,Below 2°C,NGFS Phase 5.1,World,World,world,2095,final_electricity_consumption,total,all_end_uses,final_energy_electricity_consumption,138911.091980208,TWh,point,500.079931129,EJ_per_year,Final Energy|Electricity,conditional_scenario_not_forecast,2026-03-20,ngfs-phase5-world-electricity-demand-2020-2100.json
DS-NGFS-PHASE5.1,SRC-NGFS-PHASE5.1,scenario,GCAM 6.0 NGFS,Below 2°C,NGFS Phase 5.1,World,World,world,2095,generation_minus_final_consumption,total,accounting_gap,secondary_generation_minus_final_consumption; includes_model_specific_grid_loss_own_use_and_accounting_effects; not_technical_transmission_loss,28231.862582262,TWh,derived_point,28231.862582262,TWh_derived,Secondary Energy|Electricity - Final Energy|Electricity,derived_from_conditional_scenario,2026-03-20,ngfs-phase5-world-electricity-2020-2100.json + ngfs-phase5-world-electricity-demand-2020-2100.json
DS-NGFS-PHASE5.1,SRC-NGFS-PHASE5.1,scenario,GCAM 6.0 NGFS,Below 2°C,NGFS Phase 5.1,World,World,world,2100,electricity_generation,total,all_sources,secondary_energy_electricity_generation,169918.276603441,TWh,point,611.705795772,EJ/yr,Secondary Energy|Electricity,conditional_scenario_not_forecast,2026-03-20,ngfs-phase5-world-electricity-2020-2100.json
DS-NGFS-PHASE5.1,SRC-NGFS-PHASE5.1,scenario,GCAM 6.0 NGFS,Below 2°C,NGFS Phase 5.1,World,World,world,2100,final_electricity_consumption,total,all_end_uses,final_energy_electricity_consumption,141536.078281417,TWh,point,509.529881813,EJ_per_year,Final Energy|Electricity,conditional_scenario_not_forecast,2026-03-20,ngfs-phase5-world-electricity-demand-2020-2100.json
DS-NGFS-PHASE5.1,SRC-NGFS-PHASE5.1,scenario,GCAM 6.0 NGFS,Below 2°C,NGFS Phase 5.1,World,World,world,2100,generation_minus_final_consumption,total,accounting_gap,secondary_generation_minus_final_consumption; includes_model_specific_grid_loss_own_use_and_accounting_effects; not_technical_transmission_loss,28382.198322024,TWh,derived_point,28382.198322024,TWh_derived,Secondary Energy|Electricity - Final Energy|Electricity,derived_from_conditional_scenario,2026-03-20,ngfs-phase5-world-electricity-2020-2100.json + ngfs-phase5-world-electricity-demand-2020-2100.json
DS-NGFS-PHASE5.1,SRC-NGFS-PHASE5.1,scenario,GCAM 6.0 NGFS,Current Policies,NGFS Phase 5.1,World,World,world,2020,electricity_generation,total,all_sources,secondary_energy_electricity_generation,27593.404929378,TWh,point,99.336257746,EJ/yr,Secondary Energy|Electricity,conditional_scenario_not_forecast,2026-03-20,ngfs-phase5-world-electricity-2020-2100.json
DS-NGFS-PHASE5.1,SRC-NGFS-PHASE5.1,scenario,GCAM 6.0 NGFS,Current Policies,NGFS Phase 5.1,World,World,world,2020,final_electricity_consumption,total,all_end_uses,final_energy_electricity_consumption,24152.442653339,TWh,point,86.948793552,EJ_per_year,Final Energy|Electricity,conditional_scenario_not_forecast,2026-03-20,ngfs-phase5-world-electricity-demand-2020-2100.json
DS-NGFS-PHASE5.1,SRC-NGFS-PHASE5.1,scenario,GCAM 6.0 NGFS,Current Policies,NGFS Phase 5.1,World,World,world,2020,generation_minus_final_consumption,total,accounting_gap,secondary_generation_minus_final_consumption; includes_model_specific_grid_loss_own_use_and_accounting_effects; not_technical_transmission_loss,3440.962276039,TWh,derived_point,3440.962276039,TWh_derived,Secondary Energy|Electricity - Final Energy|Electricity,derived_from_conditional_scenario,2026-03-20,ngfs-phase5-world-electricity-2020-2100.json + ngfs-phase5-world-electricity-demand-2020-2100.json
DS-NGFS-PHASE5.1,SRC-NGFS-PHASE5.1,scenario,GCAM 6.0 NGFS,Current Policies,NGFS Phase 5.1,World,World,world,2025,electricity_generation,total,all_sources,secondary_energy_electricity_generation,33710.04075168,TWh,point,121.356146706,EJ/yr,Secondary Energy|Electricity,conditional_scenario_not_forecast,2026-03-20,ngfs-phase5-world-electricity-2020-2100.json
DS-NGFS-PHASE5.1,SRC-NGFS-PHASE5.1,scenario,GCAM 6.0 NGFS,Current Policies,NGFS Phase 5.1,World,World,world,2025,final_electricity_consumption,total,all_end_uses,final_energy_electricity_consumption,29249.225674838,TWh,point,105.297212429,EJ_per_year,Final Energy|Electricity,conditional_scenario_not_forecast,2026-03-20,ngfs-phase5-world-electricity-demand-2020-2100.json
DS-NGFS-PHASE5.1,SRC-NGFS-PHASE5.1,scenario,GCAM 6.0 NGFS,Current Policies,NGFS Phase 5.1,World,World,world,2025,generation_minus_final_consumption,total,accounting_gap,secondary_generation_minus_final_consumption; includes_model_specific_grid_loss_own_use_and_accounting_effects; not_technical_transmission_loss,4460.815076842,TWh,derived_point,4460.815076842,TWh_derived,Secondary Energy|Electricity - Final Energy|Electricity,derived_from_conditional_scenario,2026-03-20,ngfs-phase5-world-electricity-2020-2100.json + ngfs-phase5-world-electricity-demand-2020-2100.json
DS-NGFS-PHASE5.1,SRC-NGFS-PHASE5.1,scenario,GCAM 6.0 NGFS,Current Policies,NGFS Phase 5.1,World,World,world,2030,electricity_generation,total,all_sources,secondary_energy_electricity_generation,40075.53992735,TWh,point,144.271943738,EJ/yr,Secondary Energy|Electricity,conditional_scenario_not_forecast,2026-03-20,ngfs-phase5-world-electricity-2020-2100.json
DS-NGFS-PHASE5.1,SRC-NGFS-PHASE5.1,scenario,GCAM 6.0 NGFS,Current Policies,NGFS Phase 5.1,World,World,world,2030,final_electricity_consumption,total,all_end_uses,final_energy_electricity_consumption,34578.613615362,TWh,point,124.483009015,EJ_per_year,Final Energy|Electricity,conditional_scenario_not_forecast,2026-03-20,ngfs-phase5-world-electricity-demand-2020-2100.json
DS-NGFS-PHASE5.1,SRC-NGFS-PHASE5.1,scenario,GCAM 6.0 NGFS,Current Policies,NGFS Phase 5.1,World,World,world,2030,generation_minus_final_consumption,total,accounting_gap,secondary_generation_minus_final_consumption; includes_model_specific_grid_loss_own_use_and_accounting_effects; not_technical_transmission_loss,5496.926311988,TWh,derived_point,5496.926311988,TWh_derived,Secondary Energy|Electricity - Final Energy|Electricity,derived_from_conditional_scenario,2026-03-20,ngfs-phase5-world-electricity-2020-2100.json + ngfs-phase5-world-electricity-demand-2020-2100.json
DS-NGFS-PHASE5.1,SRC-NGFS-PHASE5.1,scenario,GCAM 6.0 NGFS,Current Policies,NGFS Phase 5.1,World,World,world,2035,electricity_generation,total,all_sources,secondary_energy_electricity_generation,46176.194584575,TWh,point,166.234300504,EJ/yr,Secondary Energy|Electricity,conditional_scenario_not_forecast,2026-03-20,ngfs-phase5-world-electricity-2020-2100.json
DS-NGFS-PHASE5.1,SRC-NGFS-PHASE5.1,scenario,GCAM 6.0 NGFS,Current Policies,NGFS Phase 5.1,World,World,world,2035,final_electricity_consumption,total,all_end_uses,final_energy_electricity_consumption,39684.703557318,TWh,point,142.864932806,EJ_per_year,Final Energy|Electricity,conditional_scenario_not_forecast,2026-03-20,ngfs-phase5-world-electricity-demand-2020-2100.json
DS-NGFS-PHASE5.1,SRC-NGFS-PHASE5.1,scenario,GCAM 6.0 NGFS,Current Policies,NGFS Phase 5.1,World,World,world,2035,generation_minus_final_consumption,total,accounting_gap,secondary_generation_minus_final_consumption; includes_model_specific_grid_loss_own_use_and_accounting_effects; not_technical_transmission_loss,6491.491027257,TWh,derived_point,6491.491027257,TWh_derived,Secondary Energy|Electricity - Final Energy|Electricity,derived_from_conditional_scenario,2026-03-20,ngfs-phase5-world-electricity-2020-2100.json + ngfs-phase5-world-electricity-demand-2020-2100.json
DS-NGFS-PHASE5.1,SRC-NGFS-PHASE5.1,scenario,GCAM 6.0 NGFS,Current Policies,NGFS Phase 5.1,World,World,world,2040,electricity_generation,total,all_sources,secondary_energy_electricity_generation,52045.652580669,TWh,point,187.36434929,EJ/yr,Secondary Energy|Electricity,conditional_scenario_not_forecast,2026-03-20,ngfs-phase5-world-electricity-2020-2100.json
DS-NGFS-PHASE5.1,SRC-NGFS-PHASE5.1,scenario,GCAM 6.0 NGFS,Current Policies,NGFS Phase 5.1,World,World,world,2040,final_electricity_consumption,total,all_end_uses,final_energy_electricity_consumption,44636.544872263,TWh,point,160.69156154,EJ_per_year,Final Energy|Electricity,conditional_scenario_not_forecast,2026-03-20,ngfs-phase5-world-electricity-demand-2020-2100.json
DS-NGFS-PHASE5.1,SRC-NGFS-PHASE5.1,scenario,GCAM 6.0 NGFS,Current Policies,NGFS Phase 5.1,World,World,world,2040,generation_minus_final_consumption,total,accounting_gap,secondary_generation_minus_final_consumption; includes_model_specific_grid_loss_own_use_and_accounting_effects; not_technical_transmission_loss,7409.107708406,TWh,derived_point,7409.107708406,TWh_derived,Secondary Energy|Electricity - Final Energy|Electricity,derived_from_conditional_scenario,2026-03-20,ngfs-phase5-world-electricity-2020-2100.json + ngfs-phase5-world-electricity-demand-2020-2100.json
DS-NGFS-PHASE5.1,SRC-NGFS-PHASE5.1,scenario,GCAM 6.0 NGFS,Current Policies,NGFS Phase 5.1,World,World,world,2045,electricity_generation,total,all_sources,secondary_energy_electricity_generation,57473.716692359,TWh,point,206.905380092,EJ/yr,Secondary Energy|Electricity,conditional_scenario_not_forecast,2026-03-20,ngfs-phase5-world-electricity-2020-2100.json
DS-NGFS-PHASE5.1,SRC-NGFS-PHASE5.1,scenario,GCAM 6.0 NGFS,Current Policies,NGFS Phase 5.1,World,World,world,2045,final_electricity_consumption,total,all_end_uses,final_energy_electricity_consumption,49357.9534426,TWh,point,177.688632393,EJ_per_year,Final Energy|Electricity,conditional_scenario_not_forecast,2026-03-20,ngfs-phase5-world-electricity-demand-2020-2100.json
DS-NGFS-PHASE5.1,SRC-NGFS-PHASE5.1,scenario,GCAM 6.0 NGFS,Current Policies,NGFS Phase 5.1,World,World,world,2045,generation_minus_final_consumption,total,accounting_gap,secondary_generation_minus_final_consumption; includes_model_specific_grid_loss_own_use_and_accounting_effects; not_technical_transmission_loss,8115.763249759,TWh,derived_point,8115.763249759,TWh_derived,Secondary Energy|Electricity - Final Energy|Electricity,derived_from_conditional_scenario,2026-03-20,ngfs-phase5-world-electricity-2020-2100.json + ngfs-phase5-world-electricity-demand-2020-2100.json
DS-NGFS-PHASE5.1,SRC-NGFS-PHASE5.1,scenario,GCAM 6.0 NGFS,Current Policies,NGFS Phase 5.1,World,World,world,2050,electricity_generation,total,all_sources,secondary_energy_electricity_generation,62920.94508332,TWh,point,226.5154023,EJ/yr,Secondary Energy|Electricity,conditional_scenario_not_forecast,2026-03-20,ngfs-phase5-world-electricity-2020-2100.json
DS-NGFS-PHASE5.1,SRC-NGFS-PHASE5.1,scenario,GCAM 6.0 NGFS,Current Policies,NGFS Phase 5.1,World,World,world,2050,final_electricity_consumption,total,all_end_uses,final_energy_electricity_consumption,54201.81712317,TWh,point,195.126541643,EJ_per_year,Final Energy|Electricity,conditional_scenario_not_forecast,2026-03-20,ngfs-phase5-world-electricity-demand-2020-2100.json
DS-NGFS-PHASE5.1,SRC-NGFS-PHASE5.1,scenario,GCAM 6.0 NGFS,Current Policies,NGFS Phase 5.1,World,World,world,2050,generation_minus_final_consumption,total,accounting_gap,secondary_generation_minus_final_consumption; includes_model_specific_grid_loss_own_use_and_accounting_effects; not_technical_transmission_loss,8719.12796015,TWh,derived_point,8719.12796015,TWh_derived,Secondary Energy|Electricity - Final Energy|Electricity,derived_from_conditional_scenario,2026-03-20,ngfs-phase5-world-electricity-2020-2100.json + ngfs-phase5-world-electricity-demand-2020-2100.json
DS-NGFS-PHASE5.1,SRC-NGFS-PHASE5.1,scenario,GCAM 6.0 NGFS,Current Policies,NGFS Phase 5.1,World,World,world,2055,electricity_generation,total,all_sources,secondary_energy_electricity_generation,68508.833924568,TWh,point,246.631802128,EJ/yr,Secondary Energy|Electricity,conditional_scenario_not_forecast,2026-03-20,ngfs-phase5-world-electricity-2020-2100.json
DS-NGFS-PHASE5.1,SRC-NGFS-PHASE5.1,scenario,GCAM 6.0 NGFS,Current Policies,NGFS Phase 5.1,World,World,world,2055,final_electricity_consumption,total,all_end_uses,final_energy_electricity_consumption,59069.006411799,TWh,point,212.648423082,EJ_per_year,Final Energy|Electricity,conditional_scenario_not_forecast,2026-03-20,ngfs-phase5-world-electricity-demand-2020-2100.json
DS-NGFS-PHASE5.1,SRC-NGFS-PHASE5.1,scenario,GCAM 6.0 NGFS,Current Policies,NGFS Phase 5.1,World,World,world,2055,generation_minus_final_consumption,total,accounting_gap,secondary_generation_minus_final_consumption; includes_model_specific_grid_loss_own_use_and_accounting_effects; not_technical_transmission_loss,9439.827512769,TWh,derived_point,9439.827512769,TWh_derived,Secondary Energy|Electricity - Final Energy|Electricity,derived_from_conditional_scenario,2026-03-20,ngfs-phase5-world-electricity-2020-2100.json + ngfs-phase5-world-electricity-demand-2020-2100.json
DS-NGFS-PHASE5.1,SRC-NGFS-PHASE5.1,scenario,GCAM 6.0 NGFS,Current Policies,NGFS Phase 5.1,World,World,world,2060,electricity_generation,total,all_sources,secondary_energy_electricity_generation,74323.812387991,TWh,point,267.565724597,EJ/yr,Secondary Energy|Electricity,conditional_scenario_not_forecast,2026-03-20,ngfs-phase5-world-electricity-2020-2100.json
DS-NGFS-PHASE5.1,SRC-NGFS-PHASE5.1,scenario,GCAM 6.0 NGFS,Current Policies,NGFS Phase 5.1,World,World,world,2060,final_electricity_consumption,total,all_end_uses,final_energy_electricity_consumption,64102.134864042,TWh,point,230.767685511,EJ_per_year,Final Energy|Electricity,conditional_scenario_not_forecast,2026-03-20,ngfs-phase5-world-electricity-demand-2020-2100.json
DS-NGFS-PHASE5.1,SRC-NGFS-PHASE5.1,scenario,GCAM 6.0 NGFS,Current Policies,NGFS Phase 5.1,World,World,world,2060,generation_minus_final_consumption,total,accounting_gap,secondary_generation_minus_final_consumption; includes_model_specific_grid_loss_own_use_and_accounting_effects; not_technical_transmission_loss,10221.677523949,TWh,derived_point,10221.677523949,TWh_derived,Secondary Energy|Electricity - Final Energy|Electricity,derived_from_conditional_scenario,2026-03-20,ngfs-phase5-world-electricity-2020-2100.json + ngfs-phase5-world-electricity-demand-2020-2100.json
DS-NGFS-PHASE5.1,SRC-NGFS-PHASE5.1,scenario,GCAM 6.0 NGFS,Current Policies,NGFS Phase 5.1,World,World,world,2065,electricity_generation,total,all_sources,secondary_energy_electricity_generation,79666.601225942,TWh,point,286.799764413,EJ/yr,Secondary Energy|Electricity,conditional_scenario_not_forecast,2026-03-20,ngfs-phase5-world-electricity-2020-2100.json
DS-NGFS-PHASE5.1,SRC-NGFS-PHASE5.1,scenario,GCAM 6.0 NGFS,Current Policies,NGFS Phase 5.1,World,World,world,2065,final_electricity_consumption,total,all_end_uses,final_energy_electricity_consumption,68779.406430151,TWh,point,247.605863149,EJ_per_year,Final Energy|Electricity,conditional_scenario_not_forecast,2026-03-20,ngfs-phase5-world-electricity-demand-2020-2100.json
DS-NGFS-PHASE5.1,SRC-NGFS-PHASE5.1,scenario,GCAM 6.0 NGFS,Current Policies,NGFS Phase 5.1,World,World,world,2065,generation_minus_final_consumption,total,accounting_gap,secondary_generation_minus_final_consumption; includes_model_specific_grid_loss_own_use_and_accounting_effects; not_technical_transmission_loss,10887.194795791,TWh,derived_point,10887.194795791,TWh_derived,Secondary Energy|Electricity - Final Energy|Electricity,derived_from_conditional_scenario,2026-03-20,ngfs-phase5-world-electricity-2020-2100.json + ngfs-phase5-world-electricity-demand-2020-2100.json
DS-NGFS-PHASE5.1,SRC-NGFS-PHASE5.1,scenario,GCAM 6.0 NGFS,Current Policies,NGFS Phase 5.1,World,World,world,2070,electricity_generation,total,all_sources,secondary_energy_electricity_generation,85206.453803046,TWh,point,306.743233691,EJ/yr,Secondary Energy|Electricity,conditional_scenario_not_forecast,2026-03-20,ngfs-phase5-world-electricity-2020-2100.json
DS-NGFS-PHASE5.1,SRC-NGFS-PHASE5.1,scenario,GCAM 6.0 NGFS,Current Policies,NGFS Phase 5.1,World,World,world,2070,final_electricity_consumption,total,all_end_uses,final_energy_electricity_consumption,73555.874211201,TWh,point,264.80114716,EJ_per_year,Final Energy|Electricity,conditional_scenario_not_forecast,2026-03-20,ngfs-phase5-world-electricity-demand-2020-2100.json
DS-NGFS-PHASE5.1,SRC-NGFS-PHASE5.1,scenario,GCAM 6.0 NGFS,Current Policies,NGFS Phase 5.1,World,World,world,2070,generation_minus_final_consumption,total,accounting_gap,secondary_generation_minus_final_consumption; includes_model_specific_grid_loss_own_use_and_accounting_effects; not_technical_transmission_loss,11650.579591845,TWh,derived_point,11650.579591845,TWh_derived,Secondary Energy|Electricity - Final Energy|Electricity,derived_from_conditional_scenario,2026-03-20,ngfs-phase5-world-electricity-2020-2100.json + ngfs-phase5-world-electricity-demand-2020-2100.json
DS-NGFS-PHASE5.1,SRC-NGFS-PHASE5.1,scenario,GCAM 6.0 NGFS,Current Policies,NGFS Phase 5.1,World,World,world,2075,electricity_generation,total,all_sources,secondary_energy_electricity_generation,90674.933651439,TWh,point,326.429761145,EJ/yr,Secondary Energy|Electricity,conditional_scenario_not_forecast,2026-03-20,ngfs-phase5-world-electricity-2020-2100.json
DS-NGFS-PHASE5.1,SRC-NGFS-PHASE5.1,scenario,GCAM 6.0 NGFS,Current Policies,NGFS Phase 5.1,World,World,world,2075,final_electricity_consumption,total,all_end_uses,final_energy_electricity_consumption,78280.214903994,TWh,point,281.808773654,EJ_per_year,Final Energy|Electricity,conditional_scenario_not_forecast,2026-03-20,ngfs-phase5-world-electricity-demand-2020-2100.json
DS-NGFS-PHASE5.1,SRC-NGFS-PHASE5.1,scenario,GCAM 6.0 NGFS,Current Policies,NGFS Phase 5.1,World,World,world,2075,generation_minus_final_consumption,total,accounting_gap,secondary_generation_minus_final_consumption; includes_model_specific_grid_loss_own_use_and_accounting_effects; not_technical_transmission_loss,12394.718747445,TWh,derived_point,12394.718747445,TWh_derived,Secondary Energy|Electricity - Final Energy|Electricity,derived_from_conditional_scenario,2026-03-20,ngfs-phase5-world-electricity-2020-2100.json + ngfs-phase5-world-electricity-demand-2020-2100.json
DS-NGFS-PHASE5.1,SRC-NGFS-PHASE5.1,scenario,GCAM 6.0 NGFS,Current Policies,NGFS Phase 5.1,World,World,world,2080,electricity_generation,total,all_sources,secondary_energy_electricity_generation,96009.780919339,TWh,point,345.63521131,EJ/yr,Secondary Energy|Electricity,conditional_scenario_not_forecast,2026-03-20,ngfs-phase5-world-electricity-2020-2100.json
DS-NGFS-PHASE5.1,SRC-NGFS-PHASE5.1,scenario,GCAM 6.0 NGFS,Current Policies,NGFS Phase 5.1,World,World,world,2080,final_electricity_consumption,total,all_end_uses,final_energy_electricity_consumption,82913.03143484,TWh,point,298.486913165,EJ_per_year,Final Energy|Electricity,conditional_scenario_not_forecast,2026-03-20,ngfs-phase5-world-electricity-demand-2020-2100.json
DS-NGFS-PHASE5.1,SRC-NGFS-PHASE5.1,scenario,GCAM 6.0 NGFS,Current Policies,NGFS Phase 5.1,World,World,world,2080,generation_minus_final_consumption,total,accounting_gap,secondary_generation_minus_final_consumption; includes_model_specific_grid_loss_own_use_and_accounting_effects; not_technical_transmission_loss,13096.749484499,TWh,derived_point,13096.749484499,TWh_derived,Secondary Energy|Electricity - Final Energy|Electricity,derived_from_conditional_scenario,2026-03-20,ngfs-phase5-world-electricity-2020-2100.json + ngfs-phase5-world-electricity-demand-2020-2100.json
DS-NGFS-PHASE5.1,SRC-NGFS-PHASE5.1,scenario,GCAM 6.0 NGFS,Current Policies,NGFS Phase 5.1,World,World,world,2085,electricity_generation,total,all_sources,secondary_energy_electricity_generation,100722.321253284,TWh,point,362.600356512,EJ/yr,Secondary Energy|Electricity,conditional_scenario_not_forecast,2026-03-20,ngfs-phase5-world-electricity-2020-2100.json
DS-NGFS-PHASE5.1,SRC-NGFS-PHASE5.1,scenario,GCAM 6.0 NGFS,Current Policies,NGFS Phase 5.1,World,World,world,2085,final_electricity_consumption,total,all_end_uses,final_energy_electricity_consumption,87069.298892457,TWh,point,313.449476013,EJ_per_year,Final Energy|Electricity,conditional_scenario_not_forecast,2026-03-20,ngfs-phase5-world-electricity-demand-2020-2100.json
DS-NGFS-PHASE5.1,SRC-NGFS-PHASE5.1,scenario,GCAM 6.0 NGFS,Current Policies,NGFS Phase 5.1,World,World,world,2085,generation_minus_final_consumption,total,accounting_gap,secondary_generation_minus_final_consumption; includes_model_specific_grid_loss_own_use_and_accounting_effects; not_technical_transmission_loss,13653.022360827,TWh,derived_point,13653.022360827,TWh_derived,Secondary Energy|Electricity - Final Energy|Electricity,derived_from_conditional_scenario,2026-03-20,ngfs-phase5-world-electricity-2020-2100.json + ngfs-phase5-world-electricity-demand-2020-2100.json
DS-NGFS-PHASE5.1,SRC-NGFS-PHASE5.1,scenario,GCAM 6.0 NGFS,Current Policies,NGFS Phase 5.1,World,World,world,2090,electricity_generation,total,all_sources,secondary_energy_electricity_generation,105013.674263559,TWh,point,378.049227349,EJ/yr,Secondary Energy|Electricity,conditional_scenario_not_forecast,2026-03-20,ngfs-phase5-world-electricity-2020-2100.json
DS-NGFS-PHASE5.1,SRC-NGFS-PHASE5.1,scenario,GCAM 6.0 NGFS,Current Policies,NGFS Phase 5.1,World,World,world,2090,final_electricity_consumption,total,all_end_uses,final_energy_electricity_consumption,90853.912655721,TWh,point,327.074085561,EJ_per_year,Final Energy|Electricity,conditional_scenario_not_forecast,2026-03-20,ngfs-phase5-world-electricity-demand-2020-2100.json
DS-NGFS-PHASE5.1,SRC-NGFS-PHASE5.1,scenario,GCAM 6.0 NGFS,Current Policies,NGFS Phase 5.1,World,World,world,2090,generation_minus_final_consumption,total,accounting_gap,secondary_generation_minus_final_consumption; includes_model_specific_grid_loss_own_use_and_accounting_effects; not_technical_transmission_loss,14159.761607838,TWh,derived_point,14159.761607838,TWh_derived,Secondary Energy|Electricity - Final Energy|Electricity,derived_from_conditional_scenario,2026-03-20,ngfs-phase5-world-electricity-2020-2100.json + ngfs-phase5-world-electricity-demand-2020-2100.json
DS-NGFS-PHASE5.1,SRC-NGFS-PHASE5.1,scenario,GCAM 6.0 NGFS,Current Policies,NGFS Phase 5.1,World,World,world,2095,electricity_generation,total,all_sources,secondary_energy_electricity_generation,108924.134710682,TWh,point,392.126884958,EJ/yr,Secondary Energy|Electricity,conditional_scenario_not_forecast,2026-03-20,ngfs-phase5-world-electricity-2020-2100.json
DS-NGFS-PHASE5.1,SRC-NGFS-PHASE5.1,scenario,GCAM 6.0 NGFS,Current Policies,NGFS Phase 5.1,World,World,world,2095,final_electricity_consumption,total,all_end_uses,final_energy_electricity_consumption,94286.914606172,TWh,point,339.432892582,EJ_per_year,Final Energy|Electricity,conditional_scenario_not_forecast,2026-03-20,ngfs-phase5-world-electricity-demand-2020-2100.json
DS-NGFS-PHASE5.1,SRC-NGFS-PHASE5.1,scenario,GCAM 6.0 NGFS,Current Policies,NGFS Phase 5.1,World,World,world,2095,generation_minus_final_consumption,total,accounting_gap,secondary_generation_minus_final_consumption; includes_model_specific_grid_loss_own_use_and_accounting_effects; not_technical_transmission_loss,14637.22010451,TWh,derived_point,14637.22010451,TWh_derived,Secondary Energy|Electricity - Final Energy|Electricity,derived_from_conditional_scenario,2026-03-20,ngfs-phase5-world-electricity-2020-2100.json + ngfs-phase5-world-electricity-demand-2020-2100.json
DS-NGFS-PHASE5.1,SRC-NGFS-PHASE5.1,scenario,GCAM 6.0 NGFS,Current Policies,NGFS Phase 5.1,World,World,world,2100,electricity_generation,total,all_sources,secondary_energy_electricity_generation,113266.269176516,TWh,point,407.758569035,EJ/yr,Secondary Energy|Electricity,conditional_scenario_not_forecast,2026-03-20,ngfs-phase5-world-electricity-2020-2100.json
DS-NGFS-PHASE5.1,SRC-NGFS-PHASE5.1,scenario,GCAM 6.0 NGFS,Current Policies,NGFS Phase 5.1,World,World,world,2100,final_electricity_consumption,total,all_end_uses,final_energy_electricity_consumption,97971.199597445,TWh,point,352.696318551,EJ_per_year,Final Energy|Electricity,conditional_scenario_not_forecast,2026-03-20,ngfs-phase5-world-electricity-demand-2020-2100.json
DS-NGFS-PHASE5.1,SRC-NGFS-PHASE5.1,scenario,GCAM 6.0 NGFS,Current Policies,NGFS Phase 5.1,World,World,world,2100,generation_minus_final_consumption,total,accounting_gap,secondary_generation_minus_final_consumption; includes_model_specific_grid_loss_own_use_and_accounting_effects; not_technical_transmission_loss,15295.069579071,TWh,derived_point,15295.069579071,TWh_derived,Secondary Energy|Electricity - Final Energy|Electricity,derived_from_conditional_scenario,2026-03-20,ngfs-phase5-world-electricity-2020-2100.json + ngfs-phase5-world-electricity-demand-2020-2100.json
DS-NGFS-PHASE5.1,SRC-NGFS-PHASE5.1,scenario,GCAM 6.0 NGFS,Delayed transition,NGFS Phase 5.1,World,World,world,2020,electricity_generation,total,all_sources,secondary_energy_electricity_generation,27593.407705282,TWh,point,99.336267739,EJ/yr,Secondary Energy|Electricity,conditional_scenario_not_forecast,2026-03-20,ngfs-phase5-world-electricity-2020-2100.json
DS-NGFS-PHASE5.1,SRC-NGFS-PHASE5.1,scenario,GCAM 6.0 NGFS,Delayed transition,NGFS Phase 5.1,World,World,world,2020,final_electricity_consumption,total,all_end_uses,final_energy_electricity_consumption,24152.443204001,TWh,point,86.948795534,EJ_per_year,Final Energy|Electricity,conditional_scenario_not_forecast,2026-03-20,ngfs-phase5-world-electricity-demand-2020-2100.json
DS-NGFS-PHASE5.1,SRC-NGFS-PHASE5.1,scenario,GCAM 6.0 NGFS,Delayed transition,NGFS Phase 5.1,World,World,world,2020,generation_minus_final_consumption,total,accounting_gap,secondary_generation_minus_final_consumption; includes_model_specific_grid_loss_own_use_and_accounting_effects; not_technical_transmission_loss,3440.964501281,TWh,derived_point,3440.964501281,TWh_derived,Secondary Energy|Electricity - Final Energy|Electricity,derived_from_conditional_scenario,2026-03-20,ngfs-phase5-world-electricity-2020-2100.json + ngfs-phase5-world-electricity-demand-2020-2100.json
DS-NGFS-PHASE5.1,SRC-NGFS-PHASE5.1,scenario,GCAM 6.0 NGFS,Delayed transition,NGFS Phase 5.1,World,World,world,2025,electricity_generation,total,all_sources,secondary_energy_electricity_generation,33710.045505963,TWh,point,121.356163821,EJ/yr,Secondary Energy|Electricity,conditional_scenario_not_forecast,2026-03-20,ngfs-phase5-world-electricity-2020-2100.json
DS-NGFS-PHASE5.1,SRC-NGFS-PHASE5.1,scenario,GCAM 6.0 NGFS,Delayed transition,NGFS Phase 5.1,World,World,world,2025,final_electricity_consumption,total,all_end_uses,final_energy_electricity_consumption,29249.231114043,TWh,point,105.297232011,EJ_per_year,Final Energy|Electricity,conditional_scenario_not_forecast,2026-03-20,ngfs-phase5-world-electricity-demand-2020-2100.json
DS-NGFS-PHASE5.1,SRC-NGFS-PHASE5.1,scenario,GCAM 6.0 NGFS,Delayed transition,NGFS Phase 5.1,World,World,world,2025,generation_minus_final_consumption,total,accounting_gap,secondary_generation_minus_final_consumption; includes_model_specific_grid_loss_own_use_and_accounting_effects; not_technical_transmission_loss,4460.81439192,TWh,derived_point,4460.81439192,TWh_derived,Secondary Energy|Electricity - Final Energy|Electricity,derived_from_conditional_scenario,2026-03-20,ngfs-phase5-world-electricity-2020-2100.json + ngfs-phase5-world-electricity-demand-2020-2100.json
DS-NGFS-PHASE5.1,SRC-NGFS-PHASE5.1,scenario,GCAM 6.0 NGFS,Delayed transition,NGFS Phase 5.1,World,World,world,2030,electricity_generation,total,all_sources,secondary_energy_electricity_generation,40075.131525346,TWh,point,144.270473491,EJ/yr,Secondary Energy|Electricity,conditional_scenario_not_forecast,2026-03-20,ngfs-phase5-world-electricity-2020-2100.json
DS-NGFS-PHASE5.1,SRC-NGFS-PHASE5.1,scenario,GCAM 6.0 NGFS,Delayed transition,NGFS Phase 5.1,World,World,world,2030,final_electricity_consumption,total,all_end_uses,final_energy_electricity_consumption,34578.299706203,TWh,point,124.481878942,EJ_per_year,Final Energy|Electricity,conditional_scenario_not_forecast,2026-03-20,ngfs-phase5-world-electricity-demand-2020-2100.json
DS-NGFS-PHASE5.1,SRC-NGFS-PHASE5.1,scenario,GCAM 6.0 NGFS,Delayed transition,NGFS Phase 5.1,World,World,world,2030,generation_minus_final_consumption,total,accounting_gap,secondary_generation_minus_final_consumption; includes_model_specific_grid_loss_own_use_and_accounting_effects; not_technical_transmission_loss,5496.831819143,TWh,derived_point,5496.831819143,TWh_derived,Secondary Energy|Electricity - Final Energy|Electricity,derived_from_conditional_scenario,2026-03-20,ngfs-phase5-world-electricity-2020-2100.json + ngfs-phase5-world-electricity-demand-2020-2100.json
DS-NGFS-PHASE5.1,SRC-NGFS-PHASE5.1,scenario,GCAM 6.0 NGFS,Delayed transition,NGFS Phase 5.1,World,World,world,2035,electricity_generation,total,all_sources,secondary_energy_electricity_generation,46934.777608024,TWh,point,168.965199389,EJ/yr,Secondary Energy|Electricity,conditional_scenario_not_forecast,2026-03-20,ngfs-phase5-world-electricity-2020-2100.json
DS-NGFS-PHASE5.1,SRC-NGFS-PHASE5.1,scenario,GCAM 6.0 NGFS,Delayed transition,NGFS Phase 5.1,World,World,world,2035,final_electricity_consumption,total,all_end_uses,final_energy_electricity_consumption,40275.464704698,TWh,point,144.991672937,EJ_per_year,Final Energy|Electricity,conditional_scenario_not_forecast,2026-03-20,ngfs-phase5-world-electricity-demand-2020-2100.json
DS-NGFS-PHASE5.1,SRC-NGFS-PHASE5.1,scenario,GCAM 6.0 NGFS,Delayed transition,NGFS Phase 5.1,World,World,world,2035,generation_minus_final_consumption,total,accounting_gap,secondary_generation_minus_final_consumption; includes_model_specific_grid_loss_own_use_and_accounting_effects; not_technical_transmission_loss,6659.312903326,TWh,derived_point,6659.312903326,TWh_derived,Secondary Energy|Electricity - Final Energy|Electricity,derived_from_conditional_scenario,2026-03-20,ngfs-phase5-world-electricity-2020-2100.json + ngfs-phase5-world-electricity-demand-2020-2100.json
DS-NGFS-PHASE5.1,SRC-NGFS-PHASE5.1,scenario,GCAM 6.0 NGFS,Delayed transition,NGFS Phase 5.1,World,World,world,2040,electricity_generation,total,all_sources,secondary_energy_electricity_generation,55675.683695602,TWh,point,200.432461304,EJ/yr,Secondary Energy|Electricity,conditional_scenario_not_forecast,2026-03-20,ngfs-phase5-world-electricity-2020-2100.json
DS-NGFS-PHASE5.1,SRC-NGFS-PHASE5.1,scenario,GCAM 6.0 NGFS,Delayed transition,NGFS Phase 5.1,World,World,world,2040,final_electricity_consumption,total,all_end_uses,final_energy_electricity_consumption,47637.49136386,TWh,point,171.49496891,EJ_per_year,Final Energy|Electricity,conditional_scenario_not_forecast,2026-03-20,ngfs-phase5-world-electricity-demand-2020-2100.json
DS-NGFS-PHASE5.1,SRC-NGFS-PHASE5.1,scenario,GCAM 6.0 NGFS,Delayed transition,NGFS Phase 5.1,World,World,world,2040,generation_minus_final_consumption,total,accounting_gap,secondary_generation_minus_final_consumption; includes_model_specific_grid_loss_own_use_and_accounting_effects; not_technical_transmission_loss,8038.192331742,TWh,derived_point,8038.192331742,TWh_derived,Secondary Energy|Electricity - Final Energy|Electricity,derived_from_conditional_scenario,2026-03-20,ngfs-phase5-world-electricity-2020-2100.json + ngfs-phase5-world-electricity-demand-2020-2100.json
DS-NGFS-PHASE5.1,SRC-NGFS-PHASE5.1,scenario,GCAM 6.0 NGFS,Delayed transition,NGFS Phase 5.1,World,World,world,2045,electricity_generation,total,all_sources,secondary_energy_electricity_generation,66315.210041051,TWh,point,238.734756148,EJ/yr,Secondary Energy|Electricity,conditional_scenario_not_forecast,2026-03-20,ngfs-phase5-world-electricity-2020-2100.json
DS-NGFS-PHASE5.1,SRC-NGFS-PHASE5.1,scenario,GCAM 6.0 NGFS,Delayed transition,NGFS Phase 5.1,World,World,world,2045,final_electricity_consumption,total,all_end_uses,final_energy_electricity_consumption,56575.090820045,TWh,point,203.670326952,EJ_per_year,Final Energy|Electricity,conditional_scenario_not_forecast,2026-03-20,ngfs-phase5-world-electricity-demand-2020-2100.json
DS-NGFS-PHASE5.1,SRC-NGFS-PHASE5.1,scenario,GCAM 6.0 NGFS,Delayed transition,NGFS Phase 5.1,World,World,world,2045,generation_minus_final_consumption,total,accounting_gap,secondary_generation_minus_final_consumption; includes_model_specific_grid_loss_own_use_and_accounting_effects; not_technical_transmission_loss,9740.119221006,TWh,derived_point,9740.119221006,TWh_derived,Secondary Energy|Electricity - Final Energy|Electricity,derived_from_conditional_scenario,2026-03-20,ngfs-phase5-world-electricity-2020-2100.json + ngfs-phase5-world-electricity-demand-2020-2100.json
DS-NGFS-PHASE5.1,SRC-NGFS-PHASE5.1,scenario,GCAM 6.0 NGFS,Delayed transition,NGFS Phase 5.1,World,World,world,2050,electricity_generation,total,all_sources,secondary_energy_electricity_generation,81978.60847815,TWh,point,295.122990521,EJ/yr,Secondary Energy|Electricity,conditional_scenario_not_forecast,2026-03-20,ngfs-phase5-world-electricity-2020-2100.json
DS-NGFS-PHASE5.1,SRC-NGFS-PHASE5.1,scenario,GCAM 6.0 NGFS,Delayed transition,NGFS Phase 5.1,World,World,world,2050,final_electricity_consumption,total,all_end_uses,final_energy_electricity_consumption,69255.365581342,TWh,point,249.319316093,EJ_per_year,Final Energy|Electricity,conditional_scenario_not_forecast,2026-03-20,ngfs-phase5-world-electricity-demand-2020-2100.json
DS-NGFS-PHASE5.1,SRC-NGFS-PHASE5.1,scenario,GCAM 6.0 NGFS,Delayed transition,NGFS Phase 5.1,World,World,world,2050,generation_minus_final_consumption,total,accounting_gap,secondary_generation_minus_final_consumption; includes_model_specific_grid_loss_own_use_and_accounting_effects; not_technical_transmission_loss,12723.242896808,TWh,derived_point,12723.242896808,TWh_derived,Secondary Energy|Electricity - Final Energy|Electricity,derived_from_conditional_scenario,2026-03-20,ngfs-phase5-world-electricity-2020-2100.json + ngfs-phase5-world-electricity-demand-2020-2100.json
DS-NGFS-PHASE5.1,SRC-NGFS-PHASE5.1,scenario,GCAM 6.0 NGFS,Delayed transition,NGFS Phase 5.1,World,World,world,2055,electricity_generation,total,all_sources,secondary_energy_electricity_generation,96516.835362596,TWh,point,347.460607305,EJ/yr,Secondary Energy|Electricity,conditional_scenario_not_forecast,2026-03-20,ngfs-phase5-world-electricity-2020-2100.json
DS-NGFS-PHASE5.1,SRC-NGFS-PHASE5.1,scenario,GCAM 6.0 NGFS,Delayed transition,NGFS Phase 5.1,World,World,world,2055,final_electricity_consumption,total,all_end_uses,final_energy_electricity_consumption,81275.771156752,TWh,point,292.592776164,EJ_per_year,Final Energy|Electricity,conditional_scenario_not_forecast,2026-03-20,ngfs-phase5-world-electricity-demand-2020-2100.json
DS-NGFS-PHASE5.1,SRC-NGFS-PHASE5.1,scenario,GCAM 6.0 NGFS,Delayed transition,NGFS Phase 5.1,World,World,world,2055,generation_minus_final_consumption,total,accounting_gap,secondary_generation_minus_final_consumption; includes_model_specific_grid_loss_own_use_and_accounting_effects; not_technical_transmission_loss,15241.064205844,TWh,derived_point,15241.064205844,TWh_derived,Secondary Energy|Electricity - Final Energy|Electricity,derived_from_conditional_scenario,2026-03-20,ngfs-phase5-world-electricity-2020-2100.json + ngfs-phase5-world-electricity-demand-2020-2100.json
DS-NGFS-PHASE5.1,SRC-NGFS-PHASE5.1,scenario,GCAM 6.0 NGFS,Delayed transition,NGFS Phase 5.1,World,World,world,2060,electricity_generation,total,all_sources,secondary_energy_electricity_generation,112554.853590852,TWh,point,405.197472927,EJ/yr,Secondary Energy|Electricity,conditional_scenario_not_forecast,2026-03-20,ngfs-phase5-world-electricity-2020-2100.json
DS-NGFS-PHASE5.1,SRC-NGFS-PHASE5.1,scenario,GCAM 6.0 NGFS,Delayed transition,NGFS Phase 5.1,World,World,world,2060,final_electricity_consumption,total,all_end_uses,final_energy_electricity_consumption,93955.864011597,TWh,point,338.241110442,EJ_per_year,Final Energy|Electricity,conditional_scenario_not_forecast,2026-03-20,ngfs-phase5-world-electricity-demand-2020-2100.json
DS-NGFS-PHASE5.1,SRC-NGFS-PHASE5.1,scenario,GCAM 6.0 NGFS,Delayed transition,NGFS Phase 5.1,World,World,world,2060,generation_minus_final_consumption,total,accounting_gap,secondary_generation_minus_final_consumption; includes_model_specific_grid_loss_own_use_and_accounting_effects; not_technical_transmission_loss,18598.989579255,TWh,derived_point,18598.989579255,TWh_derived,Secondary Energy|Electricity - Final Energy|Electricity,derived_from_conditional_scenario,2026-03-20,ngfs-phase5-world-electricity-2020-2100.json + ngfs-phase5-world-electricity-demand-2020-2100.json
DS-NGFS-PHASE5.1,SRC-NGFS-PHASE5.1,scenario,GCAM 6.0 NGFS,Delayed transition,NGFS Phase 5.1,World,World,world,2065,electricity_generation,total,all_sources,secondary_energy_electricity_generation,125440.322924709,TWh,point,451.585162529,EJ/yr,Secondary Energy|Electricity,conditional_scenario_not_forecast,2026-03-20,ngfs-phase5-world-electricity-2020-2100.json
DS-NGFS-PHASE5.1,SRC-NGFS-PHASE5.1,scenario,GCAM 6.0 NGFS,Delayed transition,NGFS Phase 5.1,World,World,world,2065,final_electricity_consumption,total,all_end_uses,final_energy_electricity_consumption,104370.521587657,TWh,point,375.733877716,EJ_per_year,Final Energy|Electricity,conditional_scenario_not_forecast,2026-03-20,ngfs-phase5-world-electricity-demand-2020-2100.json
DS-NGFS-PHASE5.1,SRC-NGFS-PHASE5.1,scenario,GCAM 6.0 NGFS,Delayed transition,NGFS Phase 5.1,World,World,world,2065,generation_minus_final_consumption,total,accounting_gap,secondary_generation_minus_final_consumption; includes_model_specific_grid_loss_own_use_and_accounting_effects; not_technical_transmission_loss,21069.801337052,TWh,derived_point,21069.801337052,TWh_derived,Secondary Energy|Electricity - Final Energy|Electricity,derived_from_conditional_scenario,2026-03-20,ngfs-phase5-world-electricity-2020-2100.json + ngfs-phase5-world-electricity-demand-2020-2100.json
DS-NGFS-PHASE5.1,SRC-NGFS-PHASE5.1,scenario,GCAM 6.0 NGFS,Delayed transition,NGFS Phase 5.1,World,World,world,2070,electricity_generation,total,all_sources,secondary_energy_electricity_generation,137275.90344909,TWh,point,494.193252417,EJ/yr,Secondary Energy|Electricity,conditional_scenario_not_forecast,2026-03-20,ngfs-phase5-world-electricity-2020-2100.json
DS-NGFS-PHASE5.1,SRC-NGFS-PHASE5.1,scenario,GCAM 6.0 NGFS,Delayed transition,NGFS Phase 5.1,World,World,world,2070,final_electricity_consumption,total,all_end_uses,final_energy_electricity_consumption,113702.350500259,TWh,point,409.328461801,EJ_per_year,Final Energy|Electricity,conditional_scenario_not_forecast,2026-03-20,ngfs-phase5-world-electricity-demand-2020-2100.json
DS-NGFS-PHASE5.1,SRC-NGFS-PHASE5.1,scenario,GCAM 6.0 NGFS,Delayed transition,NGFS Phase 5.1,World,World,world,2070,generation_minus_final_consumption,total,accounting_gap,secondary_generation_minus_final_consumption; includes_model_specific_grid_loss_own_use_and_accounting_effects; not_technical_transmission_loss,23573.552948831,TWh,derived_point,23573.552948831,TWh_derived,Secondary Energy|Electricity - Final Energy|Electricity,derived_from_conditional_scenario,2026-03-20,ngfs-phase5-world-electricity-2020-2100.json + ngfs-phase5-world-electricity-demand-2020-2100.json
DS-NGFS-PHASE5.1,SRC-NGFS-PHASE5.1,scenario,GCAM 6.0 NGFS,Delayed transition,NGFS Phase 5.1,World,World,world,2075,electricity_generation,total,all_sources,secondary_energy_electricity_generation,146885.999127874,TWh,point,528.78959686,EJ/yr,Secondary Energy|Electricity,conditional_scenario_not_forecast,2026-03-20,ngfs-phase5-world-electricity-2020-2100.json
DS-NGFS-PHASE5.1,SRC-NGFS-PHASE5.1,scenario,GCAM 6.0 NGFS,Delayed transition,NGFS Phase 5.1,World,World,world,2075,final_electricity_consumption,total,all_end_uses,final_energy_electricity_consumption,121351.850406127,TWh,point,436.866661462,EJ_per_year,Final Energy|Electricity,conditional_scenario_not_forecast,2026-03-20,ngfs-phase5-world-electricity-demand-2020-2100.json
DS-NGFS-PHASE5.1,SRC-NGFS-PHASE5.1,scenario,GCAM 6.0 NGFS,Delayed transition,NGFS Phase 5.1,World,World,world,2075,generation_minus_final_consumption,total,accounting_gap,secondary_generation_minus_final_consumption; includes_model_specific_grid_loss_own_use_and_accounting_effects; not_technical_transmission_loss,25534.148721747,TWh,derived_point,25534.148721747,TWh_derived,Secondary Energy|Electricity - Final Energy|Electricity,derived_from_conditional_scenario,2026-03-20,ngfs-phase5-world-electricity-2020-2100.json + ngfs-phase5-world-electricity-demand-2020-2100.json
DS-NGFS-PHASE5.1,SRC-NGFS-PHASE5.1,scenario,GCAM 6.0 NGFS,Delayed transition,NGFS Phase 5.1,World,World,world,2080,electricity_generation,total,all_sources,secondary_energy_electricity_generation,154802.669242416,TWh,point,557.289609273,EJ/yr,Secondary Energy|Electricity,conditional_scenario_not_forecast,2026-03-20,ngfs-phase5-world-electricity-2020-2100.json
DS-NGFS-PHASE5.1,SRC-NGFS-PHASE5.1,scenario,GCAM 6.0 NGFS,Delayed transition,NGFS Phase 5.1,World,World,world,2080,final_electricity_consumption,total,all_end_uses,final_energy_electricity_consumption,127621.599060199,TWh,point,459.437756617,EJ_per_year,Final Energy|Electricity,conditional_scenario_not_forecast,2026-03-20,ngfs-phase5-world-electricity-demand-2020-2100.json
DS-NGFS-PHASE5.1,SRC-NGFS-PHASE5.1,scenario,GCAM 6.0 NGFS,Delayed transition,NGFS Phase 5.1,World,World,world,2080,generation_minus_final_consumption,total,accounting_gap,secondary_generation_minus_final_consumption; includes_model_specific_grid_loss_own_use_and_accounting_effects; not_technical_transmission_loss,27181.070182217,TWh,derived_point,27181.070182217,TWh_derived,Secondary Energy|Electricity - Final Energy|Electricity,derived_from_conditional_scenario,2026-03-20,ngfs-phase5-world-electricity-2020-2100.json + ngfs-phase5-world-electricity-demand-2020-2100.json
DS-NGFS-PHASE5.1,SRC-NGFS-PHASE5.1,scenario,GCAM 6.0 NGFS,Delayed transition,NGFS Phase 5.1,World,World,world,2085,electricity_generation,total,all_sources,secondary_energy_electricity_generation,159784.676202765,TWh,point,575.22483433,EJ/yr,Secondary Energy|Electricity,conditional_scenario_not_forecast,2026-03-20,ngfs-phase5-world-electricity-2020-2100.json
DS-NGFS-PHASE5.1,SRC-NGFS-PHASE5.1,scenario,GCAM 6.0 NGFS,Delayed transition,NGFS Phase 5.1,World,World,world,2085,final_electricity_consumption,total,all_end_uses,final_energy_electricity_consumption,132086.312186051,TWh,point,475.51072387,EJ_per_year,Final Energy|Electricity,conditional_scenario_not_forecast,2026-03-20,ngfs-phase5-world-electricity-demand-2020-2100.json
DS-NGFS-PHASE5.1,SRC-NGFS-PHASE5.1,scenario,GCAM 6.0 NGFS,Delayed transition,NGFS Phase 5.1,World,World,world,2085,generation_minus_final_consumption,total,accounting_gap,secondary_generation_minus_final_consumption; includes_model_specific_grid_loss_own_use_and_accounting_effects; not_technical_transmission_loss,27698.364016714,TWh,derived_point,27698.364016714,TWh_derived,Secondary Energy|Electricity - Final Energy|Electricity,derived_from_conditional_scenario,2026-03-20,ngfs-phase5-world-electricity-2020-2100.json + ngfs-phase5-world-electricity-demand-2020-2100.json
DS-NGFS-PHASE5.1,SRC-NGFS-PHASE5.1,scenario,GCAM 6.0 NGFS,Delayed transition,NGFS Phase 5.1,World,World,world,2090,electricity_generation,total,all_sources,secondary_energy_electricity_generation,163798.913744598,TWh,point,589.676089481,EJ/yr,Secondary Energy|Electricity,conditional_scenario_not_forecast,2026-03-20,ngfs-phase5-world-electricity-2020-2100.json
DS-NGFS-PHASE5.1,SRC-NGFS-PHASE5.1,scenario,GCAM 6.0 NGFS,Delayed transition,NGFS Phase 5.1,World,World,world,2090,final_electricity_consumption,total,all_end_uses,final_energy_electricity_consumption,135759.06425737,TWh,point,488.732631327,EJ_per_year,Final Energy|Electricity,conditional_scenario_not_forecast,2026-03-20,ngfs-phase5-world-electricity-demand-2020-2100.json
DS-NGFS-PHASE5.1,SRC-NGFS-PHASE5.1,scenario,GCAM 6.0 NGFS,Delayed transition,NGFS Phase 5.1,World,World,world,2090,generation_minus_final_consumption,total,accounting_gap,secondary_generation_minus_final_consumption; includes_model_specific_grid_loss_own_use_and_accounting_effects; not_technical_transmission_loss,28039.849487228,TWh,derived_point,28039.849487228,TWh_derived,Secondary Energy|Electricity - Final Energy|Electricity,derived_from_conditional_scenario,2026-03-20,ngfs-phase5-world-electricity-2020-2100.json + ngfs-phase5-world-electricity-demand-2020-2100.json
DS-NGFS-PHASE5.1,SRC-NGFS-PHASE5.1,scenario,GCAM 6.0 NGFS,Delayed transition,NGFS Phase 5.1,World,World,world,2095,electricity_generation,total,all_sources,secondary_energy_electricity_generation,167010.272599059,TWh,point,601.236981357,EJ/yr,Secondary Energy|Electricity,conditional_scenario_not_forecast,2026-03-20,ngfs-phase5-world-electricity-2020-2100.json
DS-NGFS-PHASE5.1,SRC-NGFS-PHASE5.1,scenario,GCAM 6.0 NGFS,Delayed transition,NGFS Phase 5.1,World,World,world,2095,final_electricity_consumption,total,all_end_uses,final_energy_electricity_consumption,138752.54968694,TWh,point,499.509178873,EJ_per_year,Final Energy|Electricity,conditional_scenario_not_forecast,2026-03-20,ngfs-phase5-world-electricity-demand-2020-2100.json
DS-NGFS-PHASE5.1,SRC-NGFS-PHASE5.1,scenario,GCAM 6.0 NGFS,Delayed transition,NGFS Phase 5.1,World,World,world,2095,generation_minus_final_consumption,total,accounting_gap,secondary_generation_minus_final_consumption; includes_model_specific_grid_loss_own_use_and_accounting_effects; not_technical_transmission_loss,28257.722912119,TWh,derived_point,28257.722912119,TWh_derived,Secondary Energy|Electricity - Final Energy|Electricity,derived_from_conditional_scenario,2026-03-20,ngfs-phase5-world-electricity-2020-2100.json + ngfs-phase5-world-electricity-demand-2020-2100.json
DS-NGFS-PHASE5.1,SRC-NGFS-PHASE5.1,scenario,GCAM 6.0 NGFS,Delayed transition,NGFS Phase 5.1,World,World,world,2100,electricity_generation,total,all_sources,secondary_energy_electricity_generation,169846.856493439,TWh,point,611.448683376,EJ/yr,Secondary Energy|Electricity,conditional_scenario_not_forecast,2026-03-20,ngfs-phase5-world-electricity-2020-2100.json
DS-NGFS-PHASE5.1,SRC-NGFS-PHASE5.1,scenario,GCAM 6.0 NGFS,Delayed transition,NGFS Phase 5.1,World,World,world,2100,final_electricity_consumption,total,all_end_uses,final_energy_electricity_consumption,141464.230133205,TWh,point,509.27122848,EJ_per_year,Final Energy|Electricity,conditional_scenario_not_forecast,2026-03-20,ngfs-phase5-world-electricity-demand-2020-2100.json
DS-NGFS-PHASE5.1,SRC-NGFS-PHASE5.1,scenario,GCAM 6.0 NGFS,Delayed transition,NGFS Phase 5.1,World,World,world,2100,generation_minus_final_consumption,total,accounting_gap,secondary_generation_minus_final_consumption; includes_model_specific_grid_loss_own_use_and_accounting_effects; not_technical_transmission_loss,28382.626360234,TWh,derived_point,28382.626360234,TWh_derived,Secondary Energy|Electricity - Final Energy|Electricity,derived_from_conditional_scenario,2026-03-20,ngfs-phase5-world-electricity-2020-2100.json + ngfs-phase5-world-electricity-demand-2020-2100.json
DS-NGFS-PHASE5.1,SRC-NGFS-PHASE5.1,scenario,GCAM 6.0 NGFS,Fragmented World,NGFS Phase 5.1,World,World,world,2020,electricity_generation,total,all_sources,secondary_energy_electricity_generation,27592.9590412,TWh,point,99.334652548,EJ/yr,Secondary Energy|Electricity,conditional_scenario_not_forecast,2026-03-20,ngfs-phase5-world-electricity-2020-2100.json
DS-NGFS-PHASE5.1,SRC-NGFS-PHASE5.1,scenario,GCAM 6.0 NGFS,Fragmented World,NGFS Phase 5.1,World,World,world,2020,final_electricity_consumption,total,all_end_uses,final_energy_electricity_consumption,24153.066101114,TWh,point,86.951037964,EJ_per_year,Final Energy|Electricity,conditional_scenario_not_forecast,2026-03-20,ngfs-phase5-world-electricity-demand-2020-2100.json
DS-NGFS-PHASE5.1,SRC-NGFS-PHASE5.1,scenario,GCAM 6.0 NGFS,Fragmented World,NGFS Phase 5.1,World,World,world,2020,generation_minus_final_consumption,total,accounting_gap,secondary_generation_minus_final_consumption; includes_model_specific_grid_loss_own_use_and_accounting_effects; not_technical_transmission_loss,3439.892940086,TWh,derived_point,3439.892940086,TWh_derived,Secondary Energy|Electricity - Final Energy|Electricity,derived_from_conditional_scenario,2026-03-20,ngfs-phase5-world-electricity-2020-2100.json + ngfs-phase5-world-electricity-demand-2020-2100.json
DS-NGFS-PHASE5.1,SRC-NGFS-PHASE5.1,scenario,GCAM 6.0 NGFS,Fragmented World,NGFS Phase 5.1,World,World,world,2025,electricity_generation,total,all_sources,secondary_energy_electricity_generation,33704.710919863,TWh,point,121.336959312,EJ/yr,Secondary Energy|Electricity,conditional_scenario_not_forecast,2026-03-20,ngfs-phase5-world-electricity-2020-2100.json
DS-NGFS-PHASE5.1,SRC-NGFS-PHASE5.1,scenario,GCAM 6.0 NGFS,Fragmented World,NGFS Phase 5.1,World,World,world,2025,final_electricity_consumption,total,all_end_uses,final_energy_electricity_consumption,29245.81718367,TWh,point,105.284941861,EJ_per_year,Final Energy|Electricity,conditional_scenario_not_forecast,2026-03-20,ngfs-phase5-world-electricity-demand-2020-2100.json
DS-NGFS-PHASE5.1,SRC-NGFS-PHASE5.1,scenario,GCAM 6.0 NGFS,Fragmented World,NGFS Phase 5.1,World,World,world,2025,generation_minus_final_consumption,total,accounting_gap,secondary_generation_minus_final_consumption; includes_model_specific_grid_loss_own_use_and_accounting_effects; not_technical_transmission_loss,4458.893736193,TWh,derived_point,4458.893736193,TWh_derived,Secondary Energy|Electricity - Final Energy|Electricity,derived_from_conditional_scenario,2026-03-20,ngfs-phase5-world-electricity-2020-2100.json + ngfs-phase5-world-electricity-demand-2020-2100.json
DS-NGFS-PHASE5.1,SRC-NGFS-PHASE5.1,scenario,GCAM 6.0 NGFS,Fragmented World,NGFS Phase 5.1,World,World,world,2030,electricity_generation,total,all_sources,secondary_energy_electricity_generation,40063.646693692,TWh,point,144.229128097,EJ/yr,Secondary Energy|Electricity,conditional_scenario_not_forecast,2026-03-20,ngfs-phase5-world-electricity-2020-2100.json
DS-NGFS-PHASE5.1,SRC-NGFS-PHASE5.1,scenario,GCAM 6.0 NGFS,Fragmented World,NGFS Phase 5.1,World,World,world,2030,final_electricity_consumption,total,all_end_uses,final_energy_electricity_consumption,34569.643651345,TWh,point,124.450717145,EJ_per_year,Final Energy|Electricity,conditional_scenario_not_forecast,2026-03-20,ngfs-phase5-world-electricity-demand-2020-2100.json
DS-NGFS-PHASE5.1,SRC-NGFS-PHASE5.1,scenario,GCAM 6.0 NGFS,Fragmented World,NGFS Phase 5.1,World,World,world,2030,generation_minus_final_consumption,total,accounting_gap,secondary_generation_minus_final_consumption; includes_model_specific_grid_loss_own_use_and_accounting_effects; not_technical_transmission_loss,5494.003042347,TWh,derived_point,5494.003042347,TWh_derived,Secondary Energy|Electricity - Final Energy|Electricity,derived_from_conditional_scenario,2026-03-20,ngfs-phase5-world-electricity-2020-2100.json + ngfs-phase5-world-electricity-demand-2020-2100.json
DS-NGFS-PHASE5.1,SRC-NGFS-PHASE5.1,scenario,GCAM 6.0 NGFS,Fragmented World,NGFS Phase 5.1,World,World,world,2035,electricity_generation,total,all_sources,secondary_energy_electricity_generation,46698.596324674,TWh,point,168.114946769,EJ/yr,Secondary Energy|Electricity,conditional_scenario_not_forecast,2026-03-20,ngfs-phase5-world-electricity-2020-2100.json
DS-NGFS-PHASE5.1,SRC-NGFS-PHASE5.1,scenario,GCAM 6.0 NGFS,Fragmented World,NGFS Phase 5.1,World,World,world,2035,final_electricity_consumption,total,all_end_uses,final_energy_electricity_consumption,40038.003205557,TWh,point,144.13681154,EJ_per_year,Final Energy|Electricity,conditional_scenario_not_forecast,2026-03-20,ngfs-phase5-world-electricity-demand-2020-2100.json
DS-NGFS-PHASE5.1,SRC-NGFS-PHASE5.1,scenario,GCAM 6.0 NGFS,Fragmented World,NGFS Phase 5.1,World,World,world,2035,generation_minus_final_consumption,total,accounting_gap,secondary_generation_minus_final_consumption; includes_model_specific_grid_loss_own_use_and_accounting_effects; not_technical_transmission_loss,6660.593119117,TWh,derived_point,6660.593119117,TWh_derived,Secondary Energy|Electricity - Final Energy|Electricity,derived_from_conditional_scenario,2026-03-20,ngfs-phase5-world-electricity-2020-2100.json + ngfs-phase5-world-electricity-demand-2020-2100.json
DS-NGFS-PHASE5.1,SRC-NGFS-PHASE5.1,scenario,GCAM 6.0 NGFS,Fragmented World,NGFS Phase 5.1,World,World,world,2040,electricity_generation,total,all_sources,secondary_energy_electricity_generation,53985.884872861,TWh,point,194.349185542,EJ/yr,Secondary Energy|Electricity,conditional_scenario_not_forecast,2026-03-20,ngfs-phase5-world-electricity-2020-2100.json
DS-NGFS-PHASE5.1,SRC-NGFS-PHASE5.1,scenario,GCAM 6.0 NGFS,Fragmented World,NGFS Phase 5.1,World,World,world,2040,final_electricity_consumption,total,all_end_uses,final_energy_electricity_consumption,46200.594621468,TWh,point,166.322140637,EJ_per_year,Final Energy|Electricity,conditional_scenario_not_forecast,2026-03-20,ngfs-phase5-world-electricity-demand-2020-2100.json
DS-NGFS-PHASE5.1,SRC-NGFS-PHASE5.1,scenario,GCAM 6.0 NGFS,Fragmented World,NGFS Phase 5.1,World,World,world,2040,generation_minus_final_consumption,total,accounting_gap,secondary_generation_minus_final_consumption; includes_model_specific_grid_loss_own_use_and_accounting_effects; not_technical_transmission_loss,7785.290251393,TWh,derived_point,7785.290251393,TWh_derived,Secondary Energy|Electricity - Final Energy|Electricity,derived_from_conditional_scenario,2026-03-20,ngfs-phase5-world-electricity-2020-2100.json + ngfs-phase5-world-electricity-demand-2020-2100.json
DS-NGFS-PHASE5.1,SRC-NGFS-PHASE5.1,scenario,GCAM 6.0 NGFS,Fragmented World,NGFS Phase 5.1,World,World,world,2045,electricity_generation,total,all_sources,secondary_energy_electricity_generation,61389.166881782,TWh,point,221.001000774,EJ/yr,Secondary Energy|Electricity,conditional_scenario_not_forecast,2026-03-20,ngfs-phase5-world-electricity-2020-2100.json
DS-NGFS-PHASE5.1,SRC-NGFS-PHASE5.1,scenario,GCAM 6.0 NGFS,Fragmented World,NGFS Phase 5.1,World,World,world,2045,final_electricity_consumption,total,all_end_uses,final_energy_electricity_consumption,52641.327443014,TWh,point,189.508778795,EJ_per_year,Final Energy|Electricity,conditional_scenario_not_forecast,2026-03-20,ngfs-phase5-world-electricity-demand-2020-2100.json
DS-NGFS-PHASE5.1,SRC-NGFS-PHASE5.1,scenario,GCAM 6.0 NGFS,Fragmented World,NGFS Phase 5.1,World,World,world,2045,generation_minus_final_consumption,total,accounting_gap,secondary_generation_minus_final_consumption; includes_model_specific_grid_loss_own_use_and_accounting_effects; not_technical_transmission_loss,8747.839438768,TWh,derived_point,8747.839438768,TWh_derived,Secondary Energy|Electricity - Final Energy|Electricity,derived_from_conditional_scenario,2026-03-20,ngfs-phase5-world-electricity-2020-2100.json + ngfs-phase5-world-electricity-demand-2020-2100.json
DS-NGFS-PHASE5.1,SRC-NGFS-PHASE5.1,scenario,GCAM 6.0 NGFS,Fragmented World,NGFS Phase 5.1,World,World,world,2050,electricity_generation,total,all_sources,secondary_energy_electricity_generation,69850.572467168,TWh,point,251.462060882,EJ/yr,Secondary Energy|Electricity,conditional_scenario_not_forecast,2026-03-20,ngfs-phase5-world-electricity-2020-2100.json
DS-NGFS-PHASE5.1,SRC-NGFS-PHASE5.1,scenario,GCAM 6.0 NGFS,Fragmented World,NGFS Phase 5.1,World,World,world,2050,final_electricity_consumption,total,all_end_uses,final_energy_electricity_consumption,59901.053515911,TWh,point,215.643792657,EJ_per_year,Final Energy|Electricity,conditional_scenario_not_forecast,2026-03-20,ngfs-phase5-world-electricity-demand-2020-2100.json
DS-NGFS-PHASE5.1,SRC-NGFS-PHASE5.1,scenario,GCAM 6.0 NGFS,Fragmented World,NGFS Phase 5.1,World,World,world,2050,generation_minus_final_consumption,total,accounting_gap,secondary_generation_minus_final_consumption; includes_model_specific_grid_loss_own_use_and_accounting_effects; not_technical_transmission_loss,9949.518951257,TWh,derived_point,9949.518951257,TWh_derived,Secondary Energy|Electricity - Final Energy|Electricity,derived_from_conditional_scenario,2026-03-20,ngfs-phase5-world-electricity-2020-2100.json + ngfs-phase5-world-electricity-demand-2020-2100.json
DS-NGFS-PHASE5.1,SRC-NGFS-PHASE5.1,scenario,GCAM 6.0 NGFS,Fragmented World,NGFS Phase 5.1,World,World,world,2055,electricity_generation,total,all_sources,secondary_energy_electricity_generation,78200.953567976,TWh,point,281.523432845,EJ/yr,Secondary Energy|Electricity,conditional_scenario_not_forecast,2026-03-20,ngfs-phase5-world-electricity-2020-2100.json
DS-NGFS-PHASE5.1,SRC-NGFS-PHASE5.1,scenario,GCAM 6.0 NGFS,Fragmented World,NGFS Phase 5.1,World,World,world,2055,final_electricity_consumption,total,all_end_uses,final_energy_electricity_consumption,67066.69548157,TWh,point,241.440103734,EJ_per_year,Final Energy|Electricity,conditional_scenario_not_forecast,2026-03-20,ngfs-phase5-world-electricity-demand-2020-2100.json
DS-NGFS-PHASE5.1,SRC-NGFS-PHASE5.1,scenario,GCAM 6.0 NGFS,Fragmented World,NGFS Phase 5.1,World,World,world,2055,generation_minus_final_consumption,total,accounting_gap,secondary_generation_minus_final_consumption; includes_model_specific_grid_loss_own_use_and_accounting_effects; not_technical_transmission_loss,11134.258086406,TWh,derived_point,11134.258086406,TWh_derived,Secondary Energy|Electricity - Final Energy|Electricity,derived_from_conditional_scenario,2026-03-20,ngfs-phase5-world-electricity-2020-2100.json + ngfs-phase5-world-electricity-demand-2020-2100.json
DS-NGFS-PHASE5.1,SRC-NGFS-PHASE5.1,scenario,GCAM 6.0 NGFS,Fragmented World,NGFS Phase 5.1,World,World,world,2060,electricity_generation,total,all_sources,secondary_energy_electricity_generation,87649.051388686,TWh,point,315.536584999,EJ/yr,Secondary Energy|Electricity,conditional_scenario_not_forecast,2026-03-20,ngfs-phase5-world-electricity-2020-2100.json
DS-NGFS-PHASE5.1,SRC-NGFS-PHASE5.1,scenario,GCAM 6.0 NGFS,Fragmented World,NGFS Phase 5.1,World,World,world,2060,final_electricity_consumption,total,all_end_uses,final_energy_electricity_consumption,75018.846099851,TWh,point,270.067845959,EJ_per_year,Final Energy|Electricity,conditional_scenario_not_forecast,2026-03-20,ngfs-phase5-world-electricity-demand-2020-2100.json
DS-NGFS-PHASE5.1,SRC-NGFS-PHASE5.1,scenario,GCAM 6.0 NGFS,Fragmented World,NGFS Phase 5.1,World,World,world,2060,generation_minus_final_consumption,total,accounting_gap,secondary_generation_minus_final_consumption; includes_model_specific_grid_loss_own_use_and_accounting_effects; not_technical_transmission_loss,12630.205288835,TWh,derived_point,12630.205288835,TWh_derived,Secondary Energy|Electricity - Final Energy|Electricity,derived_from_conditional_scenario,2026-03-20,ngfs-phase5-world-electricity-2020-2100.json + ngfs-phase5-world-electricity-demand-2020-2100.json
DS-NGFS-PHASE5.1,SRC-NGFS-PHASE5.1,scenario,GCAM 6.0 NGFS,Fragmented World,NGFS Phase 5.1,World,World,world,2065,electricity_generation,total,all_sources,secondary_energy_electricity_generation,95477.902784297,TWh,point,343.720450023,EJ/yr,Secondary Energy|Electricity,conditional_scenario_not_forecast,2026-03-20,ngfs-phase5-world-electricity-2020-2100.json
DS-NGFS-PHASE5.1,SRC-NGFS-PHASE5.1,scenario,GCAM 6.0 NGFS,Fragmented World,NGFS Phase 5.1,World,World,world,2065,final_electricity_consumption,total,all_end_uses,final_energy_electricity_consumption,81839.708861997,TWh,point,294.622951903,EJ_per_year,Final Energy|Electricity,conditional_scenario_not_forecast,2026-03-20,ngfs-phase5-world-electricity-demand-2020-2100.json
DS-NGFS-PHASE5.1,SRC-NGFS-PHASE5.1,scenario,GCAM 6.0 NGFS,Fragmented World,NGFS Phase 5.1,World,World,world,2065,generation_minus_final_consumption,total,accounting_gap,secondary_generation_minus_final_consumption; includes_model_specific_grid_loss_own_use_and_accounting_effects; not_technical_transmission_loss,13638.1939223,TWh,derived_point,13638.1939223,TWh_derived,Secondary Energy|Electricity - Final Energy|Electricity,derived_from_conditional_scenario,2026-03-20,ngfs-phase5-world-electricity-2020-2100.json + ngfs-phase5-world-electricity-demand-2020-2100.json
DS-NGFS-PHASE5.1,SRC-NGFS-PHASE5.1,scenario,GCAM 6.0 NGFS,Fragmented World,NGFS Phase 5.1,World,World,world,2070,electricity_generation,total,all_sources,secondary_energy_electricity_generation,102778.076903069,TWh,point,370.001076851,EJ/yr,Secondary Energy|Electricity,conditional_scenario_not_forecast,2026-03-20,ngfs-phase5-world-electricity-2020-2100.json
DS-NGFS-PHASE5.1,SRC-NGFS-PHASE5.1,scenario,GCAM 6.0 NGFS,Fragmented World,NGFS Phase 5.1,World,World,world,2070,final_electricity_consumption,total,all_end_uses,final_energy_electricity_consumption,88090.984002738,TWh,point,317.12754241,EJ_per_year,Final Energy|Electricity,conditional_scenario_not_forecast,2026-03-20,ngfs-phase5-world-electricity-demand-2020-2100.json
DS-NGFS-PHASE5.1,SRC-NGFS-PHASE5.1,scenario,GCAM 6.0 NGFS,Fragmented World,NGFS Phase 5.1,World,World,world,2070,generation_minus_final_consumption,total,accounting_gap,secondary_generation_minus_final_consumption; includes_model_specific_grid_loss_own_use_and_accounting_effects; not_technical_transmission_loss,14687.092900331,TWh,derived_point,14687.092900331,TWh_derived,Secondary Energy|Electricity - Final Energy|Electricity,derived_from_conditional_scenario,2026-03-20,ngfs-phase5-world-electricity-2020-2100.json + ngfs-phase5-world-electricity-demand-2020-2100.json
DS-NGFS-PHASE5.1,SRC-NGFS-PHASE5.1,scenario,GCAM 6.0 NGFS,Fragmented World,NGFS Phase 5.1,World,World,world,2075,electricity_generation,total,all_sources,secondary_energy_electricity_generation,109274.575188739,TWh,point,393.388470679,EJ/yr,Secondary Energy|Electricity,conditional_scenario_not_forecast,2026-03-20,ngfs-phase5-world-electricity-2020-2100.json
DS-NGFS-PHASE5.1,SRC-NGFS-PHASE5.1,scenario,GCAM 6.0 NGFS,Fragmented World,NGFS Phase 5.1,World,World,world,2075,final_electricity_consumption,total,all_end_uses,final_energy_electricity_consumption,93701.713399299,TWh,point,337.326168237,EJ_per_year,Final Energy|Electricity,conditional_scenario_not_forecast,2026-03-20,ngfs-phase5-world-electricity-demand-2020-2100.json
DS-NGFS-PHASE5.1,SRC-NGFS-PHASE5.1,scenario,GCAM 6.0 NGFS,Fragmented World,NGFS Phase 5.1,World,World,world,2075,generation_minus_final_consumption,total,accounting_gap,secondary_generation_minus_final_consumption; includes_model_specific_grid_loss_own_use_and_accounting_effects; not_technical_transmission_loss,15572.86178944,TWh,derived_point,15572.86178944,TWh_derived,Secondary Energy|Electricity - Final Energy|Electricity,derived_from_conditional_scenario,2026-03-20,ngfs-phase5-world-electricity-2020-2100.json + ngfs-phase5-world-electricity-demand-2020-2100.json
DS-NGFS-PHASE5.1,SRC-NGFS-PHASE5.1,scenario,GCAM 6.0 NGFS,Fragmented World,NGFS Phase 5.1,World,World,world,2080,electricity_generation,total,all_sources,secondary_energy_electricity_generation,114407.369892583,TWh,point,411.866531613,EJ/yr,Secondary Energy|Electricity,conditional_scenario_not_forecast,2026-03-20,ngfs-phase5-world-electricity-2020-2100.json
DS-NGFS-PHASE5.1,SRC-NGFS-PHASE5.1,scenario,GCAM 6.0 NGFS,Fragmented World,NGFS Phase 5.1,World,World,world,2080,final_electricity_consumption,total,all_end_uses,final_energy_electricity_consumption,98241.614462992,TWh,point,353.669812067,EJ_per_year,Final Energy|Electricity,conditional_scenario_not_forecast,2026-03-20,ngfs-phase5-world-electricity-demand-2020-2100.json
DS-NGFS-PHASE5.1,SRC-NGFS-PHASE5.1,scenario,GCAM 6.0 NGFS,Fragmented World,NGFS Phase 5.1,World,World,world,2080,generation_minus_final_consumption,total,accounting_gap,secondary_generation_minus_final_consumption; includes_model_specific_grid_loss_own_use_and_accounting_effects; not_technical_transmission_loss,16165.755429591,TWh,derived_point,16165.755429591,TWh_derived,Secondary Energy|Electricity - Final Energy|Electricity,derived_from_conditional_scenario,2026-03-20,ngfs-phase5-world-electricity-2020-2100.json + ngfs-phase5-world-electricity-demand-2020-2100.json
DS-NGFS-PHASE5.1,SRC-NGFS-PHASE5.1,scenario,GCAM 6.0 NGFS,Fragmented World,NGFS Phase 5.1,World,World,world,2085,electricity_generation,total,all_sources,secondary_energy_electricity_generation,118748.459411302,TWh,point,427.494453881,EJ/yr,Secondary Energy|Electricity,conditional_scenario_not_forecast,2026-03-20,ngfs-phase5-world-electricity-2020-2100.json
DS-NGFS-PHASE5.1,SRC-NGFS-PHASE5.1,scenario,GCAM 6.0 NGFS,Fragmented World,NGFS Phase 5.1,World,World,world,2085,final_electricity_consumption,total,all_end_uses,final_energy_electricity_consumption,102134.1734821,TWh,point,367.683024536,EJ_per_year,Final Energy|Electricity,conditional_scenario_not_forecast,2026-03-20,ngfs-phase5-world-electricity-demand-2020-2100.json
DS-NGFS-PHASE5.1,SRC-NGFS-PHASE5.1,scenario,GCAM 6.0 NGFS,Fragmented World,NGFS Phase 5.1,World,World,world,2085,generation_minus_final_consumption,total,accounting_gap,secondary_generation_minus_final_consumption; includes_model_specific_grid_loss_own_use_and_accounting_effects; not_technical_transmission_loss,16614.285929202,TWh,derived_point,16614.285929202,TWh_derived,Secondary Energy|Electricity - Final Energy|Electricity,derived_from_conditional_scenario,2026-03-20,ngfs-phase5-world-electricity-2020-2100.json + ngfs-phase5-world-electricity-demand-2020-2100.json
DS-NGFS-PHASE5.1,SRC-NGFS-PHASE5.1,scenario,GCAM 6.0 NGFS,Fragmented World,NGFS Phase 5.1,World,World,world,2090,electricity_generation,total,all_sources,secondary_energy_electricity_generation,122501.673069971,TWh,point,441.006023052,EJ/yr,Secondary Energy|Electricity,conditional_scenario_not_forecast,2026-03-20,ngfs-phase5-world-electricity-2020-2100.json
DS-NGFS-PHASE5.1,SRC-NGFS-PHASE5.1,scenario,GCAM 6.0 NGFS,Fragmented World,NGFS Phase 5.1,World,World,world,2090,final_electricity_consumption,total,all_end_uses,final_energy_electricity_consumption,105499.618577201,TWh,point,379.798626878,EJ_per_year,Final Energy|Electricity,conditional_scenario_not_forecast,2026-03-20,ngfs-phase5-world-electricity-demand-2020-2100.json
DS-NGFS-PHASE5.1,SRC-NGFS-PHASE5.1,scenario,GCAM 6.0 NGFS,Fragmented World,NGFS Phase 5.1,World,World,world,2090,generation_minus_final_consumption,total,accounting_gap,secondary_generation_minus_final_consumption; includes_model_specific_grid_loss_own_use_and_accounting_effects; not_technical_transmission_loss,17002.05449277,TWh,derived_point,17002.05449277,TWh_derived,Secondary Energy|Electricity - Final Energy|Electricity,derived_from_conditional_scenario,2026-03-20,ngfs-phase5-world-electricity-2020-2100.json + ngfs-phase5-world-electricity-demand-2020-2100.json
DS-NGFS-PHASE5.1,SRC-NGFS-PHASE5.1,scenario,GCAM 6.0 NGFS,Fragmented World,NGFS Phase 5.1,World,World,world,2095,electricity_generation,total,all_sources,secondary_energy_electricity_generation,125750.118649045,TWh,point,452.700427137,EJ/yr,Secondary Energy|Electricity,conditional_scenario_not_forecast,2026-03-20,ngfs-phase5-world-electricity-2020-2100.json
DS-NGFS-PHASE5.1,SRC-NGFS-PHASE5.1,scenario,GCAM 6.0 NGFS,Fragmented World,NGFS Phase 5.1,World,World,world,2095,final_electricity_consumption,total,all_end_uses,final_energy_electricity_consumption,108405.862375183,TWh,point,390.261104551,EJ_per_year,Final Energy|Electricity,conditional_scenario_not_forecast,2026-03-20,ngfs-phase5-world-electricity-demand-2020-2100.json
DS-NGFS-PHASE5.1,SRC-NGFS-PHASE5.1,scenario,GCAM 6.0 NGFS,Fragmented World,NGFS Phase 5.1,World,World,world,2095,generation_minus_final_consumption,total,accounting_gap,secondary_generation_minus_final_consumption; includes_model_specific_grid_loss_own_use_and_accounting_effects; not_technical_transmission_loss,17344.256273862,TWh,derived_point,17344.256273862,TWh_derived,Secondary Energy|Electricity - Final Energy|Electricity,derived_from_conditional_scenario,2026-03-20,ngfs-phase5-world-electricity-2020-2100.json + ngfs-phase5-world-electricity-demand-2020-2100.json
DS-NGFS-PHASE5.1,SRC-NGFS-PHASE5.1,scenario,GCAM 6.0 NGFS,Fragmented World,NGFS Phase 5.1,World,World,world,2100,electricity_generation,total,all_sources,secondary_energy_electricity_generation,129445.228970246,TWh,point,466.002824293,EJ/yr,Secondary Energy|Electricity,conditional_scenario_not_forecast,2026-03-20,ngfs-phase5-world-electricity-2020-2100.json
DS-NGFS-PHASE5.1,SRC-NGFS-PHASE5.1,scenario,GCAM 6.0 NGFS,Fragmented World,NGFS Phase 5.1,World,World,world,2100,final_electricity_consumption,total,all_end_uses,final_energy_electricity_consumption,111554.282044351,TWh,point,401.59541536,EJ_per_year,Final Energy|Electricity,conditional_scenario_not_forecast,2026-03-20,ngfs-phase5-world-electricity-demand-2020-2100.json
DS-NGFS-PHASE5.1,SRC-NGFS-PHASE5.1,scenario,GCAM 6.0 NGFS,Fragmented World,NGFS Phase 5.1,World,World,world,2100,generation_minus_final_consumption,total,accounting_gap,secondary_generation_minus_final_consumption; includes_model_specific_grid_loss_own_use_and_accounting_effects; not_technical_transmission_loss,17890.946925895,TWh,derived_point,17890.946925895,TWh_derived,Secondary Energy|Electricity - Final Energy|Electricity,derived_from_conditional_scenario,2026-03-20,ngfs-phase5-world-electricity-2020-2100.json + ngfs-phase5-world-electricity-demand-2020-2100.json
DS-NGFS-PHASE5.1,SRC-NGFS-PHASE5.1,scenario,GCAM 6.0 NGFS,Low demand,NGFS Phase 5.1,World,World,world,2020,electricity_generation,total,all_sources,secondary_energy_electricity_generation,27628.657626467,TWh,point,99.463167455,EJ/yr,Secondary Energy|Electricity,conditional_scenario_not_forecast,2026-03-20,ngfs-phase5-world-electricity-2020-2100.json
DS-NGFS-PHASE5.1,SRC-NGFS-PHASE5.1,scenario,GCAM 6.0 NGFS,Low demand,NGFS Phase 5.1,World,World,world,2020,final_electricity_consumption,total,all_end_uses,final_energy_electricity_consumption,24165.501008562,TWh,point,86.995803631,EJ_per_year,Final Energy|Electricity,conditional_scenario_not_forecast,2026-03-20,ngfs-phase5-world-electricity-demand-2020-2100.json
DS-NGFS-PHASE5.1,SRC-NGFS-PHASE5.1,scenario,GCAM 6.0 NGFS,Low demand,NGFS Phase 5.1,World,World,world,2020,generation_minus_final_consumption,total,accounting_gap,secondary_generation_minus_final_consumption; includes_model_specific_grid_loss_own_use_and_accounting_effects; not_technical_transmission_loss,3463.156617905,TWh,derived_point,3463.156617905,TWh_derived,Secondary Energy|Electricity - Final Energy|Electricity,derived_from_conditional_scenario,2026-03-20,ngfs-phase5-world-electricity-2020-2100.json + ngfs-phase5-world-electricity-demand-2020-2100.json
DS-NGFS-PHASE5.1,SRC-NGFS-PHASE5.1,scenario,GCAM 6.0 NGFS,Low demand,NGFS Phase 5.1,World,World,world,2025,electricity_generation,total,all_sources,secondary_energy_electricity_generation,33693.708522261,TWh,point,121.29735068,EJ/yr,Secondary Energy|Electricity,conditional_scenario_not_forecast,2026-03-20,ngfs-phase5-world-electricity-2020-2100.json
DS-NGFS-PHASE5.1,SRC-NGFS-PHASE5.1,scenario,GCAM 6.0 NGFS,Low demand,NGFS Phase 5.1,World,World,world,2025,final_electricity_consumption,total,all_end_uses,final_energy_electricity_consumption,29161.098084839,TWh,point,104.979953105,EJ_per_year,Final Energy|Electricity,conditional_scenario_not_forecast,2026-03-20,ngfs-phase5-world-electricity-demand-2020-2100.json
DS-NGFS-PHASE5.1,SRC-NGFS-PHASE5.1,scenario,GCAM 6.0 NGFS,Low demand,NGFS Phase 5.1,World,World,world,2025,generation_minus_final_consumption,total,accounting_gap,secondary_generation_minus_final_consumption; includes_model_specific_grid_loss_own_use_and_accounting_effects; not_technical_transmission_loss,4532.610437422,TWh,derived_point,4532.610437422,TWh_derived,Secondary Energy|Electricity - Final Energy|Electricity,derived_from_conditional_scenario,2026-03-20,ngfs-phase5-world-electricity-2020-2100.json + ngfs-phase5-world-electricity-demand-2020-2100.json
DS-NGFS-PHASE5.1,SRC-NGFS-PHASE5.1,scenario,GCAM 6.0 NGFS,Low demand,NGFS Phase 5.1,World,World,world,2030,electricity_generation,total,all_sources,secondary_energy_electricity_generation,38606.27236863,TWh,point,138.982580527,EJ/yr,Secondary Energy|Electricity,conditional_scenario_not_forecast,2026-03-20,ngfs-phase5-world-electricity-2020-2100.json
DS-NGFS-PHASE5.1,SRC-NGFS-PHASE5.1,scenario,GCAM 6.0 NGFS,Low demand,NGFS Phase 5.1,World,World,world,2030,final_electricity_consumption,total,all_end_uses,final_energy_electricity_consumption,33242.94819281,TWh,point,119.674613494,EJ_per_year,Final Energy|Electricity,conditional_scenario_not_forecast,2026-03-20,ngfs-phase5-world-electricity-demand-2020-2100.json
DS-NGFS-PHASE5.1,SRC-NGFS-PHASE5.1,scenario,GCAM 6.0 NGFS,Low demand,NGFS Phase 5.1,World,World,world,2030,generation_minus_final_consumption,total,accounting_gap,secondary_generation_minus_final_consumption; includes_model_specific_grid_loss_own_use_and_accounting_effects; not_technical_transmission_loss,5363.32417582,TWh,derived_point,5363.32417582,TWh_derived,Secondary Energy|Electricity - Final Energy|Electricity,derived_from_conditional_scenario,2026-03-20,ngfs-phase5-world-electricity-2020-2100.json + ngfs-phase5-world-electricity-demand-2020-2100.json
DS-NGFS-PHASE5.1,SRC-NGFS-PHASE5.1,scenario,GCAM 6.0 NGFS,Low demand,NGFS Phase 5.1,World,World,world,2035,electricity_generation,total,all_sources,secondary_energy_electricity_generation,46362.308425288,TWh,point,166.904310331,EJ/yr,Secondary Energy|Electricity,conditional_scenario_not_forecast,2026-03-20,ngfs-phase5-world-electricity-2020-2100.json
DS-NGFS-PHASE5.1,SRC-NGFS-PHASE5.1,scenario,GCAM 6.0 NGFS,Low demand,NGFS Phase 5.1,World,World,world,2035,final_electricity_consumption,total,all_end_uses,final_energy_electricity_consumption,39667.285982283,TWh,point,142.802229536,EJ_per_year,Final Energy|Electricity,conditional_scenario_not_forecast,2026-03-20,ngfs-phase5-world-electricity-demand-2020-2100.json
DS-NGFS-PHASE5.1,SRC-NGFS-PHASE5.1,scenario,GCAM 6.0 NGFS,Low demand,NGFS Phase 5.1,World,World,world,2035,generation_minus_final_consumption,total,accounting_gap,secondary_generation_minus_final_consumption; includes_model_specific_grid_loss_own_use_and_accounting_effects; not_technical_transmission_loss,6695.022443005,TWh,derived_point,6695.022443005,TWh_derived,Secondary Energy|Electricity - Final Energy|Electricity,derived_from_conditional_scenario,2026-03-20,ngfs-phase5-world-electricity-2020-2100.json + ngfs-phase5-world-electricity-demand-2020-2100.json
DS-NGFS-PHASE5.1,SRC-NGFS-PHASE5.1,scenario,GCAM 6.0 NGFS,Low demand,NGFS Phase 5.1,World,World,world,2040,electricity_generation,total,all_sources,secondary_energy_electricity_generation,56732.151909877,TWh,point,204.235746876,EJ/yr,Secondary Energy|Electricity,conditional_scenario_not_forecast,2026-03-20,ngfs-phase5-world-electricity-2020-2100.json
DS-NGFS-PHASE5.1,SRC-NGFS-PHASE5.1,scenario,GCAM 6.0 NGFS,Low demand,NGFS Phase 5.1,World,World,world,2040,final_electricity_consumption,total,all_end_uses,final_energy_electricity_consumption,48167.716635439,TWh,point,173.403779888,EJ_per_year,Final Energy|Electricity,conditional_scenario_not_forecast,2026-03-20,ngfs-phase5-world-electricity-demand-2020-2100.json
DS-NGFS-PHASE5.1,SRC-NGFS-PHASE5.1,scenario,GCAM 6.0 NGFS,Low demand,NGFS Phase 5.1,World,World,world,2040,generation_minus_final_consumption,total,accounting_gap,secondary_generation_minus_final_consumption; includes_model_specific_grid_loss_own_use_and_accounting_effects; not_technical_transmission_loss,8564.435274438,TWh,derived_point,8564.435274438,TWh_derived,Secondary Energy|Electricity - Final Energy|Electricity,derived_from_conditional_scenario,2026-03-20,ngfs-phase5-world-electricity-2020-2100.json + ngfs-phase5-world-electricity-demand-2020-2100.json
DS-NGFS-PHASE5.1,SRC-NGFS-PHASE5.1,scenario,GCAM 6.0 NGFS,Low demand,NGFS Phase 5.1,World,World,world,2045,electricity_generation,total,all_sources,secondary_energy_electricity_generation,70570.703334062,TWh,point,254.054532003,EJ/yr,Secondary Energy|Electricity,conditional_scenario_not_forecast,2026-03-20,ngfs-phase5-world-electricity-2020-2100.json
DS-NGFS-PHASE5.1,SRC-NGFS-PHASE5.1,scenario,GCAM 6.0 NGFS,Low demand,NGFS Phase 5.1,World,World,world,2045,final_electricity_consumption,total,all_end_uses,final_energy_electricity_consumption,59251.005114715,TWh,point,213.303618413,EJ_per_year,Final Energy|Electricity,conditional_scenario_not_forecast,2026-03-20,ngfs-phase5-world-electricity-demand-2020-2100.json
DS-NGFS-PHASE5.1,SRC-NGFS-PHASE5.1,scenario,GCAM 6.0 NGFS,Low demand,NGFS Phase 5.1,World,World,world,2045,generation_minus_final_consumption,total,accounting_gap,secondary_generation_minus_final_consumption; includes_model_specific_grid_loss_own_use_and_accounting_effects; not_technical_transmission_loss,11319.698219347,TWh,derived_point,11319.698219347,TWh_derived,Secondary Energy|Electricity - Final Energy|Electricity,derived_from_conditional_scenario,2026-03-20,ngfs-phase5-world-electricity-2020-2100.json + ngfs-phase5-world-electricity-demand-2020-2100.json
DS-NGFS-PHASE5.1,SRC-NGFS-PHASE5.1,scenario,GCAM 6.0 NGFS,Low demand,NGFS Phase 5.1,World,World,world,2050,electricity_generation,total,all_sources,secondary_energy_electricity_generation,89939.676678823,TWh,point,323.782836044,EJ/yr,Secondary Energy|Electricity,conditional_scenario_not_forecast,2026-03-20,ngfs-phase5-world-electricity-2020-2100.json
DS-NGFS-PHASE5.1,SRC-NGFS-PHASE5.1,scenario,GCAM 6.0 NGFS,Low demand,NGFS Phase 5.1,World,World,world,2050,final_electricity_consumption,total,all_end_uses,final_energy_electricity_consumption,74065.413494754,TWh,point,266.635488581,EJ_per_year,Final Energy|Electricity,conditional_scenario_not_forecast,2026-03-20,ngfs-phase5-world-electricity-demand-2020-2100.json
DS-NGFS-PHASE5.1,SRC-NGFS-PHASE5.1,scenario,GCAM 6.0 NGFS,Low demand,NGFS Phase 5.1,World,World,world,2050,generation_minus_final_consumption,total,accounting_gap,secondary_generation_minus_final_consumption; includes_model_specific_grid_loss_own_use_and_accounting_effects; not_technical_transmission_loss,15874.263184069,TWh,derived_point,15874.263184069,TWh_derived,Secondary Energy|Electricity - Final Energy|Electricity,derived_from_conditional_scenario,2026-03-20,ngfs-phase5-world-electricity-2020-2100.json + ngfs-phase5-world-electricity-demand-2020-2100.json
DS-NGFS-PHASE5.1,SRC-NGFS-PHASE5.1,scenario,GCAM 6.0 NGFS,Low demand,NGFS Phase 5.1,World,World,world,2055,electricity_generation,total,all_sources,secondary_energy_electricity_generation,97205.030294411,TWh,point,349.93810906,EJ/yr,Secondary Energy|Electricity,conditional_scenario_not_forecast,2026-03-20,ngfs-phase5-world-electricity-2020-2100.json
DS-NGFS-PHASE5.1,SRC-NGFS-PHASE5.1,scenario,GCAM 6.0 NGFS,Low demand,NGFS Phase 5.1,World,World,world,2055,final_electricity_consumption,total,all_end_uses,final_energy_electricity_consumption,80334.359591236,TWh,point,289.203694528,EJ_per_year,Final Energy|Electricity,conditional_scenario_not_forecast,2026-03-20,ngfs-phase5-world-electricity-demand-2020-2100.json
DS-NGFS-PHASE5.1,SRC-NGFS-PHASE5.1,scenario,GCAM 6.0 NGFS,Low demand,NGFS Phase 5.1,World,World,world,2055,generation_minus_final_consumption,total,accounting_gap,secondary_generation_minus_final_consumption; includes_model_specific_grid_loss_own_use_and_accounting_effects; not_technical_transmission_loss,16870.670703175,TWh,derived_point,16870.670703175,TWh_derived,Secondary Energy|Electricity - Final Energy|Electricity,derived_from_conditional_scenario,2026-03-20,ngfs-phase5-world-electricity-2020-2100.json + ngfs-phase5-world-electricity-demand-2020-2100.json
DS-NGFS-PHASE5.1,SRC-NGFS-PHASE5.1,scenario,GCAM 6.0 NGFS,Low demand,NGFS Phase 5.1,World,World,world,2060,electricity_generation,total,all_sources,secondary_energy_electricity_generation,105932.826304912,TWh,point,381.358174698,EJ/yr,Secondary Energy|Electricity,conditional_scenario_not_forecast,2026-03-20,ngfs-phase5-world-electricity-2020-2100.json
DS-NGFS-PHASE5.1,SRC-NGFS-PHASE5.1,scenario,GCAM 6.0 NGFS,Low demand,NGFS Phase 5.1,World,World,world,2060,final_electricity_consumption,total,all_end_uses,final_energy_electricity_consumption,87529.7971496,TWh,point,315.107269739,EJ_per_year,Final Energy|Electricity,conditional_scenario_not_forecast,2026-03-20,ngfs-phase5-world-electricity-demand-2020-2100.json
DS-NGFS-PHASE5.1,SRC-NGFS-PHASE5.1,scenario,GCAM 6.0 NGFS,Low demand,NGFS Phase 5.1,World,World,world,2060,generation_minus_final_consumption,total,accounting_gap,secondary_generation_minus_final_consumption; includes_model_specific_grid_loss_own_use_and_accounting_effects; not_technical_transmission_loss,18403.029155312,TWh,derived_point,18403.029155312,TWh_derived,Secondary Energy|Electricity - Final Energy|Electricity,derived_from_conditional_scenario,2026-03-20,ngfs-phase5-world-electricity-2020-2100.json + ngfs-phase5-world-electricity-demand-2020-2100.json
DS-NGFS-PHASE5.1,SRC-NGFS-PHASE5.1,scenario,GCAM 6.0 NGFS,Low demand,NGFS Phase 5.1,World,World,world,2065,electricity_generation,total,all_sources,secondary_energy_electricity_generation,112329.023296784,TWh,point,404.384483868,EJ/yr,Secondary Energy|Electricity,conditional_scenario_not_forecast,2026-03-20,ngfs-phase5-world-electricity-2020-2100.json
DS-NGFS-PHASE5.1,SRC-NGFS-PHASE5.1,scenario,GCAM 6.0 NGFS,Low demand,NGFS Phase 5.1,World,World,world,2065,final_electricity_consumption,total,all_end_uses,final_energy_electricity_consumption,92841.863684127,TWh,point,334.230709263,EJ_per_year,Final Energy|Electricity,conditional_scenario_not_forecast,2026-03-20,ngfs-phase5-world-electricity-demand-2020-2100.json
DS-NGFS-PHASE5.1,SRC-NGFS-PHASE5.1,scenario,GCAM 6.0 NGFS,Low demand,NGFS Phase 5.1,World,World,world,2065,generation_minus_final_consumption,total,accounting_gap,secondary_generation_minus_final_consumption; includes_model_specific_grid_loss_own_use_and_accounting_effects; not_technical_transmission_loss,19487.159612657,TWh,derived_point,19487.159612657,TWh_derived,Secondary Energy|Electricity - Final Energy|Electricity,derived_from_conditional_scenario,2026-03-20,ngfs-phase5-world-electricity-2020-2100.json + ngfs-phase5-world-electricity-demand-2020-2100.json
DS-NGFS-PHASE5.1,SRC-NGFS-PHASE5.1,scenario,GCAM 6.0 NGFS,Low demand,NGFS Phase 5.1,World,World,world,2070,electricity_generation,total,all_sources,secondary_energy_electricity_generation,117193.060725701,TWh,point,421.895018613,EJ/yr,Secondary Energy|Electricity,conditional_scenario_not_forecast,2026-03-20,ngfs-phase5-world-electricity-2020-2100.json
DS-NGFS-PHASE5.1,SRC-NGFS-PHASE5.1,scenario,GCAM 6.0 NGFS,Low demand,NGFS Phase 5.1,World,World,world,2070,final_electricity_consumption,total,all_end_uses,final_energy_electricity_consumption,96846.488133068,TWh,point,348.647357279,EJ_per_year,Final Energy|Electricity,conditional_scenario_not_forecast,2026-03-20,ngfs-phase5-world-electricity-demand-2020-2100.json
DS-NGFS-PHASE5.1,SRC-NGFS-PHASE5.1,scenario,GCAM 6.0 NGFS,Low demand,NGFS Phase 5.1,World,World,world,2070,generation_minus_final_consumption,total,accounting_gap,secondary_generation_minus_final_consumption; includes_model_specific_grid_loss_own_use_and_accounting_effects; not_technical_transmission_loss,20346.572592633,TWh,derived_point,20346.572592633,TWh_derived,Secondary Energy|Electricity - Final Energy|Electricity,derived_from_conditional_scenario,2026-03-20,ngfs-phase5-world-electricity-2020-2100.json + ngfs-phase5-world-electricity-demand-2020-2100.json
DS-NGFS-PHASE5.1,SRC-NGFS-PHASE5.1,scenario,GCAM 6.0 NGFS,Low demand,NGFS Phase 5.1,World,World,world,2075,electricity_generation,total,all_sources,secondary_energy_electricity_generation,120625.104467831,TWh,point,434.250376084,EJ/yr,Secondary Energy|Electricity,conditional_scenario_not_forecast,2026-03-20,ngfs-phase5-world-electricity-2020-2100.json
DS-NGFS-PHASE5.1,SRC-NGFS-PHASE5.1,scenario,GCAM 6.0 NGFS,Low demand,NGFS Phase 5.1,World,World,world,2075,final_electricity_consumption,total,all_end_uses,final_energy_electricity_consumption,99659.191644241,TWh,point,358.773089919,EJ_per_year,Final Energy|Electricity,conditional_scenario_not_forecast,2026-03-20,ngfs-phase5-world-electricity-demand-2020-2100.json
DS-NGFS-PHASE5.1,SRC-NGFS-PHASE5.1,scenario,GCAM 6.0 NGFS,Low demand,NGFS Phase 5.1,World,World,world,2075,generation_minus_final_consumption,total,accounting_gap,secondary_generation_minus_final_consumption; includes_model_specific_grid_loss_own_use_and_accounting_effects; not_technical_transmission_loss,20965.91282359,TWh,derived_point,20965.91282359,TWh_derived,Secondary Energy|Electricity - Final Energy|Electricity,derived_from_conditional_scenario,2026-03-20,ngfs-phase5-world-electricity-2020-2100.json + ngfs-phase5-world-electricity-demand-2020-2100.json
DS-NGFS-PHASE5.1,SRC-NGFS-PHASE5.1,scenario,GCAM 6.0 NGFS,Low demand,NGFS Phase 5.1,World,World,world,2080,electricity_generation,total,all_sources,secondary_energy_electricity_generation,122694.784672466,TWh,point,441.701224821,EJ/yr,Secondary Energy|Electricity,conditional_scenario_not_forecast,2026-03-20,ngfs-phase5-world-electricity-2020-2100.json
DS-NGFS-PHASE5.1,SRC-NGFS-PHASE5.1,scenario,GCAM 6.0 NGFS,Low demand,NGFS Phase 5.1,World,World,world,2080,final_electricity_consumption,total,all_end_uses,final_energy_electricity_consumption,101371.498067332,TWh,point,364.937393042,EJ_per_year,Final Energy|Electricity,conditional_scenario_not_forecast,2026-03-20,ngfs-phase5-world-electricity-demand-2020-2100.json
DS-NGFS-PHASE5.1,SRC-NGFS-PHASE5.1,scenario,GCAM 6.0 NGFS,Low demand,NGFS Phase 5.1,World,World,world,2080,generation_minus_final_consumption,total,accounting_gap,secondary_generation_minus_final_consumption; includes_model_specific_grid_loss_own_use_and_accounting_effects; not_technical_transmission_loss,21323.286605134,TWh,derived_point,21323.286605134,TWh_derived,Secondary Energy|Electricity - Final Energy|Electricity,derived_from_conditional_scenario,2026-03-20,ngfs-phase5-world-electricity-2020-2100.json + ngfs-phase5-world-electricity-demand-2020-2100.json
DS-NGFS-PHASE5.1,SRC-NGFS-PHASE5.1,scenario,GCAM 6.0 NGFS,Low demand,NGFS Phase 5.1,World,World,world,2085,electricity_generation,total,all_sources,secondary_energy_electricity_generation,123716.311517003,TWh,point,445.378721461,EJ/yr,Secondary Energy|Electricity,conditional_scenario_not_forecast,2026-03-20,ngfs-phase5-world-electricity-2020-2100.json
DS-NGFS-PHASE5.1,SRC-NGFS-PHASE5.1,scenario,GCAM 6.0 NGFS,Low demand,NGFS Phase 5.1,World,World,world,2085,final_electricity_consumption,total,all_end_uses,final_energy_electricity_consumption,102342.288609154,TWh,point,368.432238993,EJ_per_year,Final Energy|Electricity,conditional_scenario_not_forecast,2026-03-20,ngfs-phase5-world-electricity-demand-2020-2100.json
DS-NGFS-PHASE5.1,SRC-NGFS-PHASE5.1,scenario,GCAM 6.0 NGFS,Low demand,NGFS Phase 5.1,World,World,world,2085,generation_minus_final_consumption,total,accounting_gap,secondary_generation_minus_final_consumption; includes_model_specific_grid_loss_own_use_and_accounting_effects; not_technical_transmission_loss,21374.022907849,TWh,derived_point,21374.022907849,TWh_derived,Secondary Energy|Electricity - Final Energy|Electricity,derived_from_conditional_scenario,2026-03-20,ngfs-phase5-world-electricity-2020-2100.json + ngfs-phase5-world-electricity-demand-2020-2100.json
DS-NGFS-PHASE5.1,SRC-NGFS-PHASE5.1,scenario,GCAM 6.0 NGFS,Low demand,NGFS Phase 5.1,World,World,world,2090,electricity_generation,total,all_sources,secondary_energy_electricity_generation,124022.120630736,TWh,point,446.479634271,EJ/yr,Secondary Energy|Electricity,conditional_scenario_not_forecast,2026-03-20,ngfs-phase5-world-electricity-2020-2100.json
DS-NGFS-PHASE5.1,SRC-NGFS-PHASE5.1,scenario,GCAM 6.0 NGFS,Low demand,NGFS Phase 5.1,World,World,world,2090,final_electricity_consumption,total,all_end_uses,final_energy_electricity_consumption,102672.770371902,TWh,point,369.621973339,EJ_per_year,Final Energy|Electricity,conditional_scenario_not_forecast,2026-03-20,ngfs-phase5-world-electricity-demand-2020-2100.json
DS-NGFS-PHASE5.1,SRC-NGFS-PHASE5.1,scenario,GCAM 6.0 NGFS,Low demand,NGFS Phase 5.1,World,World,world,2090,generation_minus_final_consumption,total,accounting_gap,secondary_generation_minus_final_consumption; includes_model_specific_grid_loss_own_use_and_accounting_effects; not_technical_transmission_loss,21349.350258834,TWh,derived_point,21349.350258834,TWh_derived,Secondary Energy|Electricity - Final Energy|Electricity,derived_from_conditional_scenario,2026-03-20,ngfs-phase5-world-electricity-2020-2100.json + ngfs-phase5-world-electricity-demand-2020-2100.json
DS-NGFS-PHASE5.1,SRC-NGFS-PHASE5.1,scenario,GCAM 6.0 NGFS,Low demand,NGFS Phase 5.1,World,World,world,2095,electricity_generation,total,all_sources,secondary_energy_electricity_generation,123137.494351009,TWh,point,443.294979664,EJ/yr,Secondary Energy|Electricity,conditional_scenario_not_forecast,2026-03-20,ngfs-phase5-world-electricity-2020-2100.json
DS-NGFS-PHASE5.1,SRC-NGFS-PHASE5.1,scenario,GCAM 6.0 NGFS,Low demand,NGFS Phase 5.1,World,World,world,2095,final_electricity_consumption,total,all_end_uses,final_energy_electricity_consumption,102080.165649986,TWh,point,367.48859634,EJ_per_year,Final Energy|Electricity,conditional_scenario_not_forecast,2026-03-20,ngfs-phase5-world-electricity-demand-2020-2100.json
DS-NGFS-PHASE5.1,SRC-NGFS-PHASE5.1,scenario,GCAM 6.0 NGFS,Low demand,NGFS Phase 5.1,World,World,world,2095,generation_minus_final_consumption,total,accounting_gap,secondary_generation_minus_final_consumption; includes_model_specific_grid_loss_own_use_and_accounting_effects; not_technical_transmission_loss,21057.328701023,TWh,derived_point,21057.328701023,TWh_derived,Secondary Energy|Electricity - Final Energy|Electricity,derived_from_conditional_scenario,2026-03-20,ngfs-phase5-world-electricity-2020-2100.json + ngfs-phase5-world-electricity-demand-2020-2100.json
DS-NGFS-PHASE5.1,SRC-NGFS-PHASE5.1,scenario,GCAM 6.0 NGFS,Low demand,NGFS Phase 5.1,World,World,world,2100,electricity_generation,total,all_sources,secondary_energy_electricity_generation,121685.973473121,TWh,point,438.069504503,EJ/yr,Secondary Energy|Electricity,conditional_scenario_not_forecast,2026-03-20,ngfs-phase5-world-electricity-2020-2100.json
DS-NGFS-PHASE5.1,SRC-NGFS-PHASE5.1,scenario,GCAM 6.0 NGFS,Low demand,NGFS Phase 5.1,World,World,world,2100,final_electricity_consumption,total,all_end_uses,final_energy_electricity_consumption,100948.675514687,TWh,point,363.415231853,EJ_per_year,Final Energy|Electricity,conditional_scenario_not_forecast,2026-03-20,ngfs-phase5-world-electricity-demand-2020-2100.json
DS-NGFS-PHASE5.1,SRC-NGFS-PHASE5.1,scenario,GCAM 6.0 NGFS,Low demand,NGFS Phase 5.1,World,World,world,2100,generation_minus_final_consumption,total,accounting_gap,secondary_generation_minus_final_consumption; includes_model_specific_grid_loss_own_use_and_accounting_effects; not_technical_transmission_loss,20737.297958434,TWh,derived_point,20737.297958434,TWh_derived,Secondary Energy|Electricity - Final Energy|Electricity,derived_from_conditional_scenario,2026-03-20,ngfs-phase5-world-electricity-2020-2100.json + ngfs-phase5-world-electricity-demand-2020-2100.json
DS-NGFS-PHASE5.1,SRC-NGFS-PHASE5.1,scenario,GCAM 6.0 NGFS,Nationally Determined Contributions (NDCs),NGFS Phase 5.1,World,World,world,2020,electricity_generation,total,all_sources,secondary_energy_electricity_generation,27593.487375715,TWh,point,99.336554553,EJ/yr,Secondary Energy|Electricity,conditional_scenario_not_forecast,2026-03-20,ngfs-phase5-world-electricity-2020-2100.json
DS-NGFS-PHASE5.1,SRC-NGFS-PHASE5.1,scenario,GCAM 6.0 NGFS,Nationally Determined Contributions (NDCs),NGFS Phase 5.1,World,World,world,2020,final_electricity_consumption,total,all_end_uses,final_energy_electricity_consumption,24152.526707243,TWh,point,86.949096146,EJ_per_year,Final Energy|Electricity,conditional_scenario_not_forecast,2026-03-20,ngfs-phase5-world-electricity-demand-2020-2100.json
DS-NGFS-PHASE5.1,SRC-NGFS-PHASE5.1,scenario,GCAM 6.0 NGFS,Nationally Determined Contributions (NDCs),NGFS Phase 5.1,World,World,world,2020,generation_minus_final_consumption,total,accounting_gap,secondary_generation_minus_final_consumption; includes_model_specific_grid_loss_own_use_and_accounting_effects; not_technical_transmission_loss,3440.960668472,TWh,derived_point,3440.960668472,TWh_derived,Secondary Energy|Electricity - Final Energy|Electricity,derived_from_conditional_scenario,2026-03-20,ngfs-phase5-world-electricity-2020-2100.json + ngfs-phase5-world-electricity-demand-2020-2100.json
DS-NGFS-PHASE5.1,SRC-NGFS-PHASE5.1,scenario,GCAM 6.0 NGFS,Nationally Determined Contributions (NDCs),NGFS Phase 5.1,World,World,world,2025,electricity_generation,total,all_sources,secondary_energy_electricity_generation,33725.064085665,TWh,point,121.410230708,EJ/yr,Secondary Energy|Electricity,conditional_scenario_not_forecast,2026-03-20,ngfs-phase5-world-electricity-2020-2100.json
DS-NGFS-PHASE5.1,SRC-NGFS-PHASE5.1,scenario,GCAM 6.0 NGFS,Nationally Determined Contributions (NDCs),NGFS Phase 5.1,World,World,world,2025,final_electricity_consumption,total,all_end_uses,final_energy_electricity_consumption,29257.685872788,TWh,point,105.327669142,EJ_per_year,Final Energy|Electricity,conditional_scenario_not_forecast,2026-03-20,ngfs-phase5-world-electricity-demand-2020-2100.json
DS-NGFS-PHASE5.1,SRC-NGFS-PHASE5.1,scenario,GCAM 6.0 NGFS,Nationally Determined Contributions (NDCs),NGFS Phase 5.1,World,World,world,2025,generation_minus_final_consumption,total,accounting_gap,secondary_generation_minus_final_consumption; includes_model_specific_grid_loss_own_use_and_accounting_effects; not_technical_transmission_loss,4467.378212877,TWh,derived_point,4467.378212877,TWh_derived,Secondary Energy|Electricity - Final Energy|Electricity,derived_from_conditional_scenario,2026-03-20,ngfs-phase5-world-electricity-2020-2100.json + ngfs-phase5-world-electricity-demand-2020-2100.json
DS-NGFS-PHASE5.1,SRC-NGFS-PHASE5.1,scenario,GCAM 6.0 NGFS,Nationally Determined Contributions (NDCs),NGFS Phase 5.1,World,World,world,2030,electricity_generation,total,all_sources,secondary_energy_electricity_generation,40388.280373732,TWh,point,145.397809345,EJ/yr,Secondary Energy|Electricity,conditional_scenario_not_forecast,2026-03-20,ngfs-phase5-world-electricity-2020-2100.json
DS-NGFS-PHASE5.1,SRC-NGFS-PHASE5.1,scenario,GCAM 6.0 NGFS,Nationally Determined Contributions (NDCs),NGFS Phase 5.1,World,World,world,2030,final_electricity_consumption,total,all_end_uses,final_energy_electricity_consumption,34782.475056516,TWh,point,125.216910203,EJ_per_year,Final Energy|Electricity,conditional_scenario_not_forecast,2026-03-20,ngfs-phase5-world-electricity-demand-2020-2100.json
DS-NGFS-PHASE5.1,SRC-NGFS-PHASE5.1,scenario,GCAM 6.0 NGFS,Nationally Determined Contributions (NDCs),NGFS Phase 5.1,World,World,world,2030,generation_minus_final_consumption,total,accounting_gap,secondary_generation_minus_final_consumption; includes_model_specific_grid_loss_own_use_and_accounting_effects; not_technical_transmission_loss,5605.805317216,TWh,derived_point,5605.805317216,TWh_derived,Secondary Energy|Electricity - Final Energy|Electricity,derived_from_conditional_scenario,2026-03-20,ngfs-phase5-world-electricity-2020-2100.json + ngfs-phase5-world-electricity-demand-2020-2100.json
DS-NGFS-PHASE5.1,SRC-NGFS-PHASE5.1,scenario,GCAM 6.0 NGFS,Nationally Determined Contributions (NDCs),NGFS Phase 5.1,World,World,world,2035,electricity_generation,total,all_sources,secondary_energy_electricity_generation,46950.355031746,TWh,point,169.021278114,EJ/yr,Secondary Energy|Electricity,conditional_scenario_not_forecast,2026-03-20,ngfs-phase5-world-electricity-2020-2100.json
DS-NGFS-PHASE5.1,SRC-NGFS-PHASE5.1,scenario,GCAM 6.0 NGFS,Nationally Determined Contributions (NDCs),NGFS Phase 5.1,World,World,world,2035,final_electricity_consumption,total,all_end_uses,final_energy_electricity_consumption,40286.167664362,TWh,point,145.030203592,EJ_per_year,Final Energy|Electricity,conditional_scenario_not_forecast,2026-03-20,ngfs-phase5-world-electricity-demand-2020-2100.json
DS-NGFS-PHASE5.1,SRC-NGFS-PHASE5.1,scenario,GCAM 6.0 NGFS,Nationally Determined Contributions (NDCs),NGFS Phase 5.1,World,World,world,2035,generation_minus_final_consumption,total,accounting_gap,secondary_generation_minus_final_consumption; includes_model_specific_grid_loss_own_use_and_accounting_effects; not_technical_transmission_loss,6664.187367384,TWh,derived_point,6664.187367384,TWh_derived,Secondary Energy|Electricity - Final Energy|Electricity,derived_from_conditional_scenario,2026-03-20,ngfs-phase5-world-electricity-2020-2100.json + ngfs-phase5-world-electricity-demand-2020-2100.json
DS-NGFS-PHASE5.1,SRC-NGFS-PHASE5.1,scenario,GCAM 6.0 NGFS,Nationally Determined Contributions (NDCs),NGFS Phase 5.1,World,World,world,2040,electricity_generation,total,all_sources,secondary_energy_electricity_generation,53561.213781734,TWh,point,192.820369614,EJ/yr,Secondary Energy|Electricity,conditional_scenario_not_forecast,2026-03-20,ngfs-phase5-world-electricity-2020-2100.json
DS-NGFS-PHASE5.1,SRC-NGFS-PHASE5.1,scenario,GCAM 6.0 NGFS,Nationally Determined Contributions (NDCs),NGFS Phase 5.1,World,World,world,2040,final_electricity_consumption,total,all_end_uses,final_energy_electricity_consumption,45873.242051102,TWh,point,165.143671384,EJ_per_year,Final Energy|Electricity,conditional_scenario_not_forecast,2026-03-20,ngfs-phase5-world-electricity-demand-2020-2100.json
DS-NGFS-PHASE5.1,SRC-NGFS-PHASE5.1,scenario,GCAM 6.0 NGFS,Nationally Determined Contributions (NDCs),NGFS Phase 5.1,World,World,world,2040,generation_minus_final_consumption,total,accounting_gap,secondary_generation_minus_final_consumption; includes_model_specific_grid_loss_own_use_and_accounting_effects; not_technical_transmission_loss,7687.971730632,TWh,derived_point,7687.971730632,TWh_derived,Secondary Energy|Electricity - Final Energy|Electricity,derived_from_conditional_scenario,2026-03-20,ngfs-phase5-world-electricity-2020-2100.json + ngfs-phase5-world-electricity-demand-2020-2100.json
DS-NGFS-PHASE5.1,SRC-NGFS-PHASE5.1,scenario,GCAM 6.0 NGFS,Nationally Determined Contributions (NDCs),NGFS Phase 5.1,World,World,world,2045,electricity_generation,total,all_sources,secondary_energy_electricity_generation,59665.447002787,TWh,point,214.79560921,EJ/yr,Secondary Energy|Electricity,conditional_scenario_not_forecast,2026-03-20,ngfs-phase5-world-electricity-2020-2100.json
DS-NGFS-PHASE5.1,SRC-NGFS-PHASE5.1,scenario,GCAM 6.0 NGFS,Nationally Determined Contributions (NDCs),NGFS Phase 5.1,World,World,world,2045,final_electricity_consumption,total,all_end_uses,final_energy_electricity_consumption,51190.0511343,TWh,point,184.284184083,EJ_per_year,Final Energy|Electricity,conditional_scenario_not_forecast,2026-03-20,ngfs-phase5-world-electricity-demand-2020-2100.json
DS-NGFS-PHASE5.1,SRC-NGFS-PHASE5.1,scenario,GCAM 6.0 NGFS,Nationally Determined Contributions (NDCs),NGFS Phase 5.1,World,World,world,2045,generation_minus_final_consumption,total,accounting_gap,secondary_generation_minus_final_consumption; includes_model_specific_grid_loss_own_use_and_accounting_effects; not_technical_transmission_loss,8475.395868487,TWh,derived_point,8475.395868487,TWh_derived,Secondary Energy|Electricity - Final Energy|Electricity,derived_from_conditional_scenario,2026-03-20,ngfs-phase5-world-electricity-2020-2100.json + ngfs-phase5-world-electricity-demand-2020-2100.json
DS-NGFS-PHASE5.1,SRC-NGFS-PHASE5.1,scenario,GCAM 6.0 NGFS,Nationally Determined Contributions (NDCs),NGFS Phase 5.1,World,World,world,2050,electricity_generation,total,all_sources,secondary_energy_electricity_generation,65906.938902595,TWh,point,237.264980049,EJ/yr,Secondary Energy|Electricity,conditional_scenario_not_forecast,2026-03-20,ngfs-phase5-world-electricity-2020-2100.json
DS-NGFS-PHASE5.1,SRC-NGFS-PHASE5.1,scenario,GCAM 6.0 NGFS,Nationally Determined Contributions (NDCs),NGFS Phase 5.1,World,World,world,2050,final_electricity_consumption,total,all_end_uses,final_energy_electricity_consumption,56684.502531406,TWh,point,204.064209113,EJ_per_year,Final Energy|Electricity,conditional_scenario_not_forecast,2026-03-20,ngfs-phase5-world-electricity-demand-2020-2100.json
DS-NGFS-PHASE5.1,SRC-NGFS-PHASE5.1,scenario,GCAM 6.0 NGFS,Nationally Determined Contributions (NDCs),NGFS Phase 5.1,World,World,world,2050,generation_minus_final_consumption,total,accounting_gap,secondary_generation_minus_final_consumption; includes_model_specific_grid_loss_own_use_and_accounting_effects; not_technical_transmission_loss,9222.436371189,TWh,derived_point,9222.436371189,TWh_derived,Secondary Energy|Electricity - Final Energy|Electricity,derived_from_conditional_scenario,2026-03-20,ngfs-phase5-world-electricity-2020-2100.json + ngfs-phase5-world-electricity-demand-2020-2100.json
DS-NGFS-PHASE5.1,SRC-NGFS-PHASE5.1,scenario,GCAM 6.0 NGFS,Nationally Determined Contributions (NDCs),NGFS Phase 5.1,World,World,world,2055,electricity_generation,total,all_sources,secondary_energy_electricity_generation,72364.552912961,TWh,point,260.512390487,EJ/yr,Secondary Energy|Electricity,conditional_scenario_not_forecast,2026-03-20,ngfs-phase5-world-electricity-2020-2100.json
DS-NGFS-PHASE5.1,SRC-NGFS-PHASE5.1,scenario,GCAM 6.0 NGFS,Nationally Determined Contributions (NDCs),NGFS Phase 5.1,World,World,world,2055,final_electricity_consumption,total,all_end_uses,final_energy_electricity_consumption,62255.156782398,TWh,point,224.118564417,EJ_per_year,Final Energy|Electricity,conditional_scenario_not_forecast,2026-03-20,ngfs-phase5-world-electricity-demand-2020-2100.json
DS-NGFS-PHASE5.1,SRC-NGFS-PHASE5.1,scenario,GCAM 6.0 NGFS,Nationally Determined Contributions (NDCs),NGFS Phase 5.1,World,World,world,2055,generation_minus_final_consumption,total,accounting_gap,secondary_generation_minus_final_consumption; includes_model_specific_grid_loss_own_use_and_accounting_effects; not_technical_transmission_loss,10109.396130563,TWh,derived_point,10109.396130563,TWh_derived,Secondary Energy|Electricity - Final Energy|Electricity,derived_from_conditional_scenario,2026-03-20,ngfs-phase5-world-electricity-2020-2100.json + ngfs-phase5-world-electricity-demand-2020-2100.json
DS-NGFS-PHASE5.1,SRC-NGFS-PHASE5.1,scenario,GCAM 6.0 NGFS,Nationally Determined Contributions (NDCs),NGFS Phase 5.1,World,World,world,2060,electricity_generation,total,all_sources,secondary_energy_electricity_generation,79501.640488636,TWh,point,286.205905759,EJ/yr,Secondary Energy|Electricity,conditional_scenario_not_forecast,2026-03-20,ngfs-phase5-world-electricity-2020-2100.json
DS-NGFS-PHASE5.1,SRC-NGFS-PHASE5.1,scenario,GCAM 6.0 NGFS,Nationally Determined Contributions (NDCs),NGFS Phase 5.1,World,World,world,2060,final_electricity_consumption,total,all_end_uses,final_energy_electricity_consumption,68385.794580859,TWh,point,246.188860491,EJ_per_year,Final Energy|Electricity,conditional_scenario_not_forecast,2026-03-20,ngfs-phase5-world-electricity-demand-2020-2100.json
DS-NGFS-PHASE5.1,SRC-NGFS-PHASE5.1,scenario,GCAM 6.0 NGFS,Nationally Determined Contributions (NDCs),NGFS Phase 5.1,World,World,world,2060,generation_minus_final_consumption,total,accounting_gap,secondary_generation_minus_final_consumption; includes_model_specific_grid_loss_own_use_and_accounting_effects; not_technical_transmission_loss,11115.845907777,TWh,derived_point,11115.845907777,TWh_derived,Secondary Energy|Electricity - Final Energy|Electricity,derived_from_conditional_scenario,2026-03-20,ngfs-phase5-world-electricity-2020-2100.json + ngfs-phase5-world-electricity-demand-2020-2100.json
DS-NGFS-PHASE5.1,SRC-NGFS-PHASE5.1,scenario,GCAM 6.0 NGFS,Nationally Determined Contributions (NDCs),NGFS Phase 5.1,World,World,world,2065,electricity_generation,total,all_sources,secondary_energy_electricity_generation,86406.024997058,TWh,point,311.061689989,EJ/yr,Secondary Energy|Electricity,conditional_scenario_not_forecast,2026-03-20,ngfs-phase5-world-electricity-2020-2100.json
DS-NGFS-PHASE5.1,SRC-NGFS-PHASE5.1,scenario,GCAM 6.0 NGFS,Nationally Determined Contributions (NDCs),NGFS Phase 5.1,World,World,world,2065,final_electricity_consumption,total,all_end_uses,final_energy_electricity_consumption,74344.206325338,TWh,point,267.639142771,EJ_per_year,Final Energy|Electricity,conditional_scenario_not_forecast,2026-03-20,ngfs-phase5-world-electricity-demand-2020-2100.json
DS-NGFS-PHASE5.1,SRC-NGFS-PHASE5.1,scenario,GCAM 6.0 NGFS,Nationally Determined Contributions (NDCs),NGFS Phase 5.1,World,World,world,2065,generation_minus_final_consumption,total,accounting_gap,secondary_generation_minus_final_consumption; includes_model_specific_grid_loss_own_use_and_accounting_effects; not_technical_transmission_loss,12061.81867172,TWh,derived_point,12061.81867172,TWh_derived,Secondary Energy|Electricity - Final Energy|Electricity,derived_from_conditional_scenario,2026-03-20,ngfs-phase5-world-electricity-2020-2100.json + ngfs-phase5-world-electricity-demand-2020-2100.json
DS-NGFS-PHASE5.1,SRC-NGFS-PHASE5.1,scenario,GCAM 6.0 NGFS,Nationally Determined Contributions (NDCs),NGFS Phase 5.1,World,World,world,2070,electricity_generation,total,all_sources,secondary_energy_electricity_generation,93387.076290223,TWh,point,336.193474645,EJ/yr,Secondary Energy|Electricity,conditional_scenario_not_forecast,2026-03-20,ngfs-phase5-world-electricity-2020-2100.json
DS-NGFS-PHASE5.1,SRC-NGFS-PHASE5.1,scenario,GCAM 6.0 NGFS,Nationally Determined Contributions (NDCs),NGFS Phase 5.1,World,World,world,2070,final_electricity_consumption,total,all_end_uses,final_energy_electricity_consumption,80324.516994396,TWh,point,289.16826118,EJ_per_year,Final Energy|Electricity,conditional_scenario_not_forecast,2026-03-20,ngfs-phase5-world-electricity-demand-2020-2100.json
DS-NGFS-PHASE5.1,SRC-NGFS-PHASE5.1,scenario,GCAM 6.0 NGFS,Nationally Determined Contributions (NDCs),NGFS Phase 5.1,World,World,world,2070,generation_minus_final_consumption,total,accounting_gap,secondary_generation_minus_final_consumption; includes_model_specific_grid_loss_own_use_and_accounting_effects; not_technical_transmission_loss,13062.559295827,TWh,derived_point,13062.559295827,TWh_derived,Secondary Energy|Electricity - Final Energy|Electricity,derived_from_conditional_scenario,2026-03-20,ngfs-phase5-world-electricity-2020-2100.json + ngfs-phase5-world-electricity-demand-2020-2100.json
DS-NGFS-PHASE5.1,SRC-NGFS-PHASE5.1,scenario,GCAM 6.0 NGFS,Nationally Determined Contributions (NDCs),NGFS Phase 5.1,World,World,world,2075,electricity_generation,total,all_sources,secondary_energy_electricity_generation,100097.71161335,TWh,point,360.351761808,EJ/yr,Secondary Energy|Electricity,conditional_scenario_not_forecast,2026-03-20,ngfs-phase5-world-electricity-2020-2100.json
DS-NGFS-PHASE5.1,SRC-NGFS-PHASE5.1,scenario,GCAM 6.0 NGFS,Nationally Determined Contributions (NDCs),NGFS Phase 5.1,World,World,world,2075,final_electricity_consumption,total,all_end_uses,final_energy_electricity_consumption,86106.826231292,TWh,point,309.984574433,EJ_per_year,Final Energy|Electricity,conditional_scenario_not_forecast,2026-03-20,ngfs-phase5-world-electricity-demand-2020-2100.json
DS-NGFS-PHASE5.1,SRC-NGFS-PHASE5.1,scenario,GCAM 6.0 NGFS,Nationally Determined Contributions (NDCs),NGFS Phase 5.1,World,World,world,2075,generation_minus_final_consumption,total,accounting_gap,secondary_generation_minus_final_consumption; includes_model_specific_grid_loss_own_use_and_accounting_effects; not_technical_transmission_loss,13990.885382058,TWh,derived_point,13990.885382058,TWh_derived,Secondary Energy|Electricity - Final Energy|Electricity,derived_from_conditional_scenario,2026-03-20,ngfs-phase5-world-electricity-2020-2100.json + ngfs-phase5-world-electricity-demand-2020-2100.json
DS-NGFS-PHASE5.1,SRC-NGFS-PHASE5.1,scenario,GCAM 6.0 NGFS,Nationally Determined Contributions (NDCs),NGFS Phase 5.1,World,World,world,2080,electricity_generation,total,all_sources,secondary_energy_electricity_generation,105928.744499543,TWh,point,381.343480198,EJ/yr,Secondary Energy|Electricity,conditional_scenario_not_forecast,2026-03-20,ngfs-phase5-world-electricity-2020-2100.json
DS-NGFS-PHASE5.1,SRC-NGFS-PHASE5.1,scenario,GCAM 6.0 NGFS,Nationally Determined Contributions (NDCs),NGFS Phase 5.1,World,World,world,2080,final_electricity_consumption,total,all_end_uses,final_energy_electricity_consumption,91246.515128407,TWh,point,328.487454462,EJ_per_year,Final Energy|Electricity,conditional_scenario_not_forecast,2026-03-20,ngfs-phase5-world-electricity-demand-2020-2100.json
DS-NGFS-PHASE5.1,SRC-NGFS-PHASE5.1,scenario,GCAM 6.0 NGFS,Nationally Determined Contributions (NDCs),NGFS Phase 5.1,World,World,world,2080,generation_minus_final_consumption,total,accounting_gap,secondary_generation_minus_final_consumption; includes_model_specific_grid_loss_own_use_and_accounting_effects; not_technical_transmission_loss,14682.229371136,TWh,derived_point,14682.229371136,TWh_derived,Secondary Energy|Electricity - Final Energy|Electricity,derived_from_conditional_scenario,2026-03-20,ngfs-phase5-world-electricity-2020-2100.json + ngfs-phase5-world-electricity-demand-2020-2100.json
DS-NGFS-PHASE5.1,SRC-NGFS-PHASE5.1,scenario,GCAM 6.0 NGFS,Nationally Determined Contributions (NDCs),NGFS Phase 5.1,World,World,world,2085,electricity_generation,total,all_sources,secondary_energy_electricity_generation,111679.591498482,TWh,point,402.046529395,EJ/yr,Secondary Energy|Electricity,conditional_scenario_not_forecast,2026-03-20,ngfs-phase5-world-electricity-2020-2100.json
DS-NGFS-PHASE5.1,SRC-NGFS-PHASE5.1,scenario,GCAM 6.0 NGFS,Nationally Determined Contributions (NDCs),NGFS Phase 5.1,World,World,world,2085,final_electricity_consumption,total,all_end_uses,final_energy_electricity_consumption,96246.403554403,TWh,point,346.487052796,EJ_per_year,Final Energy|Electricity,conditional_scenario_not_forecast,2026-03-20,ngfs-phase5-world-electricity-demand-2020-2100.json
DS-NGFS-PHASE5.1,SRC-NGFS-PHASE5.1,scenario,GCAM 6.0 NGFS,Nationally Determined Contributions (NDCs),NGFS Phase 5.1,World,World,world,2085,generation_minus_final_consumption,total,accounting_gap,secondary_generation_minus_final_consumption; includes_model_specific_grid_loss_own_use_and_accounting_effects; not_technical_transmission_loss,15433.187944079,TWh,derived_point,15433.187944079,TWh_derived,Secondary Energy|Electricity - Final Energy|Electricity,derived_from_conditional_scenario,2026-03-20,ngfs-phase5-world-electricity-2020-2100.json + ngfs-phase5-world-electricity-demand-2020-2100.json
DS-NGFS-PHASE5.1,SRC-NGFS-PHASE5.1,scenario,GCAM 6.0 NGFS,Nationally Determined Contributions (NDCs),NGFS Phase 5.1,World,World,world,2090,electricity_generation,total,all_sources,secondary_energy_electricity_generation,116954.947500975,TWh,point,421.037811004,EJ/yr,Secondary Energy|Electricity,conditional_scenario_not_forecast,2026-03-20,ngfs-phase5-world-electricity-2020-2100.json
DS-NGFS-PHASE5.1,SRC-NGFS-PHASE5.1,scenario,GCAM 6.0 NGFS,Nationally Determined Contributions (NDCs),NGFS Phase 5.1,World,World,world,2090,final_electricity_consumption,total,all_end_uses,final_energy_electricity_consumption,100891.357057709,TWh,point,363.208885408,EJ_per_year,Final Energy|Electricity,conditional_scenario_not_forecast,2026-03-20,ngfs-phase5-world-electricity-demand-2020-2100.json
DS-NGFS-PHASE5.1,SRC-NGFS-PHASE5.1,scenario,GCAM 6.0 NGFS,Nationally Determined Contributions (NDCs),NGFS Phase 5.1,World,World,world,2090,generation_minus_final_consumption,total,accounting_gap,secondary_generation_minus_final_consumption; includes_model_specific_grid_loss_own_use_and_accounting_effects; not_technical_transmission_loss,16063.590443266,TWh,derived_point,16063.590443266,TWh_derived,Secondary Energy|Electricity - Final Energy|Electricity,derived_from_conditional_scenario,2026-03-20,ngfs-phase5-world-electricity-2020-2100.json + ngfs-phase5-world-electricity-demand-2020-2100.json
DS-NGFS-PHASE5.1,SRC-NGFS-PHASE5.1,scenario,GCAM 6.0 NGFS,Nationally Determined Contributions (NDCs),NGFS Phase 5.1,World,World,world,2095,electricity_generation,total,all_sources,secondary_energy_electricity_generation,121675.353219794,TWh,point,438.031271591,EJ/yr,Secondary Energy|Electricity,conditional_scenario_not_forecast,2026-03-20,ngfs-phase5-world-electricity-2020-2100.json
DS-NGFS-PHASE5.1,SRC-NGFS-PHASE5.1,scenario,GCAM 6.0 NGFS,Nationally Determined Contributions (NDCs),NGFS Phase 5.1,World,World,world,2095,final_electricity_consumption,total,all_end_uses,final_energy_electricity_consumption,105018.618340692,TWh,point,378.067026026,EJ_per_year,Final Energy|Electricity,conditional_scenario_not_forecast,2026-03-20,ngfs-phase5-world-electricity-demand-2020-2100.json
DS-NGFS-PHASE5.1,SRC-NGFS-PHASE5.1,scenario,GCAM 6.0 NGFS,Nationally Determined Contributions (NDCs),NGFS Phase 5.1,World,World,world,2095,generation_minus_final_consumption,total,accounting_gap,secondary_generation_minus_final_consumption; includes_model_specific_grid_loss_own_use_and_accounting_effects; not_technical_transmission_loss,16656.734879102,TWh,derived_point,16656.734879102,TWh_derived,Secondary Energy|Electricity - Final Energy|Electricity,derived_from_conditional_scenario,2026-03-20,ngfs-phase5-world-electricity-2020-2100.json + ngfs-phase5-world-electricity-demand-2020-2100.json
DS-NGFS-PHASE5.1,SRC-NGFS-PHASE5.1,scenario,GCAM 6.0 NGFS,Nationally Determined Contributions (NDCs),NGFS Phase 5.1,World,World,world,2100,electricity_generation,total,all_sources,secondary_energy_electricity_generation,126754.948571561,TWh,point,456.317814858,EJ/yr,Secondary Energy|Electricity,conditional_scenario_not_forecast,2026-03-20,ngfs-phase5-world-electricity-2020-2100.json
DS-NGFS-PHASE5.1,SRC-NGFS-PHASE5.1,scenario,GCAM 6.0 NGFS,Nationally Determined Contributions (NDCs),NGFS Phase 5.1,World,World,world,2100,final_electricity_consumption,total,all_end_uses,final_energy_electricity_consumption,109314.376526531,TWh,point,393.531755496,EJ_per_year,Final Energy|Electricity,conditional_scenario_not_forecast,2026-03-20,ngfs-phase5-world-electricity-demand-2020-2100.json
DS-NGFS-PHASE5.1,SRC-NGFS-PHASE5.1,scenario,GCAM 6.0 NGFS,Nationally Determined Contributions (NDCs),NGFS Phase 5.1,World,World,world,2100,generation_minus_final_consumption,total,accounting_gap,secondary_generation_minus_final_consumption; includes_model_specific_grid_loss_own_use_and_accounting_effects; not_technical_transmission_loss,17440.57204503,TWh,derived_point,17440.57204503,TWh_derived,Secondary Energy|Electricity - Final Energy|Electricity,derived_from_conditional_scenario,2026-03-20,ngfs-phase5-world-electricity-2020-2100.json + ngfs-phase5-world-electricity-demand-2020-2100.json
DS-NGFS-PHASE5.1,SRC-NGFS-PHASE5.1,scenario,GCAM 6.0 NGFS,Net Zero 2050,NGFS Phase 5.1,World,World,world,2020,electricity_generation,total,all_sources,secondary_energy_electricity_generation,27593.414115713,TWh,point,99.336290817,EJ/yr,Secondary Energy|Electricity,conditional_scenario_not_forecast,2026-03-20,ngfs-phase5-world-electricity-2020-2100.json
DS-NGFS-PHASE5.1,SRC-NGFS-PHASE5.1,scenario,GCAM 6.0 NGFS,Net Zero 2050,NGFS Phase 5.1,World,World,world,2020,final_electricity_consumption,total,all_end_uses,final_energy_electricity_consumption,24152.448895997,TWh,point,86.948816026,EJ_per_year,Final Energy|Electricity,conditional_scenario_not_forecast,2026-03-20,ngfs-phase5-world-electricity-demand-2020-2100.json
DS-NGFS-PHASE5.1,SRC-NGFS-PHASE5.1,scenario,GCAM 6.0 NGFS,Net Zero 2050,NGFS Phase 5.1,World,World,world,2020,generation_minus_final_consumption,total,accounting_gap,secondary_generation_minus_final_consumption; includes_model_specific_grid_loss_own_use_and_accounting_effects; not_technical_transmission_loss,3440.965219716,TWh,derived_point,3440.965219716,TWh_derived,Secondary Energy|Electricity - Final Energy|Electricity,derived_from_conditional_scenario,2026-03-20,ngfs-phase5-world-electricity-2020-2100.json + ngfs-phase5-world-electricity-demand-2020-2100.json
DS-NGFS-PHASE5.1,SRC-NGFS-PHASE5.1,scenario,GCAM 6.0 NGFS,Net Zero 2050,NGFS Phase 5.1,World,World,world,2025,electricity_generation,total,all_sources,secondary_energy_electricity_generation,33761.121696056,TWh,point,121.540038106,EJ/yr,Secondary Energy|Electricity,conditional_scenario_not_forecast,2026-03-20,ngfs-phase5-world-electricity-2020-2100.json
DS-NGFS-PHASE5.1,SRC-NGFS-PHASE5.1,scenario,GCAM 6.0 NGFS,Net Zero 2050,NGFS Phase 5.1,World,World,world,2025,final_electricity_consumption,total,all_end_uses,final_energy_electricity_consumption,29249.919786661,TWh,point,105.299711232,EJ_per_year,Final Energy|Electricity,conditional_scenario_not_forecast,2026-03-20,ngfs-phase5-world-electricity-demand-2020-2100.json
DS-NGFS-PHASE5.1,SRC-NGFS-PHASE5.1,scenario,GCAM 6.0 NGFS,Net Zero 2050,NGFS Phase 5.1,World,World,world,2025,generation_minus_final_consumption,total,accounting_gap,secondary_generation_minus_final_consumption; includes_model_specific_grid_loss_own_use_and_accounting_effects; not_technical_transmission_loss,4511.201909395,TWh,derived_point,4511.201909395,TWh_derived,Secondary Energy|Electricity - Final Energy|Electricity,derived_from_conditional_scenario,2026-03-20,ngfs-phase5-world-electricity-2020-2100.json + ngfs-phase5-world-electricity-demand-2020-2100.json
DS-NGFS-PHASE5.1,SRC-NGFS-PHASE5.1,scenario,GCAM 6.0 NGFS,Net Zero 2050,NGFS Phase 5.1,World,World,world,2030,electricity_generation,total,all_sources,secondary_energy_electricity_generation,39678.906394634,TWh,point,142.844063021,EJ/yr,Secondary Energy|Electricity,conditional_scenario_not_forecast,2026-03-20,ngfs-phase5-world-electricity-2020-2100.json
DS-NGFS-PHASE5.1,SRC-NGFS-PHASE5.1,scenario,GCAM 6.0 NGFS,Net Zero 2050,NGFS Phase 5.1,World,World,world,2030,final_electricity_consumption,total,all_end_uses,final_energy_electricity_consumption,34206.996717394,TWh,point,123.145188183,EJ_per_year,Final Energy|Electricity,conditional_scenario_not_forecast,2026-03-20,ngfs-phase5-world-electricity-demand-2020-2100.json
DS-NGFS-PHASE5.1,SRC-NGFS-PHASE5.1,scenario,GCAM 6.0 NGFS,Net Zero 2050,NGFS Phase 5.1,World,World,world,2030,generation_minus_final_consumption,total,accounting_gap,secondary_generation_minus_final_consumption; includes_model_specific_grid_loss_own_use_and_accounting_effects; not_technical_transmission_loss,5471.90967724,TWh,derived_point,5471.90967724,TWh_derived,Secondary Energy|Electricity - Final Energy|Electricity,derived_from_conditional_scenario,2026-03-20,ngfs-phase5-world-electricity-2020-2100.json + ngfs-phase5-world-electricity-demand-2020-2100.json
DS-NGFS-PHASE5.1,SRC-NGFS-PHASE5.1,scenario,GCAM 6.0 NGFS,Net Zero 2050,NGFS Phase 5.1,World,World,world,2035,electricity_generation,total,all_sources,secondary_energy_electricity_generation,48984.152696099,TWh,point,176.342949706,EJ/yr,Secondary Energy|Electricity,conditional_scenario_not_forecast,2026-03-20,ngfs-phase5-world-electricity-2020-2100.json
DS-NGFS-PHASE5.1,SRC-NGFS-PHASE5.1,scenario,GCAM 6.0 NGFS,Net Zero 2050,NGFS Phase 5.1,World,World,world,2035,final_electricity_consumption,total,all_end_uses,final_energy_electricity_consumption,41952.391171244,TWh,point,151.028608216,EJ_per_year,Final Energy|Electricity,conditional_scenario_not_forecast,2026-03-20,ngfs-phase5-world-electricity-demand-2020-2100.json
DS-NGFS-PHASE5.1,SRC-NGFS-PHASE5.1,scenario,GCAM 6.0 NGFS,Net Zero 2050,NGFS Phase 5.1,World,World,world,2035,generation_minus_final_consumption,total,accounting_gap,secondary_generation_minus_final_consumption; includes_model_specific_grid_loss_own_use_and_accounting_effects; not_technical_transmission_loss,7031.761524855,TWh,derived_point,7031.761524855,TWh_derived,Secondary Energy|Electricity - Final Energy|Electricity,derived_from_conditional_scenario,2026-03-20,ngfs-phase5-world-electricity-2020-2100.json + ngfs-phase5-world-electricity-demand-2020-2100.json
DS-NGFS-PHASE5.1,SRC-NGFS-PHASE5.1,scenario,GCAM 6.0 NGFS,Net Zero 2050,NGFS Phase 5.1,World,World,world,2040,electricity_generation,total,all_sources,secondary_energy_electricity_generation,61615.434929212,TWh,point,221.815565745,EJ/yr,Secondary Energy|Electricity,conditional_scenario_not_forecast,2026-03-20,ngfs-phase5-world-electricity-2020-2100.json
DS-NGFS-PHASE5.1,SRC-NGFS-PHASE5.1,scenario,GCAM 6.0 NGFS,Net Zero 2050,NGFS Phase 5.1,World,World,world,2040,final_electricity_consumption,total,all_end_uses,final_energy_electricity_consumption,52346.983823206,TWh,point,188.449141764,EJ_per_year,Final Energy|Electricity,conditional_scenario_not_forecast,2026-03-20,ngfs-phase5-world-electricity-demand-2020-2100.json
DS-NGFS-PHASE5.1,SRC-NGFS-PHASE5.1,scenario,GCAM 6.0 NGFS,Net Zero 2050,NGFS Phase 5.1,World,World,world,2040,generation_minus_final_consumption,total,accounting_gap,secondary_generation_minus_final_consumption; includes_model_specific_grid_loss_own_use_and_accounting_effects; not_technical_transmission_loss,9268.451106006,TWh,derived_point,9268.451106006,TWh_derived,Secondary Energy|Electricity - Final Energy|Electricity,derived_from_conditional_scenario,2026-03-20,ngfs-phase5-world-electricity-2020-2100.json + ngfs-phase5-world-electricity-demand-2020-2100.json
DS-NGFS-PHASE5.1,SRC-NGFS-PHASE5.1,scenario,GCAM 6.0 NGFS,Net Zero 2050,NGFS Phase 5.1,World,World,world,2045,electricity_generation,total,all_sources,secondary_energy_electricity_generation,78886.324348212,TWh,point,283.990767654,EJ/yr,Secondary Energy|Electricity,conditional_scenario_not_forecast,2026-03-20,ngfs-phase5-world-electricity-2020-2100.json
DS-NGFS-PHASE5.1,SRC-NGFS-PHASE5.1,scenario,GCAM 6.0 NGFS,Net Zero 2050,NGFS Phase 5.1,World,World,world,2045,final_electricity_consumption,total,all_end_uses,final_energy_electricity_consumption,66259.43655078,TWh,point,238.533971583,EJ_per_year,Final Energy|Electricity,conditional_scenario_not_forecast,2026-03-20,ngfs-phase5-world-electricity-demand-2020-2100.json
DS-NGFS-PHASE5.1,SRC-NGFS-PHASE5.1,scenario,GCAM 6.0 NGFS,Net Zero 2050,NGFS Phase 5.1,World,World,world,2045,generation_minus_final_consumption,total,accounting_gap,secondary_generation_minus_final_consumption; includes_model_specific_grid_loss_own_use_and_accounting_effects; not_technical_transmission_loss,12626.887797432,TWh,derived_point,12626.887797432,TWh_derived,Secondary Energy|Electricity - Final Energy|Electricity,derived_from_conditional_scenario,2026-03-20,ngfs-phase5-world-electricity-2020-2100.json + ngfs-phase5-world-electricity-demand-2020-2100.json
DS-NGFS-PHASE5.1,SRC-NGFS-PHASE5.1,scenario,GCAM 6.0 NGFS,Net Zero 2050,NGFS Phase 5.1,World,World,world,2050,electricity_generation,total,all_sources,secondary_energy_electricity_generation,101503.44283037,TWh,point,365.412394189,EJ/yr,Secondary Energy|Electricity,conditional_scenario_not_forecast,2026-03-20,ngfs-phase5-world-electricity-2020-2100.json
DS-NGFS-PHASE5.1,SRC-NGFS-PHASE5.1,scenario,GCAM 6.0 NGFS,Net Zero 2050,NGFS Phase 5.1,World,World,world,2050,final_electricity_consumption,total,all_end_uses,final_energy_electricity_consumption,83736.705118053,TWh,point,301.452138425,EJ_per_year,Final Energy|Electricity,conditional_scenario_not_forecast,2026-03-20,ngfs-phase5-world-electricity-demand-2020-2100.json
DS-NGFS-PHASE5.1,SRC-NGFS-PHASE5.1,scenario,GCAM 6.0 NGFS,Net Zero 2050,NGFS Phase 5.1,World,World,world,2050,generation_minus_final_consumption,total,accounting_gap,secondary_generation_minus_final_consumption; includes_model_specific_grid_loss_own_use_and_accounting_effects; not_technical_transmission_loss,17766.737712317,TWh,derived_point,17766.737712317,TWh_derived,Secondary Energy|Electricity - Final Energy|Electricity,derived_from_conditional_scenario,2026-03-20,ngfs-phase5-world-electricity-2020-2100.json + ngfs-phase5-world-electricity-demand-2020-2100.json
DS-NGFS-PHASE5.1,SRC-NGFS-PHASE5.1,scenario,GCAM 6.0 NGFS,Net Zero 2050,NGFS Phase 5.1,World,World,world,2055,electricity_generation,total,all_sources,secondary_energy_electricity_generation,113593.698982261,TWh,point,408.937316336,EJ/yr,Secondary Energy|Electricity,conditional_scenario_not_forecast,2026-03-20,ngfs-phase5-world-electricity-2020-2100.json
DS-NGFS-PHASE5.1,SRC-NGFS-PHASE5.1,scenario,GCAM 6.0 NGFS,Net Zero 2050,NGFS Phase 5.1,World,World,world,2055,final_electricity_consumption,total,all_end_uses,final_energy_electricity_consumption,93744.482109048,TWh,point,337.480135593,EJ_per_year,Final Energy|Electricity,conditional_scenario_not_forecast,2026-03-20,ngfs-phase5-world-electricity-demand-2020-2100.json
DS-NGFS-PHASE5.1,SRC-NGFS-PHASE5.1,scenario,GCAM 6.0 NGFS,Net Zero 2050,NGFS Phase 5.1,World,World,world,2055,generation_minus_final_consumption,total,accounting_gap,secondary_generation_minus_final_consumption; includes_model_specific_grid_loss_own_use_and_accounting_effects; not_technical_transmission_loss,19849.216873213,TWh,derived_point,19849.216873213,TWh_derived,Secondary Energy|Electricity - Final Energy|Electricity,derived_from_conditional_scenario,2026-03-20,ngfs-phase5-world-electricity-2020-2100.json + ngfs-phase5-world-electricity-demand-2020-2100.json
DS-NGFS-PHASE5.1,SRC-NGFS-PHASE5.1,scenario,GCAM 6.0 NGFS,Net Zero 2050,NGFS Phase 5.1,World,World,world,2060,electricity_generation,total,all_sources,secondary_energy_electricity_generation,125086.792501845,TWh,point,450.312453007,EJ/yr,Secondary Energy|Electricity,conditional_scenario_not_forecast,2026-03-20,ngfs-phase5-world-electricity-2020-2100.json
DS-NGFS-PHASE5.1,SRC-NGFS-PHASE5.1,scenario,GCAM 6.0 NGFS,Net Zero 2050,NGFS Phase 5.1,World,World,world,2060,final_electricity_consumption,total,all_end_uses,final_energy_electricity_consumption,103015.097173627,TWh,point,370.854349825,EJ_per_year,Final Energy|Electricity,conditional_scenario_not_forecast,2026-03-20,ngfs-phase5-world-electricity-demand-2020-2100.json
DS-NGFS-PHASE5.1,SRC-NGFS-PHASE5.1,scenario,GCAM 6.0 NGFS,Net Zero 2050,NGFS Phase 5.1,World,World,world,2060,generation_minus_final_consumption,total,accounting_gap,secondary_generation_minus_final_consumption; includes_model_specific_grid_loss_own_use_and_accounting_effects; not_technical_transmission_loss,22071.695328218,TWh,derived_point,22071.695328218,TWh_derived,Secondary Energy|Electricity - Final Energy|Electricity,derived_from_conditional_scenario,2026-03-20,ngfs-phase5-world-electricity-2020-2100.json + ngfs-phase5-world-electricity-demand-2020-2100.json
DS-NGFS-PHASE5.1,SRC-NGFS-PHASE5.1,scenario,GCAM 6.0 NGFS,Net Zero 2050,NGFS Phase 5.1,World,World,world,2065,electricity_generation,total,all_sources,secondary_energy_electricity_generation,134798.623393967,TWh,point,485.275044218,EJ/yr,Secondary Energy|Electricity,conditional_scenario_not_forecast,2026-03-20,ngfs-phase5-world-electricity-2020-2100.json
DS-NGFS-PHASE5.1,SRC-NGFS-PHASE5.1,scenario,GCAM 6.0 NGFS,Net Zero 2050,NGFS Phase 5.1,World,World,world,2065,final_electricity_consumption,total,all_end_uses,final_energy_electricity_consumption,110932.245182356,TWh,point,399.356082656,EJ_per_year,Final Energy|Electricity,conditional_scenario_not_forecast,2026-03-20,ngfs-phase5-world-electricity-demand-2020-2100.json
DS-NGFS-PHASE5.1,SRC-NGFS-PHASE5.1,scenario,GCAM 6.0 NGFS,Net Zero 2050,NGFS Phase 5.1,World,World,world,2065,generation_minus_final_consumption,total,accounting_gap,secondary_generation_minus_final_consumption; includes_model_specific_grid_loss_own_use_and_accounting_effects; not_technical_transmission_loss,23866.378211611,TWh,derived_point,23866.378211611,TWh_derived,Secondary Energy|Electricity - Final Energy|Electricity,derived_from_conditional_scenario,2026-03-20,ngfs-phase5-world-electricity-2020-2100.json + ngfs-phase5-world-electricity-demand-2020-2100.json
DS-NGFS-PHASE5.1,SRC-NGFS-PHASE5.1,scenario,GCAM 6.0 NGFS,Net Zero 2050,NGFS Phase 5.1,World,World,world,2070,electricity_generation,total,all_sources,secondary_energy_electricity_generation,143330.603888278,TWh,point,515.990173998,EJ/yr,Secondary Energy|Electricity,conditional_scenario_not_forecast,2026-03-20,ngfs-phase5-world-electricity-2020-2100.json
DS-NGFS-PHASE5.1,SRC-NGFS-PHASE5.1,scenario,GCAM 6.0 NGFS,Net Zero 2050,NGFS Phase 5.1,World,World,world,2070,final_electricity_consumption,total,all_end_uses,final_energy_electricity_consumption,117900.32738603,TWh,point,424.44117859,EJ_per_year,Final Energy|Electricity,conditional_scenario_not_forecast,2026-03-20,ngfs-phase5-world-electricity-demand-2020-2100.json
DS-NGFS-PHASE5.1,SRC-NGFS-PHASE5.1,scenario,GCAM 6.0 NGFS,Net Zero 2050,NGFS Phase 5.1,World,World,world,2070,generation_minus_final_consumption,total,accounting_gap,secondary_generation_minus_final_consumption; includes_model_specific_grid_loss_own_use_and_accounting_effects; not_technical_transmission_loss,25430.276502248,TWh,derived_point,25430.276502248,TWh_derived,Secondary Energy|Electricity - Final Energy|Electricity,derived_from_conditional_scenario,2026-03-20,ngfs-phase5-world-electricity-2020-2100.json + ngfs-phase5-world-electricity-demand-2020-2100.json
DS-NGFS-PHASE5.1,SRC-NGFS-PHASE5.1,scenario,GCAM 6.0 NGFS,Net Zero 2050,NGFS Phase 5.1,World,World,world,2075,electricity_generation,total,all_sources,secondary_energy_electricity_generation,150518.516476301,TWh,point,541.866659315,EJ/yr,Secondary Energy|Electricity,conditional_scenario_not_forecast,2026-03-20,ngfs-phase5-world-electricity-2020-2100.json
DS-NGFS-PHASE5.1,SRC-NGFS-PHASE5.1,scenario,GCAM 6.0 NGFS,Net Zero 2050,NGFS Phase 5.1,World,World,world,2075,final_electricity_consumption,total,all_end_uses,final_energy_electricity_consumption,123788.582448552,TWh,point,445.638896815,EJ_per_year,Final Energy|Electricity,conditional_scenario_not_forecast,2026-03-20,ngfs-phase5-world-electricity-demand-2020-2100.json
DS-NGFS-PHASE5.1,SRC-NGFS-PHASE5.1,scenario,GCAM 6.0 NGFS,Net Zero 2050,NGFS Phase 5.1,World,World,world,2075,generation_minus_final_consumption,total,accounting_gap,secondary_generation_minus_final_consumption; includes_model_specific_grid_loss_own_use_and_accounting_effects; not_technical_transmission_loss,26729.934027749,TWh,derived_point,26729.934027749,TWh_derived,Secondary Energy|Electricity - Final Energy|Electricity,derived_from_conditional_scenario,2026-03-20,ngfs-phase5-world-electricity-2020-2100.json + ngfs-phase5-world-electricity-demand-2020-2100.json
DS-NGFS-PHASE5.1,SRC-NGFS-PHASE5.1,scenario,GCAM 6.0 NGFS,Net Zero 2050,NGFS Phase 5.1,World,World,world,2080,electricity_generation,total,all_sources,secondary_energy_electricity_generation,156530.657599174,TWh,point,563.510367357,EJ/yr,Secondary Energy|Electricity,conditional_scenario_not_forecast,2026-03-20,ngfs-phase5-world-electricity-2020-2100.json
DS-NGFS-PHASE5.1,SRC-NGFS-PHASE5.1,scenario,GCAM 6.0 NGFS,Net Zero 2050,NGFS Phase 5.1,World,World,world,2080,final_electricity_consumption,total,all_end_uses,final_energy_electricity_consumption,128696.765093916,TWh,point,463.308354338,EJ_per_year,Final Energy|Electricity,conditional_scenario_not_forecast,2026-03-20,ngfs-phase5-world-electricity-demand-2020-2100.json
DS-NGFS-PHASE5.1,SRC-NGFS-PHASE5.1,scenario,GCAM 6.0 NGFS,Net Zero 2050,NGFS Phase 5.1,World,World,world,2080,generation_minus_final_consumption,total,accounting_gap,secondary_generation_minus_final_consumption; includes_model_specific_grid_loss_own_use_and_accounting_effects; not_technical_transmission_loss,27833.892505258,TWh,derived_point,27833.892505258,TWh_derived,Secondary Energy|Electricity - Final Energy|Electricity,derived_from_conditional_scenario,2026-03-20,ngfs-phase5-world-electricity-2020-2100.json + ngfs-phase5-world-electricity-demand-2020-2100.json
DS-NGFS-PHASE5.1,SRC-NGFS-PHASE5.1,scenario,GCAM 6.0 NGFS,Net Zero 2050,NGFS Phase 5.1,World,World,world,2085,electricity_generation,total,all_sources,secondary_energy_electricity_generation,161680.739728904,TWh,point,582.050663024,EJ/yr,Secondary Energy|Electricity,conditional_scenario_not_forecast,2026-03-20,ngfs-phase5-world-electricity-2020-2100.json
DS-NGFS-PHASE5.1,SRC-NGFS-PHASE5.1,scenario,GCAM 6.0 NGFS,Net Zero 2050,NGFS Phase 5.1,World,World,world,2085,final_electricity_consumption,total,all_end_uses,final_energy_electricity_consumption,133055.911883044,TWh,point,479.001282779,EJ_per_year,Final Energy|Electricity,conditional_scenario_not_forecast,2026-03-20,ngfs-phase5-world-electricity-demand-2020-2100.json
DS-NGFS-PHASE5.1,SRC-NGFS-PHASE5.1,scenario,GCAM 6.0 NGFS,Net Zero 2050,NGFS Phase 5.1,World,World,world,2085,generation_minus_final_consumption,total,accounting_gap,secondary_generation_minus_final_consumption; includes_model_specific_grid_loss_own_use_and_accounting_effects; not_technical_transmission_loss,28624.82784586,TWh,derived_point,28624.82784586,TWh_derived,Secondary Energy|Electricity - Final Energy|Electricity,derived_from_conditional_scenario,2026-03-20,ngfs-phase5-world-electricity-2020-2100.json + ngfs-phase5-world-electricity-demand-2020-2100.json
DS-NGFS-PHASE5.1,SRC-NGFS-PHASE5.1,scenario,GCAM 6.0 NGFS,Net Zero 2050,NGFS Phase 5.1,World,World,world,2090,electricity_generation,total,all_sources,secondary_energy_electricity_generation,166341.524801501,TWh,point,598.829489285,EJ/yr,Secondary Energy|Electricity,conditional_scenario_not_forecast,2026-03-20,ngfs-phase5-world-electricity-2020-2100.json
DS-NGFS-PHASE5.1,SRC-NGFS-PHASE5.1,scenario,GCAM 6.0 NGFS,Net Zero 2050,NGFS Phase 5.1,World,World,world,2090,final_electricity_consumption,total,all_end_uses,final_energy_electricity_consumption,137045.341699747,TWh,point,493.363230119,EJ_per_year,Final Energy|Electricity,conditional_scenario_not_forecast,2026-03-20,ngfs-phase5-world-electricity-demand-2020-2100.json
DS-NGFS-PHASE5.1,SRC-NGFS-PHASE5.1,scenario,GCAM 6.0 NGFS,Net Zero 2050,NGFS Phase 5.1,World,World,world,2090,generation_minus_final_consumption,total,accounting_gap,secondary_generation_minus_final_consumption; includes_model_specific_grid_loss_own_use_and_accounting_effects; not_technical_transmission_loss,29296.183101754,TWh,derived_point,29296.183101754,TWh_derived,Secondary Energy|Electricity - Final Energy|Electricity,derived_from_conditional_scenario,2026-03-20,ngfs-phase5-world-electricity-2020-2100.json + ngfs-phase5-world-electricity-demand-2020-2100.json
DS-NGFS-PHASE5.1,SRC-NGFS-PHASE5.1,scenario,GCAM 6.0 NGFS,Net Zero 2050,NGFS Phase 5.1,World,World,world,2095,electricity_generation,total,all_sources,secondary_energy_electricity_generation,170449.02904249,TWh,point,613.616504553,EJ/yr,Secondary Energy|Electricity,conditional_scenario_not_forecast,2026-03-20,ngfs-phase5-world-electricity-2020-2100.json
DS-NGFS-PHASE5.1,SRC-NGFS-PHASE5.1,scenario,GCAM 6.0 NGFS,Net Zero 2050,NGFS Phase 5.1,World,World,world,2095,final_electricity_consumption,total,all_end_uses,final_energy_electricity_consumption,140564.360751524,TWh,point,506.031698705,EJ_per_year,Final Energy|Electricity,conditional_scenario_not_forecast,2026-03-20,ngfs-phase5-world-electricity-demand-2020-2100.json
DS-NGFS-PHASE5.1,SRC-NGFS-PHASE5.1,scenario,GCAM 6.0 NGFS,Net Zero 2050,NGFS Phase 5.1,World,World,world,2095,generation_minus_final_consumption,total,accounting_gap,secondary_generation_minus_final_consumption; includes_model_specific_grid_loss_own_use_and_accounting_effects; not_technical_transmission_loss,29884.668290966,TWh,derived_point,29884.668290966,TWh_derived,Secondary Energy|Electricity - Final Energy|Electricity,derived_from_conditional_scenario,2026-03-20,ngfs-phase5-world-electricity-2020-2100.json + ngfs-phase5-world-electricity-demand-2020-2100.json
DS-NGFS-PHASE5.1,SRC-NGFS-PHASE5.1,scenario,GCAM 6.0 NGFS,Net Zero 2050,NGFS Phase 5.1,World,World,world,2100,electricity_generation,total,all_sources,secondary_energy_electricity_generation,174303.022345104,TWh,point,627.490880442,EJ/yr,Secondary Energy|Electricity,conditional_scenario_not_forecast,2026-03-20,ngfs-phase5-world-electricity-2020-2100.json
DS-NGFS-PHASE5.1,SRC-NGFS-PHASE5.1,scenario,GCAM 6.0 NGFS,Net Zero 2050,NGFS Phase 5.1,World,World,world,2100,final_electricity_consumption,total,all_end_uses,final_energy_electricity_consumption,143847.348323328,TWh,point,517.850453964,EJ_per_year,Final Energy|Electricity,conditional_scenario_not_forecast,2026-03-20,ngfs-phase5-world-electricity-demand-2020-2100.json
DS-NGFS-PHASE5.1,SRC-NGFS-PHASE5.1,scenario,GCAM 6.0 NGFS,Net Zero 2050,NGFS Phase 5.1,World,World,world,2100,generation_minus_final_consumption,total,accounting_gap,secondary_generation_minus_final_consumption; includes_model_specific_grid_loss_own_use_and_accounting_effects; not_technical_transmission_loss,30455.674021776,TWh,derived_point,30455.674021776,TWh_derived,Secondary Energy|Electricity - Final Energy|Electricity,derived_from_conditional_scenario,2026-03-20,ngfs-phase5-world-electricity-2020-2100.json + ngfs-phase5-world-electricity-demand-2020-2100.json
DS-NGFS-PHASE5.1,SRC-NGFS-PHASE5.1,scenario,MESSAGEix-GLOBIOM 2.0-M-R12-NGFS,Below 2°C,NGFS Phase 5.1,World,World,world,2020,electricity_generation,total,all_sources,secondary_energy_electricity_generation,26752.628601254,TWh,point,96.309462965,EJ/yr,Secondary Energy|Electricity,conditional_scenario_not_forecast,2026-03-20,ngfs-phase5-world-electricity-2020-2100.json
DS-NGFS-PHASE5.1,SRC-NGFS-PHASE5.1,scenario,MESSAGEix-GLOBIOM 2.0-M-R12-NGFS,Below 2°C,NGFS Phase 5.1,World,World,world,2020,final_electricity_consumption,total,all_end_uses,final_energy_electricity_consumption,22748.490748523,TWh,point,81.894566695,EJ_per_year,Final Energy|Electricity,conditional_scenario_not_forecast,2026-03-20,ngfs-phase5-world-electricity-demand-2020-2100.json
DS-NGFS-PHASE5.1,SRC-NGFS-PHASE5.1,scenario,MESSAGEix-GLOBIOM 2.0-M-R12-NGFS,Below 2°C,NGFS Phase 5.1,World,World,world,2020,generation_minus_final_consumption,total,accounting_gap,secondary_generation_minus_final_consumption; includes_model_specific_grid_loss_own_use_and_accounting_effects; not_technical_transmission_loss,4004.137852731,TWh,derived_point,4004.137852731,TWh_derived,Secondary Energy|Electricity - Final Energy|Electricity,derived_from_conditional_scenario,2026-03-20,ngfs-phase5-world-electricity-2020-2100.json + ngfs-phase5-world-electricity-demand-2020-2100.json
DS-NGFS-PHASE5.1,SRC-NGFS-PHASE5.1,scenario,MESSAGEix-GLOBIOM 2.0-M-R12-NGFS,Below 2°C,NGFS Phase 5.1,World,World,world,2025,electricity_generation,total,all_sources,secondary_energy_electricity_generation,30720.620789132,TWh,point,110.594234841,EJ/yr,Secondary Energy|Electricity,conditional_scenario_not_forecast,2026-03-20,ngfs-phase5-world-electricity-2020-2100.json
DS-NGFS-PHASE5.1,SRC-NGFS-PHASE5.1,scenario,MESSAGEix-GLOBIOM 2.0-M-R12-NGFS,Below 2°C,NGFS Phase 5.1,World,World,world,2025,final_electricity_consumption,total,all_end_uses,final_energy_electricity_consumption,26638.398374144,TWh,point,95.898234147,EJ_per_year,Final Energy|Electricity,conditional_scenario_not_forecast,2026-03-20,ngfs-phase5-world-electricity-demand-2020-2100.json
DS-NGFS-PHASE5.1,SRC-NGFS-PHASE5.1,scenario,MESSAGEix-GLOBIOM 2.0-M-R12-NGFS,Below 2°C,NGFS Phase 5.1,World,World,world,2025,generation_minus_final_consumption,total,accounting_gap,secondary_generation_minus_final_consumption; includes_model_specific_grid_loss_own_use_and_accounting_effects; not_technical_transmission_loss,4082.222414988,TWh,derived_point,4082.222414988,TWh_derived,Secondary Energy|Electricity - Final Energy|Electricity,derived_from_conditional_scenario,2026-03-20,ngfs-phase5-world-electricity-2020-2100.json + ngfs-phase5-world-electricity-demand-2020-2100.json
DS-NGFS-PHASE5.1,SRC-NGFS-PHASE5.1,scenario,MESSAGEix-GLOBIOM 2.0-M-R12-NGFS,Below 2°C,NGFS Phase 5.1,World,World,world,2030,electricity_generation,total,all_sources,secondary_energy_electricity_generation,33792.927492111,TWh,point,121.654538972,EJ/yr,Secondary Energy|Electricity,conditional_scenario_not_forecast,2026-03-20,ngfs-phase5-world-electricity-2020-2100.json
DS-NGFS-PHASE5.1,SRC-NGFS-PHASE5.1,scenario,MESSAGEix-GLOBIOM 2.0-M-R12-NGFS,Below 2°C,NGFS Phase 5.1,World,World,world,2030,final_electricity_consumption,total,all_end_uses,final_energy_electricity_consumption,29656.497767116,TWh,point,106.763391962,EJ_per_year,Final Energy|Electricity,conditional_scenario_not_forecast,2026-03-20,ngfs-phase5-world-electricity-demand-2020-2100.json
DS-NGFS-PHASE5.1,SRC-NGFS-PHASE5.1,scenario,MESSAGEix-GLOBIOM 2.0-M-R12-NGFS,Below 2°C,NGFS Phase 5.1,World,World,world,2030,generation_minus_final_consumption,total,accounting_gap,secondary_generation_minus_final_consumption; includes_model_specific_grid_loss_own_use_and_accounting_effects; not_technical_transmission_loss,4136.429724995,TWh,derived_point,4136.429724995,TWh_derived,Secondary Energy|Electricity - Final Energy|Electricity,derived_from_conditional_scenario,2026-03-20,ngfs-phase5-world-electricity-2020-2100.json + ngfs-phase5-world-electricity-demand-2020-2100.json
DS-NGFS-PHASE5.1,SRC-NGFS-PHASE5.1,scenario,MESSAGEix-GLOBIOM 2.0-M-R12-NGFS,Below 2°C,NGFS Phase 5.1,World,World,world,2035,electricity_generation,total,all_sources,secondary_energy_electricity_generation,38238.540797407,TWh,point,137.658746871,EJ/yr,Secondary Energy|Electricity,conditional_scenario_not_forecast,2026-03-20,ngfs-phase5-world-electricity-2020-2100.json
DS-NGFS-PHASE5.1,SRC-NGFS-PHASE5.1,scenario,MESSAGEix-GLOBIOM 2.0-M-R12-NGFS,Below 2°C,NGFS Phase 5.1,World,World,world,2035,final_electricity_consumption,total,all_end_uses,final_energy_electricity_consumption,33563.06565713,TWh,point,120.827036366,EJ_per_year,Final Energy|Electricity,conditional_scenario_not_forecast,2026-03-20,ngfs-phase5-world-electricity-demand-2020-2100.json
DS-NGFS-PHASE5.1,SRC-NGFS-PHASE5.1,scenario,MESSAGEix-GLOBIOM 2.0-M-R12-NGFS,Below 2°C,NGFS Phase 5.1,World,World,world,2035,generation_minus_final_consumption,total,accounting_gap,secondary_generation_minus_final_consumption; includes_model_specific_grid_loss_own_use_and_accounting_effects; not_technical_transmission_loss,4675.475140277,TWh,derived_point,4675.475140277,TWh_derived,Secondary Energy|Electricity - Final Energy|Electricity,derived_from_conditional_scenario,2026-03-20,ngfs-phase5-world-electricity-2020-2100.json + ngfs-phase5-world-electricity-demand-2020-2100.json
DS-NGFS-PHASE5.1,SRC-NGFS-PHASE5.1,scenario,MESSAGEix-GLOBIOM 2.0-M-R12-NGFS,Below 2°C,NGFS Phase 5.1,World,World,world,2040,electricity_generation,total,all_sources,secondary_energy_electricity_generation,43673.557025865,TWh,point,157.224805293,EJ/yr,Secondary Energy|Electricity,conditional_scenario_not_forecast,2026-03-20,ngfs-phase5-world-electricity-2020-2100.json
DS-NGFS-PHASE5.1,SRC-NGFS-PHASE5.1,scenario,MESSAGEix-GLOBIOM 2.0-M-R12-NGFS,Below 2°C,NGFS Phase 5.1,World,World,world,2040,final_electricity_consumption,total,all_end_uses,final_energy_electricity_consumption,38078.376822869,TWh,point,137.082156562,EJ_per_year,Final Energy|Electricity,conditional_scenario_not_forecast,2026-03-20,ngfs-phase5-world-electricity-demand-2020-2100.json
DS-NGFS-PHASE5.1,SRC-NGFS-PHASE5.1,scenario,MESSAGEix-GLOBIOM 2.0-M-R12-NGFS,Below 2°C,NGFS Phase 5.1,World,World,world,2040,generation_minus_final_consumption,total,accounting_gap,secondary_generation_minus_final_consumption; includes_model_specific_grid_loss_own_use_and_accounting_effects; not_technical_transmission_loss,5595.180202996,TWh,derived_point,5595.180202996,TWh_derived,Secondary Energy|Electricity - Final Energy|Electricity,derived_from_conditional_scenario,2026-03-20,ngfs-phase5-world-electricity-2020-2100.json + ngfs-phase5-world-electricity-demand-2020-2100.json
DS-NGFS-PHASE5.1,SRC-NGFS-PHASE5.1,scenario,MESSAGEix-GLOBIOM 2.0-M-R12-NGFS,Below 2°C,NGFS Phase 5.1,World,World,world,2045,electricity_generation,total,all_sources,secondary_energy_electricity_generation,50884.306423477,TWh,point,183.183503125,EJ/yr,Secondary Energy|Electricity,conditional_scenario_not_forecast,2026-03-20,ngfs-phase5-world-electricity-2020-2100.json
DS-NGFS-PHASE5.1,SRC-NGFS-PHASE5.1,scenario,MESSAGEix-GLOBIOM 2.0-M-R12-NGFS,Below 2°C,NGFS Phase 5.1,World,World,world,2045,final_electricity_consumption,total,all_end_uses,final_energy_electricity_consumption,43570.174012049,TWh,point,156.852626443,EJ_per_year,Final Energy|Electricity,conditional_scenario_not_forecast,2026-03-20,ngfs-phase5-world-electricity-demand-2020-2100.json
DS-NGFS-PHASE5.1,SRC-NGFS-PHASE5.1,scenario,MESSAGEix-GLOBIOM 2.0-M-R12-NGFS,Below 2°C,NGFS Phase 5.1,World,World,world,2045,generation_minus_final_consumption,total,accounting_gap,secondary_generation_minus_final_consumption; includes_model_specific_grid_loss_own_use_and_accounting_effects; not_technical_transmission_loss,7314.132411428,TWh,derived_point,7314.132411428,TWh_derived,Secondary Energy|Electricity - Final Energy|Electricity,derived_from_conditional_scenario,2026-03-20,ngfs-phase5-world-electricity-2020-2100.json + ngfs-phase5-world-electricity-demand-2020-2100.json
DS-NGFS-PHASE5.1,SRC-NGFS-PHASE5.1,scenario,MESSAGEix-GLOBIOM 2.0-M-R12-NGFS,Below 2°C,NGFS Phase 5.1,World,World,world,2050,electricity_generation,total,all_sources,secondary_energy_electricity_generation,58150.965141154,TWh,point,209.343474508,EJ/yr,Secondary Energy|Electricity,conditional_scenario_not_forecast,2026-03-20,ngfs-phase5-world-electricity-2020-2100.json
DS-NGFS-PHASE5.1,SRC-NGFS-PHASE5.1,scenario,MESSAGEix-GLOBIOM 2.0-M-R12-NGFS,Below 2°C,NGFS Phase 5.1,World,World,world,2050,final_electricity_consumption,total,all_end_uses,final_energy_electricity_consumption,48948.163302541,TWh,point,176.213387889,EJ_per_year,Final Energy|Electricity,conditional_scenario_not_forecast,2026-03-20,ngfs-phase5-world-electricity-demand-2020-2100.json
DS-NGFS-PHASE5.1,SRC-NGFS-PHASE5.1,scenario,MESSAGEix-GLOBIOM 2.0-M-R12-NGFS,Below 2°C,NGFS Phase 5.1,World,World,world,2050,generation_minus_final_consumption,total,accounting_gap,secondary_generation_minus_final_consumption; includes_model_specific_grid_loss_own_use_and_accounting_effects; not_technical_transmission_loss,9202.801838613,TWh,derived_point,9202.801838613,TWh_derived,Secondary Energy|Electricity - Final Energy|Electricity,derived_from_conditional_scenario,2026-03-20,ngfs-phase5-world-electricity-2020-2100.json + ngfs-phase5-world-electricity-demand-2020-2100.json
DS-NGFS-PHASE5.1,SRC-NGFS-PHASE5.1,scenario,MESSAGEix-GLOBIOM 2.0-M-R12-NGFS,Below 2°C,NGFS Phase 5.1,World,World,world,2055,electricity_generation,total,all_sources,secondary_energy_electricity_generation,65062.362922522,TWh,point,234.224506521,EJ/yr,Secondary Energy|Electricity,conditional_scenario_not_forecast,2026-03-20,ngfs-phase5-world-electricity-2020-2100.json
DS-NGFS-PHASE5.1,SRC-NGFS-PHASE5.1,scenario,MESSAGEix-GLOBIOM 2.0-M-R12-NGFS,Below 2°C,NGFS Phase 5.1,World,World,world,2055,final_electricity_consumption,total,all_end_uses,final_energy_electricity_consumption,53722.316045324,TWh,point,193.400337763,EJ_per_year,Final Energy|Electricity,conditional_scenario_not_forecast,2026-03-20,ngfs-phase5-world-electricity-demand-2020-2100.json
DS-NGFS-PHASE5.1,SRC-NGFS-PHASE5.1,scenario,MESSAGEix-GLOBIOM 2.0-M-R12-NGFS,Below 2°C,NGFS Phase 5.1,World,World,world,2055,generation_minus_final_consumption,total,accounting_gap,secondary_generation_minus_final_consumption; includes_model_specific_grid_loss_own_use_and_accounting_effects; not_technical_transmission_loss,11340.046877198,TWh,derived_point,11340.046877198,TWh_derived,Secondary Energy|Electricity - Final Energy|Electricity,derived_from_conditional_scenario,2026-03-20,ngfs-phase5-world-electricity-2020-2100.json + ngfs-phase5-world-electricity-demand-2020-2100.json
DS-NGFS-PHASE5.1,SRC-NGFS-PHASE5.1,scenario,MESSAGEix-GLOBIOM 2.0-M-R12-NGFS,Below 2°C,NGFS Phase 5.1,World,World,world,2060,electricity_generation,total,all_sources,secondary_energy_electricity_generation,70842.933649789,TWh,point,255.034561139,EJ/yr,Secondary Energy|Electricity,conditional_scenario_not_forecast,2026-03-20,ngfs-phase5-world-electricity-2020-2100.json
DS-NGFS-PHASE5.1,SRC-NGFS-PHASE5.1,scenario,MESSAGEix-GLOBIOM 2.0-M-R12-NGFS,Below 2°C,NGFS Phase 5.1,World,World,world,2060,final_electricity_consumption,total,all_end_uses,final_energy_electricity_consumption,57426.462617852,TWh,point,206.735265424,EJ_per_year,Final Energy|Electricity,conditional_scenario_not_forecast,2026-03-20,ngfs-phase5-world-electricity-demand-2020-2100.json
DS-NGFS-PHASE5.1,SRC-NGFS-PHASE5.1,scenario,MESSAGEix-GLOBIOM 2.0-M-R12-NGFS,Below 2°C,NGFS Phase 5.1,World,World,world,2060,generation_minus_final_consumption,total,accounting_gap,secondary_generation_minus_final_consumption; includes_model_specific_grid_loss_own_use_and_accounting_effects; not_technical_transmission_loss,13416.471031937,TWh,derived_point,13416.471031937,TWh_derived,Secondary Energy|Electricity - Final Energy|Electricity,derived_from_conditional_scenario,2026-03-20,ngfs-phase5-world-electricity-2020-2100.json + ngfs-phase5-world-electricity-demand-2020-2100.json
DS-NGFS-PHASE5.1,SRC-NGFS-PHASE5.1,scenario,MESSAGEix-GLOBIOM 2.0-M-R12-NGFS,Below 2°C,NGFS Phase 5.1,World,World,world,2070,electricity_generation,total,all_sources,secondary_energy_electricity_generation,83847.598372608,TWh,point,301.851354141,EJ/yr,Secondary Energy|Electricity,conditional_scenario_not_forecast,2026-03-20,ngfs-phase5-world-electricity-2020-2100.json
DS-NGFS-PHASE5.1,SRC-NGFS-PHASE5.1,scenario,MESSAGEix-GLOBIOM 2.0-M-R12-NGFS,Below 2°C,NGFS Phase 5.1,World,World,world,2070,final_electricity_consumption,total,all_end_uses,final_energy_electricity_consumption,64765.872647078,TWh,point,233.157141529,EJ_per_year,Final Energy|Electricity,conditional_scenario_not_forecast,2026-03-20,ngfs-phase5-world-electricity-demand-2020-2100.json
DS-NGFS-PHASE5.1,SRC-NGFS-PHASE5.1,scenario,MESSAGEix-GLOBIOM 2.0-M-R12-NGFS,Below 2°C,NGFS Phase 5.1,World,World,world,2070,generation_minus_final_consumption,total,accounting_gap,secondary_generation_minus_final_consumption; includes_model_specific_grid_loss_own_use_and_accounting_effects; not_technical_transmission_loss,19081.72572553,TWh,derived_point,19081.72572553,TWh_derived,Secondary Energy|Electricity - Final Energy|Electricity,derived_from_conditional_scenario,2026-03-20,ngfs-phase5-world-electricity-2020-2100.json + ngfs-phase5-world-electricity-demand-2020-2100.json
DS-NGFS-PHASE5.1,SRC-NGFS-PHASE5.1,scenario,MESSAGEix-GLOBIOM 2.0-M-R12-NGFS,Below 2°C,NGFS Phase 5.1,World,World,world,2080,electricity_generation,total,all_sources,secondary_energy_electricity_generation,101713.336872194,TWh,point,366.16801274,EJ/yr,Secondary Energy|Electricity,conditional_scenario_not_forecast,2026-03-20,ngfs-phase5-world-electricity-2020-2100.json
DS-NGFS-PHASE5.1,SRC-NGFS-PHASE5.1,scenario,MESSAGEix-GLOBIOM 2.0-M-R12-NGFS,Below 2°C,NGFS Phase 5.1,World,World,world,2080,final_electricity_consumption,total,all_end_uses,final_energy_electricity_consumption,70767.613545061,TWh,point,254.763408762,EJ_per_year,Final Energy|Electricity,conditional_scenario_not_forecast,2026-03-20,ngfs-phase5-world-electricity-demand-2020-2100.json
DS-NGFS-PHASE5.1,SRC-NGFS-PHASE5.1,scenario,MESSAGEix-GLOBIOM 2.0-M-R12-NGFS,Below 2°C,NGFS Phase 5.1,World,World,world,2080,generation_minus_final_consumption,total,accounting_gap,secondary_generation_minus_final_consumption; includes_model_specific_grid_loss_own_use_and_accounting_effects; not_technical_transmission_loss,30945.723327133,TWh,derived_point,30945.723327133,TWh_derived,Secondary Energy|Electricity - Final Energy|Electricity,derived_from_conditional_scenario,2026-03-20,ngfs-phase5-world-electricity-2020-2100.json + ngfs-phase5-world-electricity-demand-2020-2100.json
DS-NGFS-PHASE5.1,SRC-NGFS-PHASE5.1,scenario,MESSAGEix-GLOBIOM 2.0-M-R12-NGFS,Below 2°C,NGFS Phase 5.1,World,World,world,2090,electricity_generation,total,all_sources,secondary_energy_electricity_generation,111551.206457577,TWh,point,401.584343247,EJ/yr,Secondary Energy|Electricity,conditional_scenario_not_forecast,2026-03-20,ngfs-phase5-world-electricity-2020-2100.json
DS-NGFS-PHASE5.1,SRC-NGFS-PHASE5.1,scenario,MESSAGEix-GLOBIOM 2.0-M-R12-NGFS,Below 2°C,NGFS Phase 5.1,World,World,world,2090,final_electricity_consumption,total,all_end_uses,final_energy_electricity_consumption,77032.326723512,TWh,point,277.316376205,EJ_per_year,Final Energy|Electricity,conditional_scenario_not_forecast,2026-03-20,ngfs-phase5-world-electricity-demand-2020-2100.json
DS-NGFS-PHASE5.1,SRC-NGFS-PHASE5.1,scenario,MESSAGEix-GLOBIOM 2.0-M-R12-NGFS,Below 2°C,NGFS Phase 5.1,World,World,world,2090,generation_minus_final_consumption,total,accounting_gap,secondary_generation_minus_final_consumption; includes_model_specific_grid_loss_own_use_and_accounting_effects; not_technical_transmission_loss,34518.879734065,TWh,derived_point,34518.879734065,TWh_derived,Secondary Energy|Electricity - Final Energy|Electricity,derived_from_conditional_scenario,2026-03-20,ngfs-phase5-world-electricity-2020-2100.json + ngfs-phase5-world-electricity-demand-2020-2100.json
DS-NGFS-PHASE5.1,SRC-NGFS-PHASE5.1,scenario,MESSAGEix-GLOBIOM 2.0-M-R12-NGFS,Below 2°C,NGFS Phase 5.1,World,World,world,2100,electricity_generation,total,all_sources,secondary_energy_electricity_generation,120054.382121272,TWh,point,432.195775637,EJ/yr,Secondary Energy|Electricity,conditional_scenario_not_forecast,2026-03-20,ngfs-phase5-world-electricity-2020-2100.json
DS-NGFS-PHASE5.1,SRC-NGFS-PHASE5.1,scenario,MESSAGEix-GLOBIOM 2.0-M-R12-NGFS,Below 2°C,NGFS Phase 5.1,World,World,world,2100,final_electricity_consumption,total,all_end_uses,final_energy_electricity_consumption,82421.356589966,TWh,point,296.716883724,EJ_per_year,Final Energy|Electricity,conditional_scenario_not_forecast,2026-03-20,ngfs-phase5-world-electricity-demand-2020-2100.json
DS-NGFS-PHASE5.1,SRC-NGFS-PHASE5.1,scenario,MESSAGEix-GLOBIOM 2.0-M-R12-NGFS,Below 2°C,NGFS Phase 5.1,World,World,world,2100,generation_minus_final_consumption,total,accounting_gap,secondary_generation_minus_final_consumption; includes_model_specific_grid_loss_own_use_and_accounting_effects; not_technical_transmission_loss,37633.025531306,TWh,derived_point,37633.025531306,TWh_derived,Secondary Energy|Electricity - Final Energy|Electricity,derived_from_conditional_scenario,2026-03-20,ngfs-phase5-world-electricity-2020-2100.json + ngfs-phase5-world-electricity-demand-2020-2100.json
DS-NGFS-PHASE5.1,SRC-NGFS-PHASE5.1,scenario,MESSAGEix-GLOBIOM 2.0-M-R12-NGFS,Current Policies,NGFS Phase 5.1,World,World,world,2020,electricity_generation,total,all_sources,secondary_energy_electricity_generation,26752.628601254,TWh,point,96.309462965,EJ/yr,Secondary Energy|Electricity,conditional_scenario_not_forecast,2026-03-20,ngfs-phase5-world-electricity-2020-2100.json
DS-NGFS-PHASE5.1,SRC-NGFS-PHASE5.1,scenario,MESSAGEix-GLOBIOM 2.0-M-R12-NGFS,Current Policies,NGFS Phase 5.1,World,World,world,2020,final_electricity_consumption,total,all_end_uses,final_energy_electricity_consumption,22748.490748523,TWh,point,81.894566695,EJ_per_year,Final Energy|Electricity,conditional_scenario_not_forecast,2026-03-20,ngfs-phase5-world-electricity-demand-2020-2100.json
DS-NGFS-PHASE5.1,SRC-NGFS-PHASE5.1,scenario,MESSAGEix-GLOBIOM 2.0-M-R12-NGFS,Current Policies,NGFS Phase 5.1,World,World,world,2020,generation_minus_final_consumption,total,accounting_gap,secondary_generation_minus_final_consumption; includes_model_specific_grid_loss_own_use_and_accounting_effects; not_technical_transmission_loss,4004.137852731,TWh,derived_point,4004.137852731,TWh_derived,Secondary Energy|Electricity - Final Energy|Electricity,derived_from_conditional_scenario,2026-03-20,ngfs-phase5-world-electricity-2020-2100.json + ngfs-phase5-world-electricity-demand-2020-2100.json
DS-NGFS-PHASE5.1,SRC-NGFS-PHASE5.1,scenario,MESSAGEix-GLOBIOM 2.0-M-R12-NGFS,Current Policies,NGFS Phase 5.1,World,World,world,2025,electricity_generation,total,all_sources,secondary_energy_electricity_generation,30728.738976278,TWh,point,110.623460315,EJ/yr,Secondary Energy|Electricity,conditional_scenario_not_forecast,2026-03-20,ngfs-phase5-world-electricity-2020-2100.json
DS-NGFS-PHASE5.1,SRC-NGFS-PHASE5.1,scenario,MESSAGEix-GLOBIOM 2.0-M-R12-NGFS,Current Policies,NGFS Phase 5.1,World,World,world,2025,final_electricity_consumption,total,all_end_uses,final_energy_electricity_consumption,26645.358804616,TWh,point,95.923291697,EJ_per_year,Final Energy|Electricity,conditional_scenario_not_forecast,2026-03-20,ngfs-phase5-world-electricity-demand-2020-2100.json
DS-NGFS-PHASE5.1,SRC-NGFS-PHASE5.1,scenario,MESSAGEix-GLOBIOM 2.0-M-R12-NGFS,Current Policies,NGFS Phase 5.1,World,World,world,2025,generation_minus_final_consumption,total,accounting_gap,secondary_generation_minus_final_consumption; includes_model_specific_grid_loss_own_use_and_accounting_effects; not_technical_transmission_loss,4083.380171662,TWh,derived_point,4083.380171662,TWh_derived,Secondary Energy|Electricity - Final Energy|Electricity,derived_from_conditional_scenario,2026-03-20,ngfs-phase5-world-electricity-2020-2100.json + ngfs-phase5-world-electricity-demand-2020-2100.json
DS-NGFS-PHASE5.1,SRC-NGFS-PHASE5.1,scenario,MESSAGEix-GLOBIOM 2.0-M-R12-NGFS,Current Policies,NGFS Phase 5.1,World,World,world,2030,electricity_generation,total,all_sources,secondary_energy_electricity_generation,33846.686060505,TWh,point,121.848069818,EJ/yr,Secondary Energy|Electricity,conditional_scenario_not_forecast,2026-03-20,ngfs-phase5-world-electricity-2020-2100.json
DS-NGFS-PHASE5.1,SRC-NGFS-PHASE5.1,scenario,MESSAGEix-GLOBIOM 2.0-M-R12-NGFS,Current Policies,NGFS Phase 5.1,World,World,world,2030,final_electricity_consumption,total,all_end_uses,final_energy_electricity_consumption,29551.158987412,TWh,point,106.384172355,EJ_per_year,Final Energy|Electricity,conditional_scenario_not_forecast,2026-03-20,ngfs-phase5-world-electricity-demand-2020-2100.json
DS-NGFS-PHASE5.1,SRC-NGFS-PHASE5.1,scenario,MESSAGEix-GLOBIOM 2.0-M-R12-NGFS,Current Policies,NGFS Phase 5.1,World,World,world,2030,generation_minus_final_consumption,total,accounting_gap,secondary_generation_minus_final_consumption; includes_model_specific_grid_loss_own_use_and_accounting_effects; not_technical_transmission_loss,4295.527073093,TWh,derived_point,4295.527073093,TWh_derived,Secondary Energy|Electricity - Final Energy|Electricity,derived_from_conditional_scenario,2026-03-20,ngfs-phase5-world-electricity-2020-2100.json + ngfs-phase5-world-electricity-demand-2020-2100.json
DS-NGFS-PHASE5.1,SRC-NGFS-PHASE5.1,scenario,MESSAGEix-GLOBIOM 2.0-M-R12-NGFS,Current Policies,NGFS Phase 5.1,World,World,world,2035,electricity_generation,total,all_sources,secondary_energy_electricity_generation,36578.691605456,TWh,point,131.68328978,EJ/yr,Secondary Energy|Electricity,conditional_scenario_not_forecast,2026-03-20,ngfs-phase5-world-electricity-2020-2100.json
DS-NGFS-PHASE5.1,SRC-NGFS-PHASE5.1,scenario,MESSAGEix-GLOBIOM 2.0-M-R12-NGFS,Current Policies,NGFS Phase 5.1,World,World,world,2035,final_electricity_consumption,total,all_end_uses,final_energy_electricity_consumption,31968.719223908,TWh,point,115.087389206,EJ_per_year,Final Energy|Electricity,conditional_scenario_not_forecast,2026-03-20,ngfs-phase5-world-electricity-demand-2020-2100.json
DS-NGFS-PHASE5.1,SRC-NGFS-PHASE5.1,scenario,MESSAGEix-GLOBIOM 2.0-M-R12-NGFS,Current Policies,NGFS Phase 5.1,World,World,world,2035,generation_minus_final_consumption,total,accounting_gap,secondary_generation_minus_final_consumption; includes_model_specific_grid_loss_own_use_and_accounting_effects; not_technical_transmission_loss,4609.972381548,TWh,derived_point,4609.972381548,TWh_derived,Secondary Energy|Electricity - Final Energy|Electricity,derived_from_conditional_scenario,2026-03-20,ngfs-phase5-world-electricity-2020-2100.json + ngfs-phase5-world-electricity-demand-2020-2100.json
DS-NGFS-PHASE5.1,SRC-NGFS-PHASE5.1,scenario,MESSAGEix-GLOBIOM 2.0-M-R12-NGFS,Current Policies,NGFS Phase 5.1,World,World,world,2040,electricity_generation,total,all_sources,secondary_energy_electricity_generation,39216.862730991,TWh,point,141.180705832,EJ/yr,Secondary Energy|Electricity,conditional_scenario_not_forecast,2026-03-20,ngfs-phase5-world-electricity-2020-2100.json
DS-NGFS-PHASE5.1,SRC-NGFS-PHASE5.1,scenario,MESSAGEix-GLOBIOM 2.0-M-R12-NGFS,Current Policies,NGFS Phase 5.1,World,World,world,2040,final_electricity_consumption,total,all_end_uses,final_energy_electricity_consumption,34377.444713738,TWh,point,123.758800969,EJ_per_year,Final Energy|Electricity,conditional_scenario_not_forecast,2026-03-20,ngfs-phase5-world-electricity-demand-2020-2100.json
DS-NGFS-PHASE5.1,SRC-NGFS-PHASE5.1,scenario,MESSAGEix-GLOBIOM 2.0-M-R12-NGFS,Current Policies,NGFS Phase 5.1,World,World,world,2040,generation_minus_final_consumption,total,accounting_gap,secondary_generation_minus_final_consumption; includes_model_specific_grid_loss_own_use_and_accounting_effects; not_technical_transmission_loss,4839.418017253,TWh,derived_point,4839.418017253,TWh_derived,Secondary Energy|Electricity - Final Energy|Electricity,derived_from_conditional_scenario,2026-03-20,ngfs-phase5-world-electricity-2020-2100.json + ngfs-phase5-world-electricity-demand-2020-2100.json
DS-NGFS-PHASE5.1,SRC-NGFS-PHASE5.1,scenario,MESSAGEix-GLOBIOM 2.0-M-R12-NGFS,Current Policies,NGFS Phase 5.1,World,World,world,2045,electricity_generation,total,all_sources,secondary_energy_electricity_generation,42485.895938389,TWh,point,152.949225378,EJ/yr,Secondary Energy|Electricity,conditional_scenario_not_forecast,2026-03-20,ngfs-phase5-world-electricity-2020-2100.json
DS-NGFS-PHASE5.1,SRC-NGFS-PHASE5.1,scenario,MESSAGEix-GLOBIOM 2.0-M-R12-NGFS,Current Policies,NGFS Phase 5.1,World,World,world,2045,final_electricity_consumption,total,all_end_uses,final_energy_electricity_consumption,37321.078485835,TWh,point,134.355882549,EJ_per_year,Final Energy|Electricity,conditional_scenario_not_forecast,2026-03-20,ngfs-phase5-world-electricity-demand-2020-2100.json
DS-NGFS-PHASE5.1,SRC-NGFS-PHASE5.1,scenario,MESSAGEix-GLOBIOM 2.0-M-R12-NGFS,Current Policies,NGFS Phase 5.1,World,World,world,2045,generation_minus_final_consumption,total,accounting_gap,secondary_generation_minus_final_consumption; includes_model_specific_grid_loss_own_use_and_accounting_effects; not_technical_transmission_loss,5164.817452554,TWh,derived_point,5164.817452554,TWh_derived,Secondary Energy|Electricity - Final Energy|Electricity,derived_from_conditional_scenario,2026-03-20,ngfs-phase5-world-electricity-2020-2100.json + ngfs-phase5-world-electricity-demand-2020-2100.json
DS-NGFS-PHASE5.1,SRC-NGFS-PHASE5.1,scenario,MESSAGEix-GLOBIOM 2.0-M-R12-NGFS,Current Policies,NGFS Phase 5.1,World,World,world,2050,electricity_generation,total,all_sources,secondary_energy_electricity_generation,46329.820149042,TWh,point,166.787352537,EJ/yr,Secondary Energy|Electricity,conditional_scenario_not_forecast,2026-03-20,ngfs-phase5-world-electricity-2020-2100.json
DS-NGFS-PHASE5.1,SRC-NGFS-PHASE5.1,scenario,MESSAGEix-GLOBIOM 2.0-M-R12-NGFS,Current Policies,NGFS Phase 5.1,World,World,world,2050,final_electricity_consumption,total,all_end_uses,final_energy_electricity_consumption,40615.60692262,TWh,point,146.216184921,EJ_per_year,Final Energy|Electricity,conditional_scenario_not_forecast,2026-03-20,ngfs-phase5-world-electricity-demand-2020-2100.json
DS-NGFS-PHASE5.1,SRC-NGFS-PHASE5.1,scenario,MESSAGEix-GLOBIOM 2.0-M-R12-NGFS,Current Policies,NGFS Phase 5.1,World,World,world,2050,generation_minus_final_consumption,total,accounting_gap,secondary_generation_minus_final_consumption; includes_model_specific_grid_loss_own_use_and_accounting_effects; not_technical_transmission_loss,5714.213226422,TWh,derived_point,5714.213226422,TWh_derived,Secondary Energy|Electricity - Final Energy|Electricity,derived_from_conditional_scenario,2026-03-20,ngfs-phase5-world-electricity-2020-2100.json + ngfs-phase5-world-electricity-demand-2020-2100.json
DS-NGFS-PHASE5.1,SRC-NGFS-PHASE5.1,scenario,MESSAGEix-GLOBIOM 2.0-M-R12-NGFS,Current Policies,NGFS Phase 5.1,World,World,world,2055,electricity_generation,total,all_sources,secondary_energy_electricity_generation,50465.434283334,TWh,point,181.67556342,EJ/yr,Secondary Energy|Electricity,conditional_scenario_not_forecast,2026-03-20,ngfs-phase5-world-electricity-2020-2100.json
DS-NGFS-PHASE5.1,SRC-NGFS-PHASE5.1,scenario,MESSAGEix-GLOBIOM 2.0-M-R12-NGFS,Current Policies,NGFS Phase 5.1,World,World,world,2055,final_electricity_consumption,total,all_end_uses,final_energy_electricity_consumption,44248.70376638,TWh,point,159.295333559,EJ_per_year,Final Energy|Electricity,conditional_scenario_not_forecast,2026-03-20,ngfs-phase5-world-electricity-demand-2020-2100.json
DS-NGFS-PHASE5.1,SRC-NGFS-PHASE5.1,scenario,MESSAGEix-GLOBIOM 2.0-M-R12-NGFS,Current Policies,NGFS Phase 5.1,World,World,world,2055,generation_minus_final_consumption,total,accounting_gap,secondary_generation_minus_final_consumption; includes_model_specific_grid_loss_own_use_and_accounting_effects; not_technical_transmission_loss,6216.730516954,TWh,derived_point,6216.730516954,TWh_derived,Secondary Energy|Electricity - Final Energy|Electricity,derived_from_conditional_scenario,2026-03-20,ngfs-phase5-world-electricity-2020-2100.json + ngfs-phase5-world-electricity-demand-2020-2100.json
DS-NGFS-PHASE5.1,SRC-NGFS-PHASE5.1,scenario,MESSAGEix-GLOBIOM 2.0-M-R12-NGFS,Current Policies,NGFS Phase 5.1,World,World,world,2060,electricity_generation,total,all_sources,secondary_energy_electricity_generation,54748.193759208,TWh,point,197.093497533,EJ/yr,Secondary Energy|Electricity,conditional_scenario_not_forecast,2026-03-20,ngfs-phase5-world-electricity-2020-2100.json
DS-NGFS-PHASE5.1,SRC-NGFS-PHASE5.1,scenario,MESSAGEix-GLOBIOM 2.0-M-R12-NGFS,Current Policies,NGFS Phase 5.1,World,World,world,2060,final_electricity_consumption,total,all_end_uses,final_energy_electricity_consumption,48115.735477729,TWh,point,173.21664772,EJ_per_year,Final Energy|Electricity,conditional_scenario_not_forecast,2026-03-20,ngfs-phase5-world-electricity-demand-2020-2100.json
DS-NGFS-PHASE5.1,SRC-NGFS-PHASE5.1,scenario,MESSAGEix-GLOBIOM 2.0-M-R12-NGFS,Current Policies,NGFS Phase 5.1,World,World,world,2060,generation_minus_final_consumption,total,accounting_gap,secondary_generation_minus_final_consumption; includes_model_specific_grid_loss_own_use_and_accounting_effects; not_technical_transmission_loss,6632.458281479,TWh,derived_point,6632.458281479,TWh_derived,Secondary Energy|Electricity - Final Energy|Electricity,derived_from_conditional_scenario,2026-03-20,ngfs-phase5-world-electricity-2020-2100.json + ngfs-phase5-world-electricity-demand-2020-2100.json
DS-NGFS-PHASE5.1,SRC-NGFS-PHASE5.1,scenario,MESSAGEix-GLOBIOM 2.0-M-R12-NGFS,Current Policies,NGFS Phase 5.1,World,World,world,2070,electricity_generation,total,all_sources,secondary_energy_electricity_generation,63237.611238028,TWh,point,227.655400457,EJ/yr,Secondary Energy|Electricity,conditional_scenario_not_forecast,2026-03-20,ngfs-phase5-world-electricity-2020-2100.json
DS-NGFS-PHASE5.1,SRC-NGFS-PHASE5.1,scenario,MESSAGEix-GLOBIOM 2.0-M-R12-NGFS,Current Policies,NGFS Phase 5.1,World,World,world,2070,final_electricity_consumption,total,all_end_uses,final_energy_electricity_consumption,56089.050113263,TWh,point,201.920580408,EJ_per_year,Final Energy|Electricity,conditional_scenario_not_forecast,2026-03-20,ngfs-phase5-world-electricity-demand-2020-2100.json
DS-NGFS-PHASE5.1,SRC-NGFS-PHASE5.1,scenario,MESSAGEix-GLOBIOM 2.0-M-R12-NGFS,Current Policies,NGFS Phase 5.1,World,World,world,2070,generation_minus_final_consumption,total,accounting_gap,secondary_generation_minus_final_consumption; includes_model_specific_grid_loss_own_use_and_accounting_effects; not_technical_transmission_loss,7148.561124765,TWh,derived_point,7148.561124765,TWh_derived,Secondary Energy|Electricity - Final Energy|Electricity,derived_from_conditional_scenario,2026-03-20,ngfs-phase5-world-electricity-2020-2100.json + ngfs-phase5-world-electricity-demand-2020-2100.json
DS-NGFS-PHASE5.1,SRC-NGFS-PHASE5.1,scenario,MESSAGEix-GLOBIOM 2.0-M-R12-NGFS,Current Policies,NGFS Phase 5.1,World,World,world,2080,electricity_generation,total,all_sources,secondary_energy_electricity_generation,71547.892926341,TWh,point,257.572414535,EJ/yr,Secondary Energy|Electricity,conditional_scenario_not_forecast,2026-03-20,ngfs-phase5-world-electricity-2020-2100.json
DS-NGFS-PHASE5.1,SRC-NGFS-PHASE5.1,scenario,MESSAGEix-GLOBIOM 2.0-M-R12-NGFS,Current Policies,NGFS Phase 5.1,World,World,world,2080,final_electricity_consumption,total,all_end_uses,final_energy_electricity_consumption,63042.202613198,TWh,point,226.951929408,EJ_per_year,Final Energy|Electricity,conditional_scenario_not_forecast,2026-03-20,ngfs-phase5-world-electricity-demand-2020-2100.json
DS-NGFS-PHASE5.1,SRC-NGFS-PHASE5.1,scenario,MESSAGEix-GLOBIOM 2.0-M-R12-NGFS,Current Policies,NGFS Phase 5.1,World,World,world,2080,generation_minus_final_consumption,total,accounting_gap,secondary_generation_minus_final_consumption; includes_model_specific_grid_loss_own_use_and_accounting_effects; not_technical_transmission_loss,8505.690313143,TWh,derived_point,8505.690313143,TWh_derived,Secondary Energy|Electricity - Final Energy|Electricity,derived_from_conditional_scenario,2026-03-20,ngfs-phase5-world-electricity-2020-2100.json + ngfs-phase5-world-electricity-demand-2020-2100.json
DS-NGFS-PHASE5.1,SRC-NGFS-PHASE5.1,scenario,MESSAGEix-GLOBIOM 2.0-M-R12-NGFS,Current Policies,NGFS Phase 5.1,World,World,world,2090,electricity_generation,total,all_sources,secondary_energy_electricity_generation,78439.543279624,TWh,point,282.382355807,EJ/yr,Secondary Energy|Electricity,conditional_scenario_not_forecast,2026-03-20,ngfs-phase5-world-electricity-2020-2100.json
DS-NGFS-PHASE5.1,SRC-NGFS-PHASE5.1,scenario,MESSAGEix-GLOBIOM 2.0-M-R12-NGFS,Current Policies,NGFS Phase 5.1,World,World,world,2090,final_electricity_consumption,total,all_end_uses,final_energy_electricity_consumption,69048.642119107,TWh,point,248.575111629,EJ_per_year,Final Energy|Electricity,conditional_scenario_not_forecast,2026-03-20,ngfs-phase5-world-electricity-demand-2020-2100.json
DS-NGFS-PHASE5.1,SRC-NGFS-PHASE5.1,scenario,MESSAGEix-GLOBIOM 2.0-M-R12-NGFS,Current Policies,NGFS Phase 5.1,World,World,world,2090,generation_minus_final_consumption,total,accounting_gap,secondary_generation_minus_final_consumption; includes_model_specific_grid_loss_own_use_and_accounting_effects; not_technical_transmission_loss,9390.901160517,TWh,derived_point,9390.901160517,TWh_derived,Secondary Energy|Electricity - Final Energy|Electricity,derived_from_conditional_scenario,2026-03-20,ngfs-phase5-world-electricity-2020-2100.json + ngfs-phase5-world-electricity-demand-2020-2100.json
DS-NGFS-PHASE5.1,SRC-NGFS-PHASE5.1,scenario,MESSAGEix-GLOBIOM 2.0-M-R12-NGFS,Current Policies,NGFS Phase 5.1,World,World,world,2100,electricity_generation,total,all_sources,secondary_energy_electricity_generation,84805.490226181,TWh,point,305.299764814,EJ/yr,Secondary Energy|Electricity,conditional_scenario_not_forecast,2026-03-20,ngfs-phase5-world-electricity-2020-2100.json
DS-NGFS-PHASE5.1,SRC-NGFS-PHASE5.1,scenario,MESSAGEix-GLOBIOM 2.0-M-R12-NGFS,Current Policies,NGFS Phase 5.1,World,World,world,2100,final_electricity_consumption,total,all_end_uses,final_energy_electricity_consumption,74539.473851074,TWh,point,268.342105864,EJ_per_year,Final Energy|Electricity,conditional_scenario_not_forecast,2026-03-20,ngfs-phase5-world-electricity-demand-2020-2100.json
DS-NGFS-PHASE5.1,SRC-NGFS-PHASE5.1,scenario,MESSAGEix-GLOBIOM 2.0-M-R12-NGFS,Current Policies,NGFS Phase 5.1,World,World,world,2100,generation_minus_final_consumption,total,accounting_gap,secondary_generation_minus_final_consumption; includes_model_specific_grid_loss_own_use_and_accounting_effects; not_technical_transmission_loss,10266.016375107,TWh,derived_point,10266.016375107,TWh_derived,Secondary Energy|Electricity - Final Energy|Electricity,derived_from_conditional_scenario,2026-03-20,ngfs-phase5-world-electricity-2020-2100.json + ngfs-phase5-world-electricity-demand-2020-2100.json
DS-NGFS-PHASE5.1,SRC-NGFS-PHASE5.1,scenario,MESSAGEix-GLOBIOM 2.0-M-R12-NGFS,Delayed transition,NGFS Phase 5.1,World,World,world,2020,electricity_generation,total,all_sources,secondary_energy_electricity_generation,26752.628601254,TWh,point,96.309462965,EJ/yr,Secondary Energy|Electricity,conditional_scenario_not_forecast,2026-03-20,ngfs-phase5-world-electricity-2020-2100.json
DS-NGFS-PHASE5.1,SRC-NGFS-PHASE5.1,scenario,MESSAGEix-GLOBIOM 2.0-M-R12-NGFS,Delayed transition,NGFS Phase 5.1,World,World,world,2020,final_electricity_consumption,total,all_end_uses,final_energy_electricity_consumption,22748.490748523,TWh,point,81.894566695,EJ_per_year,Final Energy|Electricity,conditional_scenario_not_forecast,2026-03-20,ngfs-phase5-world-electricity-demand-2020-2100.json
DS-NGFS-PHASE5.1,SRC-NGFS-PHASE5.1,scenario,MESSAGEix-GLOBIOM 2.0-M-R12-NGFS,Delayed transition,NGFS Phase 5.1,World,World,world,2020,generation_minus_final_consumption,total,accounting_gap,secondary_generation_minus_final_consumption; includes_model_specific_grid_loss_own_use_and_accounting_effects; not_technical_transmission_loss,4004.137852731,TWh,derived_point,4004.137852731,TWh_derived,Secondary Energy|Electricity - Final Energy|Electricity,derived_from_conditional_scenario,2026-03-20,ngfs-phase5-world-electricity-2020-2100.json + ngfs-phase5-world-electricity-demand-2020-2100.json
DS-NGFS-PHASE5.1,SRC-NGFS-PHASE5.1,scenario,MESSAGEix-GLOBIOM 2.0-M-R12-NGFS,Delayed transition,NGFS Phase 5.1,World,World,world,2025,electricity_generation,total,all_sources,secondary_energy_electricity_generation,30728.738976278,TWh,point,110.623460315,EJ/yr,Secondary Energy|Electricity,conditional_scenario_not_forecast,2026-03-20,ngfs-phase5-world-electricity-2020-2100.json
DS-NGFS-PHASE5.1,SRC-NGFS-PHASE5.1,scenario,MESSAGEix-GLOBIOM 2.0-M-R12-NGFS,Delayed transition,NGFS Phase 5.1,World,World,world,2025,final_electricity_consumption,total,all_end_uses,final_energy_electricity_consumption,26645.358804616,TWh,point,95.923291697,EJ_per_year,Final Energy|Electricity,conditional_scenario_not_forecast,2026-03-20,ngfs-phase5-world-electricity-demand-2020-2100.json
DS-NGFS-PHASE5.1,SRC-NGFS-PHASE5.1,scenario,MESSAGEix-GLOBIOM 2.0-M-R12-NGFS,Delayed transition,NGFS Phase 5.1,World,World,world,2025,generation_minus_final_consumption,total,accounting_gap,secondary_generation_minus_final_consumption; includes_model_specific_grid_loss_own_use_and_accounting_effects; not_technical_transmission_loss,4083.380171662,TWh,derived_point,4083.380171662,TWh_derived,Secondary Energy|Electricity - Final Energy|Electricity,derived_from_conditional_scenario,2026-03-20,ngfs-phase5-world-electricity-2020-2100.json + ngfs-phase5-world-electricity-demand-2020-2100.json
DS-NGFS-PHASE5.1,SRC-NGFS-PHASE5.1,scenario,MESSAGEix-GLOBIOM 2.0-M-R12-NGFS,Delayed transition,NGFS Phase 5.1,World,World,world,2030,electricity_generation,total,all_sources,secondary_energy_electricity_generation,33846.686060505,TWh,point,121.848069818,EJ/yr,Secondary Energy|Electricity,conditional_scenario_not_forecast,2026-03-20,ngfs-phase5-world-electricity-2020-2100.json
DS-NGFS-PHASE5.1,SRC-NGFS-PHASE5.1,scenario,MESSAGEix-GLOBIOM 2.0-M-R12-NGFS,Delayed transition,NGFS Phase 5.1,World,World,world,2030,final_electricity_consumption,total,all_end_uses,final_energy_electricity_consumption,29551.158987412,TWh,point,106.384172355,EJ_per_year,Final Energy|Electricity,conditional_scenario_not_forecast,2026-03-20,ngfs-phase5-world-electricity-demand-2020-2100.json
DS-NGFS-PHASE5.1,SRC-NGFS-PHASE5.1,scenario,MESSAGEix-GLOBIOM 2.0-M-R12-NGFS,Delayed transition,NGFS Phase 5.1,World,World,world,2030,generation_minus_final_consumption,total,accounting_gap,secondary_generation_minus_final_consumption; includes_model_specific_grid_loss_own_use_and_accounting_effects; not_technical_transmission_loss,4295.527073093,TWh,derived_point,4295.527073093,TWh_derived,Secondary Energy|Electricity - Final Energy|Electricity,derived_from_conditional_scenario,2026-03-20,ngfs-phase5-world-electricity-2020-2100.json + ngfs-phase5-world-electricity-demand-2020-2100.json
DS-NGFS-PHASE5.1,SRC-NGFS-PHASE5.1,scenario,MESSAGEix-GLOBIOM 2.0-M-R12-NGFS,Delayed transition,NGFS Phase 5.1,World,World,world,2035,electricity_generation,total,all_sources,secondary_energy_electricity_generation,37298.2597382,TWh,point,134.273735058,EJ/yr,Secondary Energy|Electricity,conditional_scenario_not_forecast,2026-03-20,ngfs-phase5-world-electricity-2020-2100.json
DS-NGFS-PHASE5.1,SRC-NGFS-PHASE5.1,scenario,MESSAGEix-GLOBIOM 2.0-M-R12-NGFS,Delayed transition,NGFS Phase 5.1,World,World,world,2035,final_electricity_consumption,total,all_end_uses,final_energy_electricity_consumption,32805.009091832,TWh,point,118.098032731,EJ_per_year,Final Energy|Electricity,conditional_scenario_not_forecast,2026-03-20,ngfs-phase5-world-electricity-demand-2020-2100.json
DS-NGFS-PHASE5.1,SRC-NGFS-PHASE5.1,scenario,MESSAGEix-GLOBIOM 2.0-M-R12-NGFS,Delayed transition,NGFS Phase 5.1,World,World,world,2035,generation_minus_final_consumption,total,accounting_gap,secondary_generation_minus_final_consumption; includes_model_specific_grid_loss_own_use_and_accounting_effects; not_technical_transmission_loss,4493.250646368,TWh,derived_point,4493.250646368,TWh_derived,Secondary Energy|Electricity - Final Energy|Electricity,derived_from_conditional_scenario,2026-03-20,ngfs-phase5-world-electricity-2020-2100.json + ngfs-phase5-world-electricity-demand-2020-2100.json
DS-NGFS-PHASE5.1,SRC-NGFS-PHASE5.1,scenario,MESSAGEix-GLOBIOM 2.0-M-R12-NGFS,Delayed transition,NGFS Phase 5.1,World,World,world,2040,electricity_generation,total,all_sources,secondary_energy_electricity_generation,42169.740227708,TWh,point,151.81106482,EJ/yr,Secondary Energy|Electricity,conditional_scenario_not_forecast,2026-03-20,ngfs-phase5-world-electricity-2020-2100.json
DS-NGFS-PHASE5.1,SRC-NGFS-PHASE5.1,scenario,MESSAGEix-GLOBIOM 2.0-M-R12-NGFS,Delayed transition,NGFS Phase 5.1,World,World,world,2040,final_electricity_consumption,total,all_end_uses,final_energy_electricity_consumption,36887.201122131,TWh,point,132.79392404,EJ_per_year,Final Energy|Electricity,conditional_scenario_not_forecast,2026-03-20,ngfs-phase5-world-electricity-demand-2020-2100.json
DS-NGFS-PHASE5.1,SRC-NGFS-PHASE5.1,scenario,MESSAGEix-GLOBIOM 2.0-M-R12-NGFS,Delayed transition,NGFS Phase 5.1,World,World,world,2040,generation_minus_final_consumption,total,accounting_gap,secondary_generation_minus_final_consumption; includes_model_specific_grid_loss_own_use_and_accounting_effects; not_technical_transmission_loss,5282.539105577,TWh,derived_point,5282.539105577,TWh_derived,Secondary Energy|Electricity - Final Energy|Electricity,derived_from_conditional_scenario,2026-03-20,ngfs-phase5-world-electricity-2020-2100.json + ngfs-phase5-world-electricity-demand-2020-2100.json
DS-NGFS-PHASE5.1,SRC-NGFS-PHASE5.1,scenario,MESSAGEix-GLOBIOM 2.0-M-R12-NGFS,Delayed transition,NGFS Phase 5.1,World,World,world,2045,electricity_generation,total,all_sources,secondary_energy_electricity_generation,49373.162706901,TWh,point,177.743385745,EJ/yr,Secondary Energy|Electricity,conditional_scenario_not_forecast,2026-03-20,ngfs-phase5-world-electricity-2020-2100.json
DS-NGFS-PHASE5.1,SRC-NGFS-PHASE5.1,scenario,MESSAGEix-GLOBIOM 2.0-M-R12-NGFS,Delayed transition,NGFS Phase 5.1,World,World,world,2045,final_electricity_consumption,total,all_end_uses,final_energy_electricity_consumption,42253.388276269,TWh,point,152.112197795,EJ_per_year,Final Energy|Electricity,conditional_scenario_not_forecast,2026-03-20,ngfs-phase5-world-electricity-demand-2020-2100.json
DS-NGFS-PHASE5.1,SRC-NGFS-PHASE5.1,scenario,MESSAGEix-GLOBIOM 2.0-M-R12-NGFS,Delayed transition,NGFS Phase 5.1,World,World,world,2045,generation_minus_final_consumption,total,accounting_gap,secondary_generation_minus_final_consumption; includes_model_specific_grid_loss_own_use_and_accounting_effects; not_technical_transmission_loss,7119.774430632,TWh,derived_point,7119.774430632,TWh_derived,Secondary Energy|Electricity - Final Energy|Electricity,derived_from_conditional_scenario,2026-03-20,ngfs-phase5-world-electricity-2020-2100.json + ngfs-phase5-world-electricity-demand-2020-2100.json
DS-NGFS-PHASE5.1,SRC-NGFS-PHASE5.1,scenario,MESSAGEix-GLOBIOM 2.0-M-R12-NGFS,Delayed transition,NGFS Phase 5.1,World,World,world,2050,electricity_generation,total,all_sources,secondary_energy_electricity_generation,56704.547426081,TWh,point,204.136370734,EJ/yr,Secondary Energy|Electricity,conditional_scenario_not_forecast,2026-03-20,ngfs-phase5-world-electricity-2020-2100.json
DS-NGFS-PHASE5.1,SRC-NGFS-PHASE5.1,scenario,MESSAGEix-GLOBIOM 2.0-M-R12-NGFS,Delayed transition,NGFS Phase 5.1,World,World,world,2050,final_electricity_consumption,total,all_end_uses,final_energy_electricity_consumption,47571.845587032,TWh,point,171.258644113,EJ_per_year,Final Energy|Electricity,conditional_scenario_not_forecast,2026-03-20,ngfs-phase5-world-electricity-demand-2020-2100.json
DS-NGFS-PHASE5.1,SRC-NGFS-PHASE5.1,scenario,MESSAGEix-GLOBIOM 2.0-M-R12-NGFS,Delayed transition,NGFS Phase 5.1,World,World,world,2050,generation_minus_final_consumption,total,accounting_gap,secondary_generation_minus_final_consumption; includes_model_specific_grid_loss_own_use_and_accounting_effects; not_technical_transmission_loss,9132.701839049,TWh,derived_point,9132.701839049,TWh_derived,Secondary Energy|Electricity - Final Energy|Electricity,derived_from_conditional_scenario,2026-03-20,ngfs-phase5-world-electricity-2020-2100.json + ngfs-phase5-world-electricity-demand-2020-2100.json
DS-NGFS-PHASE5.1,SRC-NGFS-PHASE5.1,scenario,MESSAGEix-GLOBIOM 2.0-M-R12-NGFS,Delayed transition,NGFS Phase 5.1,World,World,world,2055,electricity_generation,total,all_sources,secondary_energy_electricity_generation,63886.834353523,TWh,point,229.992603673,EJ/yr,Secondary Energy|Electricity,conditional_scenario_not_forecast,2026-03-20,ngfs-phase5-world-electricity-2020-2100.json
DS-NGFS-PHASE5.1,SRC-NGFS-PHASE5.1,scenario,MESSAGEix-GLOBIOM 2.0-M-R12-NGFS,Delayed transition,NGFS Phase 5.1,World,World,world,2055,final_electricity_consumption,total,all_end_uses,final_energy_electricity_consumption,52428.266081333,TWh,point,188.741757893,EJ_per_year,Final Energy|Electricity,conditional_scenario_not_forecast,2026-03-20,ngfs-phase5-world-electricity-demand-2020-2100.json
DS-NGFS-PHASE5.1,SRC-NGFS-PHASE5.1,scenario,MESSAGEix-GLOBIOM 2.0-M-R12-NGFS,Delayed transition,NGFS Phase 5.1,World,World,world,2055,generation_minus_final_consumption,total,accounting_gap,secondary_generation_minus_final_consumption; includes_model_specific_grid_loss_own_use_and_accounting_effects; not_technical_transmission_loss,11458.56827219,TWh,derived_point,11458.56827219,TWh_derived,Secondary Energy|Electricity - Final Energy|Electricity,derived_from_conditional_scenario,2026-03-20,ngfs-phase5-world-electricity-2020-2100.json + ngfs-phase5-world-electricity-demand-2020-2100.json
DS-NGFS-PHASE5.1,SRC-NGFS-PHASE5.1,scenario,MESSAGEix-GLOBIOM 2.0-M-R12-NGFS,Delayed transition,NGFS Phase 5.1,World,World,world,2060,electricity_generation,total,all_sources,secondary_energy_electricity_generation,70448.974981967,TWh,point,253.616309935,EJ/yr,Secondary Energy|Electricity,conditional_scenario_not_forecast,2026-03-20,ngfs-phase5-world-electricity-2020-2100.json
DS-NGFS-PHASE5.1,SRC-NGFS-PHASE5.1,scenario,MESSAGEix-GLOBIOM 2.0-M-R12-NGFS,Delayed transition,NGFS Phase 5.1,World,World,world,2060,final_electricity_consumption,total,all_end_uses,final_energy_electricity_consumption,56853.781193085,TWh,point,204.673612295,EJ_per_year,Final Energy|Electricity,conditional_scenario_not_forecast,2026-03-20,ngfs-phase5-world-electricity-demand-2020-2100.json
DS-NGFS-PHASE5.1,SRC-NGFS-PHASE5.1,scenario,MESSAGEix-GLOBIOM 2.0-M-R12-NGFS,Delayed transition,NGFS Phase 5.1,World,World,world,2060,generation_minus_final_consumption,total,accounting_gap,secondary_generation_minus_final_consumption; includes_model_specific_grid_loss_own_use_and_accounting_effects; not_technical_transmission_loss,13595.193788882,TWh,derived_point,13595.193788882,TWh_derived,Secondary Energy|Electricity - Final Energy|Electricity,derived_from_conditional_scenario,2026-03-20,ngfs-phase5-world-electricity-2020-2100.json + ngfs-phase5-world-electricity-demand-2020-2100.json
DS-NGFS-PHASE5.1,SRC-NGFS-PHASE5.1,scenario,MESSAGEix-GLOBIOM 2.0-M-R12-NGFS,Delayed transition,NGFS Phase 5.1,World,World,world,2070,electricity_generation,total,all_sources,secondary_energy_electricity_generation,83659.483370244,TWh,point,301.174140133,EJ/yr,Secondary Energy|Electricity,conditional_scenario_not_forecast,2026-03-20,ngfs-phase5-world-electricity-2020-2100.json
DS-NGFS-PHASE5.1,SRC-NGFS-PHASE5.1,scenario,MESSAGEix-GLOBIOM 2.0-M-R12-NGFS,Delayed transition,NGFS Phase 5.1,World,World,world,2070,final_electricity_consumption,total,all_end_uses,final_energy_electricity_consumption,64481.483398434,TWh,point,232.133340234,EJ_per_year,Final Energy|Electricity,conditional_scenario_not_forecast,2026-03-20,ngfs-phase5-world-electricity-demand-2020-2100.json
DS-NGFS-PHASE5.1,SRC-NGFS-PHASE5.1,scenario,MESSAGEix-GLOBIOM 2.0-M-R12-NGFS,Delayed transition,NGFS Phase 5.1,World,World,world,2070,generation_minus_final_consumption,total,accounting_gap,secondary_generation_minus_final_consumption; includes_model_specific_grid_loss_own_use_and_accounting_effects; not_technical_transmission_loss,19177.99997181,TWh,derived_point,19177.99997181,TWh_derived,Secondary Energy|Electricity - Final Energy|Electricity,derived_from_conditional_scenario,2026-03-20,ngfs-phase5-world-electricity-2020-2100.json + ngfs-phase5-world-electricity-demand-2020-2100.json
DS-NGFS-PHASE5.1,SRC-NGFS-PHASE5.1,scenario,MESSAGEix-GLOBIOM 2.0-M-R12-NGFS,Delayed transition,NGFS Phase 5.1,World,World,world,2080,electricity_generation,total,all_sources,secondary_energy_electricity_generation,101462.788737437,TWh,point,365.266039455,EJ/yr,Secondary Energy|Electricity,conditional_scenario_not_forecast,2026-03-20,ngfs-phase5-world-electricity-2020-2100.json
DS-NGFS-PHASE5.1,SRC-NGFS-PHASE5.1,scenario,MESSAGEix-GLOBIOM 2.0-M-R12-NGFS,Delayed transition,NGFS Phase 5.1,World,World,world,2080,final_electricity_consumption,total,all_end_uses,final_energy_electricity_consumption,70614.977159199,TWh,point,254.213917773,EJ_per_year,Final Energy|Electricity,conditional_scenario_not_forecast,2026-03-20,ngfs-phase5-world-electricity-demand-2020-2100.json
DS-NGFS-PHASE5.1,SRC-NGFS-PHASE5.1,scenario,MESSAGEix-GLOBIOM 2.0-M-R12-NGFS,Delayed transition,NGFS Phase 5.1,World,World,world,2080,generation_minus_final_consumption,total,accounting_gap,secondary_generation_minus_final_consumption; includes_model_specific_grid_loss_own_use_and_accounting_effects; not_technical_transmission_loss,30847.811578238,TWh,derived_point,30847.811578238,TWh_derived,Secondary Energy|Electricity - Final Energy|Electricity,derived_from_conditional_scenario,2026-03-20,ngfs-phase5-world-electricity-2020-2100.json + ngfs-phase5-world-electricity-demand-2020-2100.json
DS-NGFS-PHASE5.1,SRC-NGFS-PHASE5.1,scenario,MESSAGEix-GLOBIOM 2.0-M-R12-NGFS,Delayed transition,NGFS Phase 5.1,World,World,world,2090,electricity_generation,total,all_sources,secondary_energy_electricity_generation,111767.917970992,TWh,point,402.364504696,EJ/yr,Secondary Energy|Electricity,conditional_scenario_not_forecast,2026-03-20,ngfs-phase5-world-electricity-2020-2100.json
DS-NGFS-PHASE5.1,SRC-NGFS-PHASE5.1,scenario,MESSAGEix-GLOBIOM 2.0-M-R12-NGFS,Delayed transition,NGFS Phase 5.1,World,World,world,2090,final_electricity_consumption,total,all_end_uses,final_energy_electricity_consumption,76898.213180639,TWh,point,276.83356745,EJ_per_year,Final Energy|Electricity,conditional_scenario_not_forecast,2026-03-20,ngfs-phase5-world-electricity-demand-2020-2100.json
DS-NGFS-PHASE5.1,SRC-NGFS-PHASE5.1,scenario,MESSAGEix-GLOBIOM 2.0-M-R12-NGFS,Delayed transition,NGFS Phase 5.1,World,World,world,2090,generation_minus_final_consumption,total,accounting_gap,secondary_generation_minus_final_consumption; includes_model_specific_grid_loss_own_use_and_accounting_effects; not_technical_transmission_loss,34869.704790353,TWh,derived_point,34869.704790353,TWh_derived,Secondary Energy|Electricity - Final Energy|Electricity,derived_from_conditional_scenario,2026-03-20,ngfs-phase5-world-electricity-2020-2100.json + ngfs-phase5-world-electricity-demand-2020-2100.json
DS-NGFS-PHASE5.1,SRC-NGFS-PHASE5.1,scenario,MESSAGEix-GLOBIOM 2.0-M-R12-NGFS,Delayed transition,NGFS Phase 5.1,World,World,world,2100,electricity_generation,total,all_sources,secondary_energy_electricity_generation,120308.02835115,TWh,point,433.108902064,EJ/yr,Secondary Energy|Electricity,conditional_scenario_not_forecast,2026-03-20,ngfs-phase5-world-electricity-2020-2100.json
DS-NGFS-PHASE5.1,SRC-NGFS-PHASE5.1,scenario,MESSAGEix-GLOBIOM 2.0-M-R12-NGFS,Delayed transition,NGFS Phase 5.1,World,World,world,2100,final_electricity_consumption,total,all_end_uses,final_energy_electricity_consumption,82318.029260957,TWh,point,296.344905339,EJ_per_year,Final Energy|Electricity,conditional_scenario_not_forecast,2026-03-20,ngfs-phase5-world-electricity-demand-2020-2100.json
DS-NGFS-PHASE5.1,SRC-NGFS-PHASE5.1,scenario,MESSAGEix-GLOBIOM 2.0-M-R12-NGFS,Delayed transition,NGFS Phase 5.1,World,World,world,2100,generation_minus_final_consumption,total,accounting_gap,secondary_generation_minus_final_consumption; includes_model_specific_grid_loss_own_use_and_accounting_effects; not_technical_transmission_loss,37989.999090193,TWh,derived_point,37989.999090193,TWh_derived,Secondary Energy|Electricity - Final Energy|Electricity,derived_from_conditional_scenario,2026-03-20,ngfs-phase5-world-electricity-2020-2100.json + ngfs-phase5-world-electricity-demand-2020-2100.json
DS-NGFS-PHASE5.1,SRC-NGFS-PHASE5.1,scenario,MESSAGEix-GLOBIOM 2.0-M-R12-NGFS,Fragmented World,NGFS Phase 5.1,World,World,world,2020,electricity_generation,total,all_sources,secondary_energy_electricity_generation,26752.628601254,TWh,point,96.309462965,EJ/yr,Secondary Energy|Electricity,conditional_scenario_not_forecast,2026-03-20,ngfs-phase5-world-electricity-2020-2100.json
DS-NGFS-PHASE5.1,SRC-NGFS-PHASE5.1,scenario,MESSAGEix-GLOBIOM 2.0-M-R12-NGFS,Fragmented World,NGFS Phase 5.1,World,World,world,2020,final_electricity_consumption,total,all_end_uses,final_energy_electricity_consumption,22748.490748523,TWh,point,81.894566695,EJ_per_year,Final Energy|Electricity,conditional_scenario_not_forecast,2026-03-20,ngfs-phase5-world-electricity-demand-2020-2100.json
DS-NGFS-PHASE5.1,SRC-NGFS-PHASE5.1,scenario,MESSAGEix-GLOBIOM 2.0-M-R12-NGFS,Fragmented World,NGFS Phase 5.1,World,World,world,2020,generation_minus_final_consumption,total,accounting_gap,secondary_generation_minus_final_consumption; includes_model_specific_grid_loss_own_use_and_accounting_effects; not_technical_transmission_loss,4004.137852731,TWh,derived_point,4004.137852731,TWh_derived,Secondary Energy|Electricity - Final Energy|Electricity,derived_from_conditional_scenario,2026-03-20,ngfs-phase5-world-electricity-2020-2100.json + ngfs-phase5-world-electricity-demand-2020-2100.json
DS-NGFS-PHASE5.1,SRC-NGFS-PHASE5.1,scenario,MESSAGEix-GLOBIOM 2.0-M-R12-NGFS,Fragmented World,NGFS Phase 5.1,World,World,world,2025,electricity_generation,total,all_sources,secondary_energy_electricity_generation,30728.738976278,TWh,point,110.623460315,EJ/yr,Secondary Energy|Electricity,conditional_scenario_not_forecast,2026-03-20,ngfs-phase5-world-electricity-2020-2100.json
DS-NGFS-PHASE5.1,SRC-NGFS-PHASE5.1,scenario,MESSAGEix-GLOBIOM 2.0-M-R12-NGFS,Fragmented World,NGFS Phase 5.1,World,World,world,2025,final_electricity_consumption,total,all_end_uses,final_energy_electricity_consumption,26645.358804616,TWh,point,95.923291697,EJ_per_year,Final Energy|Electricity,conditional_scenario_not_forecast,2026-03-20,ngfs-phase5-world-electricity-demand-2020-2100.json
DS-NGFS-PHASE5.1,SRC-NGFS-PHASE5.1,scenario,MESSAGEix-GLOBIOM 2.0-M-R12-NGFS,Fragmented World,NGFS Phase 5.1,World,World,world,2025,generation_minus_final_consumption,total,accounting_gap,secondary_generation_minus_final_consumption; includes_model_specific_grid_loss_own_use_and_accounting_effects; not_technical_transmission_loss,4083.380171662,TWh,derived_point,4083.380171662,TWh_derived,Secondary Energy|Electricity - Final Energy|Electricity,derived_from_conditional_scenario,2026-03-20,ngfs-phase5-world-electricity-2020-2100.json + ngfs-phase5-world-electricity-demand-2020-2100.json
DS-NGFS-PHASE5.1,SRC-NGFS-PHASE5.1,scenario,MESSAGEix-GLOBIOM 2.0-M-R12-NGFS,Fragmented World,NGFS Phase 5.1,World,World,world,2030,electricity_generation,total,all_sources,secondary_energy_electricity_generation,33846.686060505,TWh,point,121.848069818,EJ/yr,Secondary Energy|Electricity,conditional_scenario_not_forecast,2026-03-20,ngfs-phase5-world-electricity-2020-2100.json
DS-NGFS-PHASE5.1,SRC-NGFS-PHASE5.1,scenario,MESSAGEix-GLOBIOM 2.0-M-R12-NGFS,Fragmented World,NGFS Phase 5.1,World,World,world,2030,final_electricity_consumption,total,all_end_uses,final_energy_electricity_consumption,29551.158987412,TWh,point,106.384172355,EJ_per_year,Final Energy|Electricity,conditional_scenario_not_forecast,2026-03-20,ngfs-phase5-world-electricity-demand-2020-2100.json
DS-NGFS-PHASE5.1,SRC-NGFS-PHASE5.1,scenario,MESSAGEix-GLOBIOM 2.0-M-R12-NGFS,Fragmented World,NGFS Phase 5.1,World,World,world,2030,generation_minus_final_consumption,total,accounting_gap,secondary_generation_minus_final_consumption; includes_model_specific_grid_loss_own_use_and_accounting_effects; not_technical_transmission_loss,4295.527073093,TWh,derived_point,4295.527073093,TWh_derived,Secondary Energy|Electricity - Final Energy|Electricity,derived_from_conditional_scenario,2026-03-20,ngfs-phase5-world-electricity-2020-2100.json + ngfs-phase5-world-electricity-demand-2020-2100.json
DS-NGFS-PHASE5.1,SRC-NGFS-PHASE5.1,scenario,MESSAGEix-GLOBIOM 2.0-M-R12-NGFS,Fragmented World,NGFS Phase 5.1,World,World,world,2035,electricity_generation,total,all_sources,secondary_energy_electricity_generation,36894.25791823,TWh,point,132.819328506,EJ/yr,Secondary Energy|Electricity,conditional_scenario_not_forecast,2026-03-20,ngfs-phase5-world-electricity-2020-2100.json
DS-NGFS-PHASE5.1,SRC-NGFS-PHASE5.1,scenario,MESSAGEix-GLOBIOM 2.0-M-R12-NGFS,Fragmented World,NGFS Phase 5.1,World,World,world,2035,final_electricity_consumption,total,all_end_uses,final_energy_electricity_consumption,32303.324717584,TWh,point,116.291968983,EJ_per_year,Final Energy|Electricity,conditional_scenario_not_forecast,2026-03-20,ngfs-phase5-world-electricity-demand-2020-2100.json
DS-NGFS-PHASE5.1,SRC-NGFS-PHASE5.1,scenario,MESSAGEix-GLOBIOM 2.0-M-R12-NGFS,Fragmented World,NGFS Phase 5.1,World,World,world,2035,generation_minus_final_consumption,total,accounting_gap,secondary_generation_minus_final_consumption; includes_model_specific_grid_loss_own_use_and_accounting_effects; not_technical_transmission_loss,4590.933200646,TWh,derived_point,4590.933200646,TWh_derived,Secondary Energy|Electricity - Final Energy|Electricity,derived_from_conditional_scenario,2026-03-20,ngfs-phase5-world-electricity-2020-2100.json + ngfs-phase5-world-electricity-demand-2020-2100.json
DS-NGFS-PHASE5.1,SRC-NGFS-PHASE5.1,scenario,MESSAGEix-GLOBIOM 2.0-M-R12-NGFS,Fragmented World,NGFS Phase 5.1,World,World,world,2040,electricity_generation,total,all_sources,secondary_energy_electricity_generation,40258.266250651,TWh,point,144.929758502,EJ/yr,Secondary Energy|Electricity,conditional_scenario_not_forecast,2026-03-20,ngfs-phase5-world-electricity-2020-2100.json
DS-NGFS-PHASE5.1,SRC-NGFS-PHASE5.1,scenario,MESSAGEix-GLOBIOM 2.0-M-R12-NGFS,Fragmented World,NGFS Phase 5.1,World,World,world,2040,final_electricity_consumption,total,all_end_uses,final_energy_electricity_consumption,35432.349002171,TWh,point,127.556456408,EJ_per_year,Final Energy|Electricity,conditional_scenario_not_forecast,2026-03-20,ngfs-phase5-world-electricity-demand-2020-2100.json
DS-NGFS-PHASE5.1,SRC-NGFS-PHASE5.1,scenario,MESSAGEix-GLOBIOM 2.0-M-R12-NGFS,Fragmented World,NGFS Phase 5.1,World,World,world,2040,generation_minus_final_consumption,total,accounting_gap,secondary_generation_minus_final_consumption; includes_model_specific_grid_loss_own_use_and_accounting_effects; not_technical_transmission_loss,4825.91724848,TWh,derived_point,4825.91724848,TWh_derived,Secondary Energy|Electricity - Final Energy|Electricity,derived_from_conditional_scenario,2026-03-20,ngfs-phase5-world-electricity-2020-2100.json + ngfs-phase5-world-electricity-demand-2020-2100.json
DS-NGFS-PHASE5.1,SRC-NGFS-PHASE5.1,scenario,MESSAGEix-GLOBIOM 2.0-M-R12-NGFS,Fragmented World,NGFS Phase 5.1,World,World,world,2045,electricity_generation,total,all_sources,secondary_energy_electricity_generation,45461.426480152,TWh,point,163.661135329,EJ/yr,Secondary Energy|Electricity,conditional_scenario_not_forecast,2026-03-20,ngfs-phase5-world-electricity-2020-2100.json
DS-NGFS-PHASE5.1,SRC-NGFS-PHASE5.1,scenario,MESSAGEix-GLOBIOM 2.0-M-R12-NGFS,Fragmented World,NGFS Phase 5.1,World,World,world,2045,final_electricity_consumption,total,all_end_uses,final_energy_electricity_consumption,39967.093801714,TWh,point,143.881537686,EJ_per_year,Final Energy|Electricity,conditional_scenario_not_forecast,2026-03-20,ngfs-phase5-world-electricity-demand-2020-2100.json
DS-NGFS-PHASE5.1,SRC-NGFS-PHASE5.1,scenario,MESSAGEix-GLOBIOM 2.0-M-R12-NGFS,Fragmented World,NGFS Phase 5.1,World,World,world,2045,generation_minus_final_consumption,total,accounting_gap,secondary_generation_minus_final_consumption; includes_model_specific_grid_loss_own_use_and_accounting_effects; not_technical_transmission_loss,5494.332678438,TWh,derived_point,5494.332678438,TWh_derived,Secondary Energy|Electricity - Final Energy|Electricity,derived_from_conditional_scenario,2026-03-20,ngfs-phase5-world-electricity-2020-2100.json + ngfs-phase5-world-electricity-demand-2020-2100.json
DS-NGFS-PHASE5.1,SRC-NGFS-PHASE5.1,scenario,MESSAGEix-GLOBIOM 2.0-M-R12-NGFS,Fragmented World,NGFS Phase 5.1,World,World,world,2050,electricity_generation,total,all_sources,secondary_energy_electricity_generation,52311.9663706,TWh,point,188.323078934,EJ/yr,Secondary Energy|Electricity,conditional_scenario_not_forecast,2026-03-20,ngfs-phase5-world-electricity-2020-2100.json
DS-NGFS-PHASE5.1,SRC-NGFS-PHASE5.1,scenario,MESSAGEix-GLOBIOM 2.0-M-R12-NGFS,Fragmented World,NGFS Phase 5.1,World,World,world,2050,final_electricity_consumption,total,all_end_uses,final_energy_electricity_consumption,45299.773115979,TWh,point,163.079183218,EJ_per_year,Final Energy|Electricity,conditional_scenario_not_forecast,2026-03-20,ngfs-phase5-world-electricity-demand-2020-2100.json
DS-NGFS-PHASE5.1,SRC-NGFS-PHASE5.1,scenario,MESSAGEix-GLOBIOM 2.0-M-R12-NGFS,Fragmented World,NGFS Phase 5.1,World,World,world,2050,generation_minus_final_consumption,total,accounting_gap,secondary_generation_minus_final_consumption; includes_model_specific_grid_loss_own_use_and_accounting_effects; not_technical_transmission_loss,7012.193254621,TWh,derived_point,7012.193254621,TWh_derived,Secondary Energy|Electricity - Final Energy|Electricity,derived_from_conditional_scenario,2026-03-20,ngfs-phase5-world-electricity-2020-2100.json + ngfs-phase5-world-electricity-demand-2020-2100.json
DS-NGFS-PHASE5.1,SRC-NGFS-PHASE5.1,scenario,MESSAGEix-GLOBIOM 2.0-M-R12-NGFS,Fragmented World,NGFS Phase 5.1,World,World,world,2055,electricity_generation,total,all_sources,secondary_energy_electricity_generation,58402.332600225,TWh,point,210.248397361,EJ/yr,Secondary Energy|Electricity,conditional_scenario_not_forecast,2026-03-20,ngfs-phase5-world-electricity-2020-2100.json
DS-NGFS-PHASE5.1,SRC-NGFS-PHASE5.1,scenario,MESSAGEix-GLOBIOM 2.0-M-R12-NGFS,Fragmented World,NGFS Phase 5.1,World,World,world,2055,final_electricity_consumption,total,all_end_uses,final_energy_electricity_consumption,50430.05201062,TWh,point,181.548187238,EJ_per_year,Final Energy|Electricity,conditional_scenario_not_forecast,2026-03-20,ngfs-phase5-world-electricity-demand-2020-2100.json
DS-NGFS-PHASE5.1,SRC-NGFS-PHASE5.1,scenario,MESSAGEix-GLOBIOM 2.0-M-R12-NGFS,Fragmented World,NGFS Phase 5.1,World,World,world,2055,generation_minus_final_consumption,total,accounting_gap,secondary_generation_minus_final_consumption; includes_model_specific_grid_loss_own_use_and_accounting_effects; not_technical_transmission_loss,7972.280589605,TWh,derived_point,7972.280589605,TWh_derived,Secondary Energy|Electricity - Final Energy|Electricity,derived_from_conditional_scenario,2026-03-20,ngfs-phase5-world-electricity-2020-2100.json + ngfs-phase5-world-electricity-demand-2020-2100.json
DS-NGFS-PHASE5.1,SRC-NGFS-PHASE5.1,scenario,MESSAGEix-GLOBIOM 2.0-M-R12-NGFS,Fragmented World,NGFS Phase 5.1,World,World,world,2060,electricity_generation,total,all_sources,secondary_energy_electricity_generation,64984.983665639,TWh,point,233.945941196,EJ/yr,Secondary Energy|Electricity,conditional_scenario_not_forecast,2026-03-20,ngfs-phase5-world-electricity-2020-2100.json
DS-NGFS-PHASE5.1,SRC-NGFS-PHASE5.1,scenario,MESSAGEix-GLOBIOM 2.0-M-R12-NGFS,Fragmented World,NGFS Phase 5.1,World,World,world,2060,final_electricity_consumption,total,all_end_uses,final_energy_electricity_consumption,55426.358174667,TWh,point,199.534889429,EJ_per_year,Final Energy|Electricity,conditional_scenario_not_forecast,2026-03-20,ngfs-phase5-world-electricity-demand-2020-2100.json
DS-NGFS-PHASE5.1,SRC-NGFS-PHASE5.1,scenario,MESSAGEix-GLOBIOM 2.0-M-R12-NGFS,Fragmented World,NGFS Phase 5.1,World,World,world,2060,generation_minus_final_consumption,total,accounting_gap,secondary_generation_minus_final_consumption; includes_model_specific_grid_loss_own_use_and_accounting_effects; not_technical_transmission_loss,9558.625490972,TWh,derived_point,9558.625490972,TWh_derived,Secondary Energy|Electricity - Final Energy|Electricity,derived_from_conditional_scenario,2026-03-20,ngfs-phase5-world-electricity-2020-2100.json + ngfs-phase5-world-electricity-demand-2020-2100.json
DS-NGFS-PHASE5.1,SRC-NGFS-PHASE5.1,scenario,MESSAGEix-GLOBIOM 2.0-M-R12-NGFS,Fragmented World,NGFS Phase 5.1,World,World,world,2070,electricity_generation,total,all_sources,secondary_energy_electricity_generation,74309.521458247,TWh,point,267.51427725,EJ/yr,Secondary Energy|Electricity,conditional_scenario_not_forecast,2026-03-20,ngfs-phase5-world-electricity-2020-2100.json
DS-NGFS-PHASE5.1,SRC-NGFS-PHASE5.1,scenario,MESSAGEix-GLOBIOM 2.0-M-R12-NGFS,Fragmented World,NGFS Phase 5.1,World,World,world,2070,final_electricity_consumption,total,all_end_uses,final_energy_electricity_consumption,63429.676001506,TWh,point,228.346833605,EJ_per_year,Final Energy|Electricity,conditional_scenario_not_forecast,2026-03-20,ngfs-phase5-world-electricity-demand-2020-2100.json
DS-NGFS-PHASE5.1,SRC-NGFS-PHASE5.1,scenario,MESSAGEix-GLOBIOM 2.0-M-R12-NGFS,Fragmented World,NGFS Phase 5.1,World,World,world,2070,generation_minus_final_consumption,total,accounting_gap,secondary_generation_minus_final_consumption; includes_model_specific_grid_loss_own_use_and_accounting_effects; not_technical_transmission_loss,10879.845456741,TWh,derived_point,10879.845456741,TWh_derived,Secondary Energy|Electricity - Final Energy|Electricity,derived_from_conditional_scenario,2026-03-20,ngfs-phase5-world-electricity-2020-2100.json + ngfs-phase5-world-electricity-demand-2020-2100.json
DS-NGFS-PHASE5.1,SRC-NGFS-PHASE5.1,scenario,MESSAGEix-GLOBIOM 2.0-M-R12-NGFS,Fragmented World,NGFS Phase 5.1,World,World,world,2080,electricity_generation,total,all_sources,secondary_energy_electricity_generation,83900.489614962,TWh,point,302.041762614,EJ/yr,Secondary Energy|Electricity,conditional_scenario_not_forecast,2026-03-20,ngfs-phase5-world-electricity-2020-2100.json
DS-NGFS-PHASE5.1,SRC-NGFS-PHASE5.1,scenario,MESSAGEix-GLOBIOM 2.0-M-R12-NGFS,Fragmented World,NGFS Phase 5.1,World,World,world,2080,final_electricity_consumption,total,all_end_uses,final_energy_electricity_consumption,70359.77653238,TWh,point,253.295195517,EJ_per_year,Final Energy|Electricity,conditional_scenario_not_forecast,2026-03-20,ngfs-phase5-world-electricity-demand-2020-2100.json
DS-NGFS-PHASE5.1,SRC-NGFS-PHASE5.1,scenario,MESSAGEix-GLOBIOM 2.0-M-R12-NGFS,Fragmented World,NGFS Phase 5.1,World,World,world,2080,generation_minus_final_consumption,total,accounting_gap,secondary_generation_minus_final_consumption; includes_model_specific_grid_loss_own_use_and_accounting_effects; not_technical_transmission_loss,13540.713082582,TWh,derived_point,13540.713082582,TWh_derived,Secondary Energy|Electricity - Final Energy|Electricity,derived_from_conditional_scenario,2026-03-20,ngfs-phase5-world-electricity-2020-2100.json + ngfs-phase5-world-electricity-demand-2020-2100.json
DS-NGFS-PHASE5.1,SRC-NGFS-PHASE5.1,scenario,MESSAGEix-GLOBIOM 2.0-M-R12-NGFS,Fragmented World,NGFS Phase 5.1,World,World,world,2090,electricity_generation,total,all_sources,secondary_energy_electricity_generation,91661.772417784,TWh,point,329.982380704,EJ/yr,Secondary Energy|Electricity,conditional_scenario_not_forecast,2026-03-20,ngfs-phase5-world-electricity-2020-2100.json
DS-NGFS-PHASE5.1,SRC-NGFS-PHASE5.1,scenario,MESSAGEix-GLOBIOM 2.0-M-R12-NGFS,Fragmented World,NGFS Phase 5.1,World,World,world,2090,final_electricity_consumption,total,all_end_uses,final_energy_electricity_consumption,76539.540314999,TWh,point,275.542345134,EJ_per_year,Final Energy|Electricity,conditional_scenario_not_forecast,2026-03-20,ngfs-phase5-world-electricity-demand-2020-2100.json
DS-NGFS-PHASE5.1,SRC-NGFS-PHASE5.1,scenario,MESSAGEix-GLOBIOM 2.0-M-R12-NGFS,Fragmented World,NGFS Phase 5.1,World,World,world,2090,generation_minus_final_consumption,total,accounting_gap,secondary_generation_minus_final_consumption; includes_model_specific_grid_loss_own_use_and_accounting_effects; not_technical_transmission_loss,15122.232102785,TWh,derived_point,15122.232102785,TWh_derived,Secondary Energy|Electricity - Final Energy|Electricity,derived_from_conditional_scenario,2026-03-20,ngfs-phase5-world-electricity-2020-2100.json + ngfs-phase5-world-electricity-demand-2020-2100.json
DS-NGFS-PHASE5.1,SRC-NGFS-PHASE5.1,scenario,MESSAGEix-GLOBIOM 2.0-M-R12-NGFS,Fragmented World,NGFS Phase 5.1,World,World,world,2100,electricity_generation,total,all_sources,secondary_energy_electricity_generation,97838.174025162,TWh,point,352.217426491,EJ/yr,Secondary Energy|Electricity,conditional_scenario_not_forecast,2026-03-20,ngfs-phase5-world-electricity-2020-2100.json
DS-NGFS-PHASE5.1,SRC-NGFS-PHASE5.1,scenario,MESSAGEix-GLOBIOM 2.0-M-R12-NGFS,Fragmented World,NGFS Phase 5.1,World,World,world,2100,final_electricity_consumption,total,all_end_uses,final_energy_electricity_consumption,81717.061219163,TWh,point,294.181420389,EJ_per_year,Final Energy|Electricity,conditional_scenario_not_forecast,2026-03-20,ngfs-phase5-world-electricity-demand-2020-2100.json
DS-NGFS-PHASE5.1,SRC-NGFS-PHASE5.1,scenario,MESSAGEix-GLOBIOM 2.0-M-R12-NGFS,Fragmented World,NGFS Phase 5.1,World,World,world,2100,generation_minus_final_consumption,total,accounting_gap,secondary_generation_minus_final_consumption; includes_model_specific_grid_loss_own_use_and_accounting_effects; not_technical_transmission_loss,16121.112805999,TWh,derived_point,16121.112805999,TWh_derived,Secondary Energy|Electricity - Final Energy|Electricity,derived_from_conditional_scenario,2026-03-20,ngfs-phase5-world-electricity-2020-2100.json + ngfs-phase5-world-electricity-demand-2020-2100.json
DS-NGFS-PHASE5.1,SRC-NGFS-PHASE5.1,scenario,MESSAGEix-GLOBIOM 2.0-M-R12-NGFS,Low demand,NGFS Phase 5.1,World,World,world,2020,electricity_generation,total,all_sources,secondary_energy_electricity_generation,26752.628601254,TWh,point,96.309462965,EJ/yr,Secondary Energy|Electricity,conditional_scenario_not_forecast,2026-03-20,ngfs-phase5-world-electricity-2020-2100.json
DS-NGFS-PHASE5.1,SRC-NGFS-PHASE5.1,scenario,MESSAGEix-GLOBIOM 2.0-M-R12-NGFS,Low demand,NGFS Phase 5.1,World,World,world,2020,final_electricity_consumption,total,all_end_uses,final_energy_electricity_consumption,22748.490748523,TWh,point,81.894566695,EJ_per_year,Final Energy|Electricity,conditional_scenario_not_forecast,2026-03-20,ngfs-phase5-world-electricity-demand-2020-2100.json
DS-NGFS-PHASE5.1,SRC-NGFS-PHASE5.1,scenario,MESSAGEix-GLOBIOM 2.0-M-R12-NGFS,Low demand,NGFS Phase 5.1,World,World,world,2020,generation_minus_final_consumption,total,accounting_gap,secondary_generation_minus_final_consumption; includes_model_specific_grid_loss_own_use_and_accounting_effects; not_technical_transmission_loss,4004.137852731,TWh,derived_point,4004.137852731,TWh_derived,Secondary Energy|Electricity - Final Energy|Electricity,derived_from_conditional_scenario,2026-03-20,ngfs-phase5-world-electricity-2020-2100.json + ngfs-phase5-world-electricity-demand-2020-2100.json
DS-NGFS-PHASE5.1,SRC-NGFS-PHASE5.1,scenario,MESSAGEix-GLOBIOM 2.0-M-R12-NGFS,Low demand,NGFS Phase 5.1,World,World,world,2025,electricity_generation,total,all_sources,secondary_energy_electricity_generation,30720.620789132,TWh,point,110.594234841,EJ/yr,Secondary Energy|Electricity,conditional_scenario_not_forecast,2026-03-20,ngfs-phase5-world-electricity-2020-2100.json
DS-NGFS-PHASE5.1,SRC-NGFS-PHASE5.1,scenario,MESSAGEix-GLOBIOM 2.0-M-R12-NGFS,Low demand,NGFS Phase 5.1,World,World,world,2025,final_electricity_consumption,total,all_end_uses,final_energy_electricity_consumption,26638.398374144,TWh,point,95.898234147,EJ_per_year,Final Energy|Electricity,conditional_scenario_not_forecast,2026-03-20,ngfs-phase5-world-electricity-demand-2020-2100.json
DS-NGFS-PHASE5.1,SRC-NGFS-PHASE5.1,scenario,MESSAGEix-GLOBIOM 2.0-M-R12-NGFS,Low demand,NGFS Phase 5.1,World,World,world,2025,generation_minus_final_consumption,total,accounting_gap,secondary_generation_minus_final_consumption; includes_model_specific_grid_loss_own_use_and_accounting_effects; not_technical_transmission_loss,4082.222414988,TWh,derived_point,4082.222414988,TWh_derived,Secondary Energy|Electricity - Final Energy|Electricity,derived_from_conditional_scenario,2026-03-20,ngfs-phase5-world-electricity-2020-2100.json + ngfs-phase5-world-electricity-demand-2020-2100.json
DS-NGFS-PHASE5.1,SRC-NGFS-PHASE5.1,scenario,MESSAGEix-GLOBIOM 2.0-M-R12-NGFS,Low demand,NGFS Phase 5.1,World,World,world,2030,electricity_generation,total,all_sources,secondary_energy_electricity_generation,31063.282102478,TWh,point,111.827815569,EJ/yr,Secondary Energy|Electricity,conditional_scenario_not_forecast,2026-03-20,ngfs-phase5-world-electricity-2020-2100.json
DS-NGFS-PHASE5.1,SRC-NGFS-PHASE5.1,scenario,MESSAGEix-GLOBIOM 2.0-M-R12-NGFS,Low demand,NGFS Phase 5.1,World,World,world,2030,final_electricity_consumption,total,all_end_uses,final_energy_electricity_consumption,26876.42239425,TWh,point,96.755120619,EJ_per_year,Final Energy|Electricity,conditional_scenario_not_forecast,2026-03-20,ngfs-phase5-world-electricity-demand-2020-2100.json
DS-NGFS-PHASE5.1,SRC-NGFS-PHASE5.1,scenario,MESSAGEix-GLOBIOM 2.0-M-R12-NGFS,Low demand,NGFS Phase 5.1,World,World,world,2030,generation_minus_final_consumption,total,accounting_gap,secondary_generation_minus_final_consumption; includes_model_specific_grid_loss_own_use_and_accounting_effects; not_technical_transmission_loss,4186.859708228,TWh,derived_point,4186.859708228,TWh_derived,Secondary Energy|Electricity - Final Energy|Electricity,derived_from_conditional_scenario,2026-03-20,ngfs-phase5-world-electricity-2020-2100.json + ngfs-phase5-world-electricity-demand-2020-2100.json
DS-NGFS-PHASE5.1,SRC-NGFS-PHASE5.1,scenario,MESSAGEix-GLOBIOM 2.0-M-R12-NGFS,Low demand,NGFS Phase 5.1,World,World,world,2035,electricity_generation,total,all_sources,secondary_energy_electricity_generation,33563.699421519,TWh,point,120.829317917,EJ/yr,Secondary Energy|Electricity,conditional_scenario_not_forecast,2026-03-20,ngfs-phase5-world-electricity-2020-2100.json
DS-NGFS-PHASE5.1,SRC-NGFS-PHASE5.1,scenario,MESSAGEix-GLOBIOM 2.0-M-R12-NGFS,Low demand,NGFS Phase 5.1,World,World,world,2035,final_electricity_consumption,total,all_end_uses,final_energy_electricity_consumption,28465.732300581,TWh,point,102.476636282,EJ_per_year,Final Energy|Electricity,conditional_scenario_not_forecast,2026-03-20,ngfs-phase5-world-electricity-demand-2020-2100.json
DS-NGFS-PHASE5.1,SRC-NGFS-PHASE5.1,scenario,MESSAGEix-GLOBIOM 2.0-M-R12-NGFS,Low demand,NGFS Phase 5.1,World,World,world,2035,generation_minus_final_consumption,total,accounting_gap,secondary_generation_minus_final_consumption; includes_model_specific_grid_loss_own_use_and_accounting_effects; not_technical_transmission_loss,5097.967120938,TWh,derived_point,5097.967120938,TWh_derived,Secondary Energy|Electricity - Final Energy|Electricity,derived_from_conditional_scenario,2026-03-20,ngfs-phase5-world-electricity-2020-2100.json + ngfs-phase5-world-electricity-demand-2020-2100.json
DS-NGFS-PHASE5.1,SRC-NGFS-PHASE5.1,scenario,MESSAGEix-GLOBIOM 2.0-M-R12-NGFS,Low demand,NGFS Phase 5.1,World,World,world,2040,electricity_generation,total,all_sources,secondary_energy_electricity_generation,35529.085877931,TWh,point,127.904709161,EJ/yr,Secondary Energy|Electricity,conditional_scenario_not_forecast,2026-03-20,ngfs-phase5-world-electricity-2020-2100.json
DS-NGFS-PHASE5.1,SRC-NGFS-PHASE5.1,scenario,MESSAGEix-GLOBIOM 2.0-M-R12-NGFS,Low demand,NGFS Phase 5.1,World,World,world,2040,final_electricity_consumption,total,all_end_uses,final_energy_electricity_consumption,29700.766940029,TWh,point,106.922760984,EJ_per_year,Final Energy|Electricity,conditional_scenario_not_forecast,2026-03-20,ngfs-phase5-world-electricity-demand-2020-2100.json
DS-NGFS-PHASE5.1,SRC-NGFS-PHASE5.1,scenario,MESSAGEix-GLOBIOM 2.0-M-R12-NGFS,Low demand,NGFS Phase 5.1,World,World,world,2040,generation_minus_final_consumption,total,accounting_gap,secondary_generation_minus_final_consumption; includes_model_specific_grid_loss_own_use_and_accounting_effects; not_technical_transmission_loss,5828.318937902,TWh,derived_point,5828.318937902,TWh_derived,Secondary Energy|Electricity - Final Energy|Electricity,derived_from_conditional_scenario,2026-03-20,ngfs-phase5-world-electricity-2020-2100.json + ngfs-phase5-world-electricity-demand-2020-2100.json
DS-NGFS-PHASE5.1,SRC-NGFS-PHASE5.1,scenario,MESSAGEix-GLOBIOM 2.0-M-R12-NGFS,Low demand,NGFS Phase 5.1,World,World,world,2045,electricity_generation,total,all_sources,secondary_energy_electricity_generation,37502.937771597,TWh,point,135.010575978,EJ/yr,Secondary Energy|Electricity,conditional_scenario_not_forecast,2026-03-20,ngfs-phase5-world-electricity-2020-2100.json
DS-NGFS-PHASE5.1,SRC-NGFS-PHASE5.1,scenario,MESSAGEix-GLOBIOM 2.0-M-R12-NGFS,Low demand,NGFS Phase 5.1,World,World,world,2045,final_electricity_consumption,total,all_end_uses,final_energy_electricity_consumption,30914.232502741,TWh,point,111.29123701,EJ_per_year,Final Energy|Electricity,conditional_scenario_not_forecast,2026-03-20,ngfs-phase5-world-electricity-demand-2020-2100.json
DS-NGFS-PHASE5.1,SRC-NGFS-PHASE5.1,scenario,MESSAGEix-GLOBIOM 2.0-M-R12-NGFS,Low demand,NGFS Phase 5.1,World,World,world,2045,generation_minus_final_consumption,total,accounting_gap,secondary_generation_minus_final_consumption; includes_model_specific_grid_loss_own_use_and_accounting_effects; not_technical_transmission_loss,6588.705268856,TWh,derived_point,6588.705268856,TWh_derived,Secondary Energy|Electricity - Final Energy|Electricity,derived_from_conditional_scenario,2026-03-20,ngfs-phase5-world-electricity-2020-2100.json + ngfs-phase5-world-electricity-demand-2020-2100.json
DS-NGFS-PHASE5.1,SRC-NGFS-PHASE5.1,scenario,MESSAGEix-GLOBIOM 2.0-M-R12-NGFS,Low demand,NGFS Phase 5.1,World,World,world,2050,electricity_generation,total,all_sources,secondary_energy_electricity_generation,39215.219740041,TWh,point,141.174791064,EJ/yr,Secondary Energy|Electricity,conditional_scenario_not_forecast,2026-03-20,ngfs-phase5-world-electricity-2020-2100.json
DS-NGFS-PHASE5.1,SRC-NGFS-PHASE5.1,scenario,MESSAGEix-GLOBIOM 2.0-M-R12-NGFS,Low demand,NGFS Phase 5.1,World,World,world,2050,final_electricity_consumption,total,all_end_uses,final_energy_electricity_consumption,32109.733534317,TWh,point,115.595040724,EJ_per_year,Final Energy|Electricity,conditional_scenario_not_forecast,2026-03-20,ngfs-phase5-world-electricity-demand-2020-2100.json
DS-NGFS-PHASE5.1,SRC-NGFS-PHASE5.1,scenario,MESSAGEix-GLOBIOM 2.0-M-R12-NGFS,Low demand,NGFS Phase 5.1,World,World,world,2050,generation_minus_final_consumption,total,accounting_gap,secondary_generation_minus_final_consumption; includes_model_specific_grid_loss_own_use_and_accounting_effects; not_technical_transmission_loss,7105.486205724,TWh,derived_point,7105.486205724,TWh_derived,Secondary Energy|Electricity - Final Energy|Electricity,derived_from_conditional_scenario,2026-03-20,ngfs-phase5-world-electricity-2020-2100.json + ngfs-phase5-world-electricity-demand-2020-2100.json
DS-NGFS-PHASE5.1,SRC-NGFS-PHASE5.1,scenario,MESSAGEix-GLOBIOM 2.0-M-R12-NGFS,Low demand,NGFS Phase 5.1,World,World,world,2055,electricity_generation,total,all_sources,secondary_energy_electricity_generation,41490.390874247,TWh,point,149.365407147,EJ/yr,Secondary Energy|Electricity,conditional_scenario_not_forecast,2026-03-20,ngfs-phase5-world-electricity-2020-2100.json
DS-NGFS-PHASE5.1,SRC-NGFS-PHASE5.1,scenario,MESSAGEix-GLOBIOM 2.0-M-R12-NGFS,Low demand,NGFS Phase 5.1,World,World,world,2055,final_electricity_consumption,total,all_end_uses,final_energy_electricity_consumption,33607.081852623,TWh,point,120.985494669,EJ_per_year,Final Energy|Electricity,conditional_scenario_not_forecast,2026-03-20,ngfs-phase5-world-electricity-demand-2020-2100.json
DS-NGFS-PHASE5.1,SRC-NGFS-PHASE5.1,scenario,MESSAGEix-GLOBIOM 2.0-M-R12-NGFS,Low demand,NGFS Phase 5.1,World,World,world,2055,generation_minus_final_consumption,total,accounting_gap,secondary_generation_minus_final_consumption; includes_model_specific_grid_loss_own_use_and_accounting_effects; not_technical_transmission_loss,7883.309021624,TWh,derived_point,7883.309021624,TWh_derived,Secondary Energy|Electricity - Final Energy|Electricity,derived_from_conditional_scenario,2026-03-20,ngfs-phase5-world-electricity-2020-2100.json + ngfs-phase5-world-electricity-demand-2020-2100.json
DS-NGFS-PHASE5.1,SRC-NGFS-PHASE5.1,scenario,MESSAGEix-GLOBIOM 2.0-M-R12-NGFS,Low demand,NGFS Phase 5.1,World,World,world,2060,electricity_generation,total,all_sources,secondary_energy_electricity_generation,43106.102117242,TWh,point,155.181967622,EJ/yr,Secondary Energy|Electricity,conditional_scenario_not_forecast,2026-03-20,ngfs-phase5-world-electricity-2020-2100.json
DS-NGFS-PHASE5.1,SRC-NGFS-PHASE5.1,scenario,MESSAGEix-GLOBIOM 2.0-M-R12-NGFS,Low demand,NGFS Phase 5.1,World,World,world,2060,final_electricity_consumption,total,all_end_uses,final_energy_electricity_consumption,34360.424645463,TWh,point,123.697528724,EJ_per_year,Final Energy|Electricity,conditional_scenario_not_forecast,2026-03-20,ngfs-phase5-world-electricity-demand-2020-2100.json
DS-NGFS-PHASE5.1,SRC-NGFS-PHASE5.1,scenario,MESSAGEix-GLOBIOM 2.0-M-R12-NGFS,Low demand,NGFS Phase 5.1,World,World,world,2060,generation_minus_final_consumption,total,accounting_gap,secondary_generation_minus_final_consumption; includes_model_specific_grid_loss_own_use_and_accounting_effects; not_technical_transmission_loss,8745.677471779,TWh,derived_point,8745.677471779,TWh_derived,Secondary Energy|Electricity - Final Energy|Electricity,derived_from_conditional_scenario,2026-03-20,ngfs-phase5-world-electricity-2020-2100.json + ngfs-phase5-world-electricity-demand-2020-2100.json
DS-NGFS-PHASE5.1,SRC-NGFS-PHASE5.1,scenario,MESSAGEix-GLOBIOM 2.0-M-R12-NGFS,Low demand,NGFS Phase 5.1,World,World,world,2070,electricity_generation,total,all_sources,secondary_energy_electricity_generation,45818.785967332,TWh,point,164.947629482,EJ/yr,Secondary Energy|Electricity,conditional_scenario_not_forecast,2026-03-20,ngfs-phase5-world-electricity-2020-2100.json
DS-NGFS-PHASE5.1,SRC-NGFS-PHASE5.1,scenario,MESSAGEix-GLOBIOM 2.0-M-R12-NGFS,Low demand,NGFS Phase 5.1,World,World,world,2070,final_electricity_consumption,total,all_end_uses,final_energy_electricity_consumption,34690.418426766,TWh,point,124.885506336,EJ_per_year,Final Energy|Electricity,conditional_scenario_not_forecast,2026-03-20,ngfs-phase5-world-electricity-demand-2020-2100.json
DS-NGFS-PHASE5.1,SRC-NGFS-PHASE5.1,scenario,MESSAGEix-GLOBIOM 2.0-M-R12-NGFS,Low demand,NGFS Phase 5.1,World,World,world,2070,generation_minus_final_consumption,total,accounting_gap,secondary_generation_minus_final_consumption; includes_model_specific_grid_loss_own_use_and_accounting_effects; not_technical_transmission_loss,11128.367540566,TWh,derived_point,11128.367540566,TWh_derived,Secondary Energy|Electricity - Final Energy|Electricity,derived_from_conditional_scenario,2026-03-20,ngfs-phase5-world-electricity-2020-2100.json + ngfs-phase5-world-electricity-demand-2020-2100.json
DS-NGFS-PHASE5.1,SRC-NGFS-PHASE5.1,scenario,MESSAGEix-GLOBIOM 2.0-M-R12-NGFS,Low demand,NGFS Phase 5.1,World,World,world,2080,electricity_generation,total,all_sources,secondary_energy_electricity_generation,42871.367930664,TWh,point,154.33692455,EJ/yr,Secondary Energy|Electricity,conditional_scenario_not_forecast,2026-03-20,ngfs-phase5-world-electricity-2020-2100.json
DS-NGFS-PHASE5.1,SRC-NGFS-PHASE5.1,scenario,MESSAGEix-GLOBIOM 2.0-M-R12-NGFS,Low demand,NGFS Phase 5.1,World,World,world,2080,final_electricity_consumption,total,all_end_uses,final_energy_electricity_consumption,34345.618293621,TWh,point,123.644225857,EJ_per_year,Final Energy|Electricity,conditional_scenario_not_forecast,2026-03-20,ngfs-phase5-world-electricity-demand-2020-2100.json
DS-NGFS-PHASE5.1,SRC-NGFS-PHASE5.1,scenario,MESSAGEix-GLOBIOM 2.0-M-R12-NGFS,Low demand,NGFS Phase 5.1,World,World,world,2080,generation_minus_final_consumption,total,accounting_gap,secondary_generation_minus_final_consumption; includes_model_specific_grid_loss_own_use_and_accounting_effects; not_technical_transmission_loss,8525.749637043,TWh,derived_point,8525.749637043,TWh_derived,Secondary Energy|Electricity - Final Energy|Electricity,derived_from_conditional_scenario,2026-03-20,ngfs-phase5-world-electricity-2020-2100.json + ngfs-phase5-world-electricity-demand-2020-2100.json
DS-NGFS-PHASE5.1,SRC-NGFS-PHASE5.1,scenario,MESSAGEix-GLOBIOM 2.0-M-R12-NGFS,Low demand,NGFS Phase 5.1,World,World,world,2090,electricity_generation,total,all_sources,secondary_energy_electricity_generation,41232.538321005,TWh,point,148.437137956,EJ/yr,Secondary Energy|Electricity,conditional_scenario_not_forecast,2026-03-20,ngfs-phase5-world-electricity-2020-2100.json
DS-NGFS-PHASE5.1,SRC-NGFS-PHASE5.1,scenario,MESSAGEix-GLOBIOM 2.0-M-R12-NGFS,Low demand,NGFS Phase 5.1,World,World,world,2090,final_electricity_consumption,total,all_end_uses,final_energy_electricity_consumption,33851.20430603,TWh,point,121.864335502,EJ_per_year,Final Energy|Electricity,conditional_scenario_not_forecast,2026-03-20,ngfs-phase5-world-electricity-demand-2020-2100.json
DS-NGFS-PHASE5.1,SRC-NGFS-PHASE5.1,scenario,MESSAGEix-GLOBIOM 2.0-M-R12-NGFS,Low demand,NGFS Phase 5.1,World,World,world,2090,generation_minus_final_consumption,total,accounting_gap,secondary_generation_minus_final_consumption; includes_model_specific_grid_loss_own_use_and_accounting_effects; not_technical_transmission_loss,7381.334014975,TWh,derived_point,7381.334014975,TWh_derived,Secondary Energy|Electricity - Final Energy|Electricity,derived_from_conditional_scenario,2026-03-20,ngfs-phase5-world-electricity-2020-2100.json + ngfs-phase5-world-electricity-demand-2020-2100.json
DS-NGFS-PHASE5.1,SRC-NGFS-PHASE5.1,scenario,MESSAGEix-GLOBIOM 2.0-M-R12-NGFS,Low demand,NGFS Phase 5.1,World,World,world,2100,electricity_generation,total,all_sources,secondary_energy_electricity_generation,40487.707666833,TWh,point,145.755747601,EJ/yr,Secondary Energy|Electricity,conditional_scenario_not_forecast,2026-03-20,ngfs-phase5-world-electricity-2020-2100.json
DS-NGFS-PHASE5.1,SRC-NGFS-PHASE5.1,scenario,MESSAGEix-GLOBIOM 2.0-M-R12-NGFS,Low demand,NGFS Phase 5.1,World,World,world,2100,final_electricity_consumption,total,all_end_uses,final_energy_electricity_consumption,33317.339562863,TWh,point,119.942422426,EJ_per_year,Final Energy|Electricity,conditional_scenario_not_forecast,2026-03-20,ngfs-phase5-world-electricity-demand-2020-2100.json
DS-NGFS-PHASE5.1,SRC-NGFS-PHASE5.1,scenario,MESSAGEix-GLOBIOM 2.0-M-R12-NGFS,Low demand,NGFS Phase 5.1,World,World,world,2100,generation_minus_final_consumption,total,accounting_gap,secondary_generation_minus_final_consumption; includes_model_specific_grid_loss_own_use_and_accounting_effects; not_technical_transmission_loss,7170.36810397,TWh,derived_point,7170.36810397,TWh_derived,Secondary Energy|Electricity - Final Energy|Electricity,derived_from_conditional_scenario,2026-03-20,ngfs-phase5-world-electricity-2020-2100.json + ngfs-phase5-world-electricity-demand-2020-2100.json
DS-NGFS-PHASE5.1,SRC-NGFS-PHASE5.1,scenario,MESSAGEix-GLOBIOM 2.0-M-R12-NGFS,Nationally Determined Contributions (NDCs),NGFS Phase 5.1,World,World,world,2020,electricity_generation,total,all_sources,secondary_energy_electricity_generation,26752.628601254,TWh,point,96.309462965,EJ/yr,Secondary Energy|Electricity,conditional_scenario_not_forecast,2026-03-20,ngfs-phase5-world-electricity-2020-2100.json
DS-NGFS-PHASE5.1,SRC-NGFS-PHASE5.1,scenario,MESSAGEix-GLOBIOM 2.0-M-R12-NGFS,Nationally Determined Contributions (NDCs),NGFS Phase 5.1,World,World,world,2020,final_electricity_consumption,total,all_end_uses,final_energy_electricity_consumption,22748.490748523,TWh,point,81.894566695,EJ_per_year,Final Energy|Electricity,conditional_scenario_not_forecast,2026-03-20,ngfs-phase5-world-electricity-demand-2020-2100.json
DS-NGFS-PHASE5.1,SRC-NGFS-PHASE5.1,scenario,MESSAGEix-GLOBIOM 2.0-M-R12-NGFS,Nationally Determined Contributions (NDCs),NGFS Phase 5.1,World,World,world,2020,generation_minus_final_consumption,total,accounting_gap,secondary_generation_minus_final_consumption; includes_model_specific_grid_loss_own_use_and_accounting_effects; not_technical_transmission_loss,4004.137852731,TWh,derived_point,4004.137852731,TWh_derived,Secondary Energy|Electricity - Final Energy|Electricity,derived_from_conditional_scenario,2026-03-20,ngfs-phase5-world-electricity-2020-2100.json + ngfs-phase5-world-electricity-demand-2020-2100.json
DS-NGFS-PHASE5.1,SRC-NGFS-PHASE5.1,scenario,MESSAGEix-GLOBIOM 2.0-M-R12-NGFS,Nationally Determined Contributions (NDCs),NGFS Phase 5.1,World,World,world,2025,electricity_generation,total,all_sources,secondary_energy_electricity_generation,30720.620789132,TWh,point,110.594234841,EJ/yr,Secondary Energy|Electricity,conditional_scenario_not_forecast,2026-03-20,ngfs-phase5-world-electricity-2020-2100.json
DS-NGFS-PHASE5.1,SRC-NGFS-PHASE5.1,scenario,MESSAGEix-GLOBIOM 2.0-M-R12-NGFS,Nationally Determined Contributions (NDCs),NGFS Phase 5.1,World,World,world,2025,final_electricity_consumption,total,all_end_uses,final_energy_electricity_consumption,26638.398374144,TWh,point,95.898234147,EJ_per_year,Final Energy|Electricity,conditional_scenario_not_forecast,2026-03-20,ngfs-phase5-world-electricity-demand-2020-2100.json
DS-NGFS-PHASE5.1,SRC-NGFS-PHASE5.1,scenario,MESSAGEix-GLOBIOM 2.0-M-R12-NGFS,Nationally Determined Contributions (NDCs),NGFS Phase 5.1,World,World,world,2025,generation_minus_final_consumption,total,accounting_gap,secondary_generation_minus_final_consumption; includes_model_specific_grid_loss_own_use_and_accounting_effects; not_technical_transmission_loss,4082.222414988,TWh,derived_point,4082.222414988,TWh_derived,Secondary Energy|Electricity - Final Energy|Electricity,derived_from_conditional_scenario,2026-03-20,ngfs-phase5-world-electricity-2020-2100.json + ngfs-phase5-world-electricity-demand-2020-2100.json
DS-NGFS-PHASE5.1,SRC-NGFS-PHASE5.1,scenario,MESSAGEix-GLOBIOM 2.0-M-R12-NGFS,Nationally Determined Contributions (NDCs),NGFS Phase 5.1,World,World,world,2030,electricity_generation,total,all_sources,secondary_energy_electricity_generation,33889.52085754,TWh,point,122.002275087,EJ/yr,Secondary Energy|Electricity,conditional_scenario_not_forecast,2026-03-20,ngfs-phase5-world-electricity-2020-2100.json
DS-NGFS-PHASE5.1,SRC-NGFS-PHASE5.1,scenario,MESSAGEix-GLOBIOM 2.0-M-R12-NGFS,Nationally Determined Contributions (NDCs),NGFS Phase 5.1,World,World,world,2030,final_electricity_consumption,total,all_end_uses,final_energy_electricity_consumption,29653.379234062,TWh,point,106.752165243,EJ_per_year,Final Energy|Electricity,conditional_scenario_not_forecast,2026-03-20,ngfs-phase5-world-electricity-demand-2020-2100.json
DS-NGFS-PHASE5.1,SRC-NGFS-PHASE5.1,scenario,MESSAGEix-GLOBIOM 2.0-M-R12-NGFS,Nationally Determined Contributions (NDCs),NGFS Phase 5.1,World,World,world,2030,generation_minus_final_consumption,total,accounting_gap,secondary_generation_minus_final_consumption; includes_model_specific_grid_loss_own_use_and_accounting_effects; not_technical_transmission_loss,4236.141623478,TWh,derived_point,4236.141623478,TWh_derived,Secondary Energy|Electricity - Final Energy|Electricity,derived_from_conditional_scenario,2026-03-20,ngfs-phase5-world-electricity-2020-2100.json + ngfs-phase5-world-electricity-demand-2020-2100.json
DS-NGFS-PHASE5.1,SRC-NGFS-PHASE5.1,scenario,MESSAGEix-GLOBIOM 2.0-M-R12-NGFS,Nationally Determined Contributions (NDCs),NGFS Phase 5.1,World,World,world,2035,electricity_generation,total,all_sources,secondary_energy_electricity_generation,37675.34224123,TWh,point,135.631232068,EJ/yr,Secondary Energy|Electricity,conditional_scenario_not_forecast,2026-03-20,ngfs-phase5-world-electricity-2020-2100.json
DS-NGFS-PHASE5.1,SRC-NGFS-PHASE5.1,scenario,MESSAGEix-GLOBIOM 2.0-M-R12-NGFS,Nationally Determined Contributions (NDCs),NGFS Phase 5.1,World,World,world,2035,final_electricity_consumption,total,all_end_uses,final_energy_electricity_consumption,33028.202734702,TWh,point,118.901529845,EJ_per_year,Final Energy|Electricity,conditional_scenario_not_forecast,2026-03-20,ngfs-phase5-world-electricity-demand-2020-2100.json
DS-NGFS-PHASE5.1,SRC-NGFS-PHASE5.1,scenario,MESSAGEix-GLOBIOM 2.0-M-R12-NGFS,Nationally Determined Contributions (NDCs),NGFS Phase 5.1,World,World,world,2035,generation_minus_final_consumption,total,accounting_gap,secondary_generation_minus_final_consumption; includes_model_specific_grid_loss_own_use_and_accounting_effects; not_technical_transmission_loss,4647.139506528,TWh,derived_point,4647.139506528,TWh_derived,Secondary Energy|Electricity - Final Energy|Electricity,derived_from_conditional_scenario,2026-03-20,ngfs-phase5-world-electricity-2020-2100.json + ngfs-phase5-world-electricity-demand-2020-2100.json
DS-NGFS-PHASE5.1,SRC-NGFS-PHASE5.1,scenario,MESSAGEix-GLOBIOM 2.0-M-R12-NGFS,Nationally Determined Contributions (NDCs),NGFS Phase 5.1,World,World,world,2040,electricity_generation,total,all_sources,secondary_energy_electricity_generation,41730.494330309,TWh,point,150.229779589,EJ/yr,Secondary Energy|Electricity,conditional_scenario_not_forecast,2026-03-20,ngfs-phase5-world-electricity-2020-2100.json
DS-NGFS-PHASE5.1,SRC-NGFS-PHASE5.1,scenario,MESSAGEix-GLOBIOM 2.0-M-R12-NGFS,Nationally Determined Contributions (NDCs),NGFS Phase 5.1,World,World,world,2040,final_electricity_consumption,total,all_end_uses,final_energy_electricity_consumption,36663.582366772,TWh,point,131.98889652,EJ_per_year,Final Energy|Electricity,conditional_scenario_not_forecast,2026-03-20,ngfs-phase5-world-electricity-demand-2020-2100.json
DS-NGFS-PHASE5.1,SRC-NGFS-PHASE5.1,scenario,MESSAGEix-GLOBIOM 2.0-M-R12-NGFS,Nationally Determined Contributions (NDCs),NGFS Phase 5.1,World,World,world,2040,generation_minus_final_consumption,total,accounting_gap,secondary_generation_minus_final_consumption; includes_model_specific_grid_loss_own_use_and_accounting_effects; not_technical_transmission_loss,5066.911963537,TWh,derived_point,5066.911963537,TWh_derived,Secondary Energy|Electricity - Final Energy|Electricity,derived_from_conditional_scenario,2026-03-20,ngfs-phase5-world-electricity-2020-2100.json + ngfs-phase5-world-electricity-demand-2020-2100.json
DS-NGFS-PHASE5.1,SRC-NGFS-PHASE5.1,scenario,MESSAGEix-GLOBIOM 2.0-M-R12-NGFS,Nationally Determined Contributions (NDCs),NGFS Phase 5.1,World,World,world,2045,electricity_generation,total,all_sources,secondary_energy_electricity_generation,47225.983667107,TWh,point,170.013541202,EJ/yr,Secondary Energy|Electricity,conditional_scenario_not_forecast,2026-03-20,ngfs-phase5-world-electricity-2020-2100.json
DS-NGFS-PHASE5.1,SRC-NGFS-PHASE5.1,scenario,MESSAGEix-GLOBIOM 2.0-M-R12-NGFS,Nationally Determined Contributions (NDCs),NGFS Phase 5.1,World,World,world,2045,final_electricity_consumption,total,all_end_uses,final_energy_electricity_consumption,41343.937282228,TWh,point,148.838174216,EJ_per_year,Final Energy|Electricity,conditional_scenario_not_forecast,2026-03-20,ngfs-phase5-world-electricity-demand-2020-2100.json
DS-NGFS-PHASE5.1,SRC-NGFS-PHASE5.1,scenario,MESSAGEix-GLOBIOM 2.0-M-R12-NGFS,Nationally Determined Contributions (NDCs),NGFS Phase 5.1,World,World,world,2045,generation_minus_final_consumption,total,accounting_gap,secondary_generation_minus_final_consumption; includes_model_specific_grid_loss_own_use_and_accounting_effects; not_technical_transmission_loss,5882.046384879,TWh,derived_point,5882.046384879,TWh_derived,Secondary Energy|Electricity - Final Energy|Electricity,derived_from_conditional_scenario,2026-03-20,ngfs-phase5-world-electricity-2020-2100.json + ngfs-phase5-world-electricity-demand-2020-2100.json
DS-NGFS-PHASE5.1,SRC-NGFS-PHASE5.1,scenario,MESSAGEix-GLOBIOM 2.0-M-R12-NGFS,Nationally Determined Contributions (NDCs),NGFS Phase 5.1,World,World,world,2050,electricity_generation,total,all_sources,secondary_energy_electricity_generation,53689.091670308,TWh,point,193.280730013,EJ/yr,Secondary Energy|Electricity,conditional_scenario_not_forecast,2026-03-20,ngfs-phase5-world-electricity-2020-2100.json
DS-NGFS-PHASE5.1,SRC-NGFS-PHASE5.1,scenario,MESSAGEix-GLOBIOM 2.0-M-R12-NGFS,Nationally Determined Contributions (NDCs),NGFS Phase 5.1,World,World,world,2050,final_electricity_consumption,total,all_end_uses,final_energy_electricity_consumption,46500.20655586,TWh,point,167.400743601,EJ_per_year,Final Energy|Electricity,conditional_scenario_not_forecast,2026-03-20,ngfs-phase5-world-electricity-demand-2020-2100.json
DS-NGFS-PHASE5.1,SRC-NGFS-PHASE5.1,scenario,MESSAGEix-GLOBIOM 2.0-M-R12-NGFS,Nationally Determined Contributions (NDCs),NGFS Phase 5.1,World,World,world,2050,generation_minus_final_consumption,total,accounting_gap,secondary_generation_minus_final_consumption; includes_model_specific_grid_loss_own_use_and_accounting_effects; not_technical_transmission_loss,7188.885114448,TWh,derived_point,7188.885114448,TWh_derived,Secondary Energy|Electricity - Final Energy|Electricity,derived_from_conditional_scenario,2026-03-20,ngfs-phase5-world-electricity-2020-2100.json + ngfs-phase5-world-electricity-demand-2020-2100.json
DS-NGFS-PHASE5.1,SRC-NGFS-PHASE5.1,scenario,MESSAGEix-GLOBIOM 2.0-M-R12-NGFS,Nationally Determined Contributions (NDCs),NGFS Phase 5.1,World,World,world,2055,electricity_generation,total,all_sources,secondary_energy_electricity_generation,59728.720210015,TWh,point,215.023392756,EJ/yr,Secondary Energy|Electricity,conditional_scenario_not_forecast,2026-03-20,ngfs-phase5-world-electricity-2020-2100.json
DS-NGFS-PHASE5.1,SRC-NGFS-PHASE5.1,scenario,MESSAGEix-GLOBIOM 2.0-M-R12-NGFS,Nationally Determined Contributions (NDCs),NGFS Phase 5.1,World,World,world,2055,final_electricity_consumption,total,all_end_uses,final_energy_electricity_consumption,51499.990761673,TWh,point,185.399966742,EJ_per_year,Final Energy|Electricity,conditional_scenario_not_forecast,2026-03-20,ngfs-phase5-world-electricity-demand-2020-2100.json
DS-NGFS-PHASE5.1,SRC-NGFS-PHASE5.1,scenario,MESSAGEix-GLOBIOM 2.0-M-R12-NGFS,Nationally Determined Contributions (NDCs),NGFS Phase 5.1,World,World,world,2055,generation_minus_final_consumption,total,accounting_gap,secondary_generation_minus_final_consumption; includes_model_specific_grid_loss_own_use_and_accounting_effects; not_technical_transmission_loss,8228.729448342,TWh,derived_point,8228.729448342,TWh_derived,Secondary Energy|Electricity - Final Energy|Electricity,derived_from_conditional_scenario,2026-03-20,ngfs-phase5-world-electricity-2020-2100.json + ngfs-phase5-world-electricity-demand-2020-2100.json
DS-NGFS-PHASE5.1,SRC-NGFS-PHASE5.1,scenario,MESSAGEix-GLOBIOM 2.0-M-R12-NGFS,Nationally Determined Contributions (NDCs),NGFS Phase 5.1,World,World,world,2060,electricity_generation,total,all_sources,secondary_energy_electricity_generation,64656.890990099,TWh,point,232.764807564,EJ/yr,Secondary Energy|Electricity,conditional_scenario_not_forecast,2026-03-20,ngfs-phase5-world-electricity-2020-2100.json
DS-NGFS-PHASE5.1,SRC-NGFS-PHASE5.1,scenario,MESSAGEix-GLOBIOM 2.0-M-R12-NGFS,Nationally Determined Contributions (NDCs),NGFS Phase 5.1,World,World,world,2060,final_electricity_consumption,total,all_end_uses,final_energy_electricity_consumption,55773.781281397,TWh,point,200.785612613,EJ_per_year,Final Energy|Electricity,conditional_scenario_not_forecast,2026-03-20,ngfs-phase5-world-electricity-demand-2020-2100.json
DS-NGFS-PHASE5.1,SRC-NGFS-PHASE5.1,scenario,MESSAGEix-GLOBIOM 2.0-M-R12-NGFS,Nationally Determined Contributions (NDCs),NGFS Phase 5.1,World,World,world,2060,generation_minus_final_consumption,total,accounting_gap,secondary_generation_minus_final_consumption; includes_model_specific_grid_loss_own_use_and_accounting_effects; not_technical_transmission_loss,8883.109708702,TWh,derived_point,8883.109708702,TWh_derived,Secondary Energy|Electricity - Final Energy|Electricity,derived_from_conditional_scenario,2026-03-20,ngfs-phase5-world-electricity-2020-2100.json + ngfs-phase5-world-electricity-demand-2020-2100.json
DS-NGFS-PHASE5.1,SRC-NGFS-PHASE5.1,scenario,MESSAGEix-GLOBIOM 2.0-M-R12-NGFS,Nationally Determined Contributions (NDCs),NGFS Phase 5.1,World,World,world,2070,electricity_generation,total,all_sources,secondary_energy_electricity_generation,74453.977689488,TWh,point,268.034319682,EJ/yr,Secondary Energy|Electricity,conditional_scenario_not_forecast,2026-03-20,ngfs-phase5-world-electricity-2020-2100.json
DS-NGFS-PHASE5.1,SRC-NGFS-PHASE5.1,scenario,MESSAGEix-GLOBIOM 2.0-M-R12-NGFS,Nationally Determined Contributions (NDCs),NGFS Phase 5.1,World,World,world,2070,final_electricity_consumption,total,all_end_uses,final_energy_electricity_consumption,63673.60144824,TWh,point,229.224965214,EJ_per_year,Final Energy|Electricity,conditional_scenario_not_forecast,2026-03-20,ngfs-phase5-world-electricity-demand-2020-2100.json
DS-NGFS-PHASE5.1,SRC-NGFS-PHASE5.1,scenario,MESSAGEix-GLOBIOM 2.0-M-R12-NGFS,Nationally Determined Contributions (NDCs),NGFS Phase 5.1,World,World,world,2070,generation_minus_final_consumption,total,accounting_gap,secondary_generation_minus_final_consumption; includes_model_specific_grid_loss_own_use_and_accounting_effects; not_technical_transmission_loss,10780.376241248,TWh,derived_point,10780.376241248,TWh_derived,Secondary Energy|Electricity - Final Energy|Electricity,derived_from_conditional_scenario,2026-03-20,ngfs-phase5-world-electricity-2020-2100.json + ngfs-phase5-world-electricity-demand-2020-2100.json
DS-NGFS-PHASE5.1,SRC-NGFS-PHASE5.1,scenario,MESSAGEix-GLOBIOM 2.0-M-R12-NGFS,Nationally Determined Contributions (NDCs),NGFS Phase 5.1,World,World,world,2080,electricity_generation,total,all_sources,secondary_energy_electricity_generation,84488.437932098,TWh,point,304.158376556,EJ/yr,Secondary Energy|Electricity,conditional_scenario_not_forecast,2026-03-20,ngfs-phase5-world-electricity-2020-2100.json
DS-NGFS-PHASE5.1,SRC-NGFS-PHASE5.1,scenario,MESSAGEix-GLOBIOM 2.0-M-R12-NGFS,Nationally Determined Contributions (NDCs),NGFS Phase 5.1,World,World,world,2080,final_electricity_consumption,total,all_end_uses,final_energy_electricity_consumption,70665.025995986,TWh,point,254.394093586,EJ_per_year,Final Energy|Electricity,conditional_scenario_not_forecast,2026-03-20,ngfs-phase5-world-electricity-demand-2020-2100.json
DS-NGFS-PHASE5.1,SRC-NGFS-PHASE5.1,scenario,MESSAGEix-GLOBIOM 2.0-M-R12-NGFS,Nationally Determined Contributions (NDCs),NGFS Phase 5.1,World,World,world,2080,generation_minus_final_consumption,total,accounting_gap,secondary_generation_minus_final_consumption; includes_model_specific_grid_loss_own_use_and_accounting_effects; not_technical_transmission_loss,13823.411936112,TWh,derived_point,13823.411936112,TWh_derived,Secondary Energy|Electricity - Final Energy|Electricity,derived_from_conditional_scenario,2026-03-20,ngfs-phase5-world-electricity-2020-2100.json + ngfs-phase5-world-electricity-demand-2020-2100.json
DS-NGFS-PHASE5.1,SRC-NGFS-PHASE5.1,scenario,MESSAGEix-GLOBIOM 2.0-M-R12-NGFS,Nationally Determined Contributions (NDCs),NGFS Phase 5.1,World,World,world,2090,electricity_generation,total,all_sources,secondary_energy_electricity_generation,93439.743522999,TWh,point,336.383076683,EJ/yr,Secondary Energy|Electricity,conditional_scenario_not_forecast,2026-03-20,ngfs-phase5-world-electricity-2020-2100.json
DS-NGFS-PHASE5.1,SRC-NGFS-PHASE5.1,scenario,MESSAGEix-GLOBIOM 2.0-M-R12-NGFS,Nationally Determined Contributions (NDCs),NGFS Phase 5.1,World,World,world,2090,final_electricity_consumption,total,all_end_uses,final_energy_electricity_consumption,76997.390987384,TWh,point,277.190607555,EJ_per_year,Final Energy|Electricity,conditional_scenario_not_forecast,2026-03-20,ngfs-phase5-world-electricity-demand-2020-2100.json
DS-NGFS-PHASE5.1,SRC-NGFS-PHASE5.1,scenario,MESSAGEix-GLOBIOM 2.0-M-R12-NGFS,Nationally Determined Contributions (NDCs),NGFS Phase 5.1,World,World,world,2090,generation_minus_final_consumption,total,accounting_gap,secondary_generation_minus_final_consumption; includes_model_specific_grid_loss_own_use_and_accounting_effects; not_technical_transmission_loss,16442.352535615,TWh,derived_point,16442.352535615,TWh_derived,Secondary Energy|Electricity - Final Energy|Electricity,derived_from_conditional_scenario,2026-03-20,ngfs-phase5-world-electricity-2020-2100.json + ngfs-phase5-world-electricity-demand-2020-2100.json
DS-NGFS-PHASE5.1,SRC-NGFS-PHASE5.1,scenario,MESSAGEix-GLOBIOM 2.0-M-R12-NGFS,Nationally Determined Contributions (NDCs),NGFS Phase 5.1,World,World,world,2100,electricity_generation,total,all_sources,secondary_energy_electricity_generation,100244.704728131,TWh,point,360.880937021,EJ/yr,Secondary Energy|Electricity,conditional_scenario_not_forecast,2026-03-20,ngfs-phase5-world-electricity-2020-2100.json
DS-NGFS-PHASE5.1,SRC-NGFS-PHASE5.1,scenario,MESSAGEix-GLOBIOM 2.0-M-R12-NGFS,Nationally Determined Contributions (NDCs),NGFS Phase 5.1,World,World,world,2100,final_electricity_consumption,total,all_end_uses,final_energy_electricity_consumption,82168.443494457,TWh,point,295.80639658,EJ_per_year,Final Energy|Electricity,conditional_scenario_not_forecast,2026-03-20,ngfs-phase5-world-electricity-demand-2020-2100.json
DS-NGFS-PHASE5.1,SRC-NGFS-PHASE5.1,scenario,MESSAGEix-GLOBIOM 2.0-M-R12-NGFS,Nationally Determined Contributions (NDCs),NGFS Phase 5.1,World,World,world,2100,generation_minus_final_consumption,total,accounting_gap,secondary_generation_minus_final_consumption; includes_model_specific_grid_loss_own_use_and_accounting_effects; not_technical_transmission_loss,18076.261233674,TWh,derived_point,18076.261233674,TWh_derived,Secondary Energy|Electricity - Final Energy|Electricity,derived_from_conditional_scenario,2026-03-20,ngfs-phase5-world-electricity-2020-2100.json + ngfs-phase5-world-electricity-demand-2020-2100.json
DS-NGFS-PHASE5.1,SRC-NGFS-PHASE5.1,scenario,MESSAGEix-GLOBIOM 2.0-M-R12-NGFS,Net Zero 2050,NGFS Phase 5.1,World,World,world,2020,electricity_generation,total,all_sources,secondary_energy_electricity_generation,26752.628601254,TWh,point,96.309462965,EJ/yr,Secondary Energy|Electricity,conditional_scenario_not_forecast,2026-03-20,ngfs-phase5-world-electricity-2020-2100.json
DS-NGFS-PHASE5.1,SRC-NGFS-PHASE5.1,scenario,MESSAGEix-GLOBIOM 2.0-M-R12-NGFS,Net Zero 2050,NGFS Phase 5.1,World,World,world,2020,final_electricity_consumption,total,all_end_uses,final_energy_electricity_consumption,22748.490748523,TWh,point,81.894566695,EJ_per_year,Final Energy|Electricity,conditional_scenario_not_forecast,2026-03-20,ngfs-phase5-world-electricity-demand-2020-2100.json
DS-NGFS-PHASE5.1,SRC-NGFS-PHASE5.1,scenario,MESSAGEix-GLOBIOM 2.0-M-R12-NGFS,Net Zero 2050,NGFS Phase 5.1,World,World,world,2020,generation_minus_final_consumption,total,accounting_gap,secondary_generation_minus_final_consumption; includes_model_specific_grid_loss_own_use_and_accounting_effects; not_technical_transmission_loss,4004.137852731,TWh,derived_point,4004.137852731,TWh_derived,Secondary Energy|Electricity - Final Energy|Electricity,derived_from_conditional_scenario,2026-03-20,ngfs-phase5-world-electricity-2020-2100.json + ngfs-phase5-world-electricity-demand-2020-2100.json
DS-NGFS-PHASE5.1,SRC-NGFS-PHASE5.1,scenario,MESSAGEix-GLOBIOM 2.0-M-R12-NGFS,Net Zero 2050,NGFS Phase 5.1,World,World,world,2025,electricity_generation,total,all_sources,secondary_energy_electricity_generation,30720.620789132,TWh,point,110.594234841,EJ/yr,Secondary Energy|Electricity,conditional_scenario_not_forecast,2026-03-20,ngfs-phase5-world-electricity-2020-2100.json
DS-NGFS-PHASE5.1,SRC-NGFS-PHASE5.1,scenario,MESSAGEix-GLOBIOM 2.0-M-R12-NGFS,Net Zero 2050,NGFS Phase 5.1,World,World,world,2025,final_electricity_consumption,total,all_end_uses,final_energy_electricity_consumption,26638.398374144,TWh,point,95.898234147,EJ_per_year,Final Energy|Electricity,conditional_scenario_not_forecast,2026-03-20,ngfs-phase5-world-electricity-demand-2020-2100.json
DS-NGFS-PHASE5.1,SRC-NGFS-PHASE5.1,scenario,MESSAGEix-GLOBIOM 2.0-M-R12-NGFS,Net Zero 2050,NGFS Phase 5.1,World,World,world,2025,generation_minus_final_consumption,total,accounting_gap,secondary_generation_minus_final_consumption; includes_model_specific_grid_loss_own_use_and_accounting_effects; not_technical_transmission_loss,4082.222414988,TWh,derived_point,4082.222414988,TWh_derived,Secondary Energy|Electricity - Final Energy|Electricity,derived_from_conditional_scenario,2026-03-20,ngfs-phase5-world-electricity-2020-2100.json + ngfs-phase5-world-electricity-demand-2020-2100.json
DS-NGFS-PHASE5.1,SRC-NGFS-PHASE5.1,scenario,MESSAGEix-GLOBIOM 2.0-M-R12-NGFS,Net Zero 2050,NGFS Phase 5.1,World,World,world,2030,electricity_generation,total,all_sources,secondary_energy_electricity_generation,34942.001170417,TWh,point,125.791204213,EJ/yr,Secondary Energy|Electricity,conditional_scenario_not_forecast,2026-03-20,ngfs-phase5-world-electricity-2020-2100.json
DS-NGFS-PHASE5.1,SRC-NGFS-PHASE5.1,scenario,MESSAGEix-GLOBIOM 2.0-M-R12-NGFS,Net Zero 2050,NGFS Phase 5.1,World,World,world,2030,final_electricity_consumption,total,all_end_uses,final_energy_electricity_consumption,29428.643423097,TWh,point,105.943116323,EJ_per_year,Final Energy|Electricity,conditional_scenario_not_forecast,2026-03-20,ngfs-phase5-world-electricity-demand-2020-2100.json
DS-NGFS-PHASE5.1,SRC-NGFS-PHASE5.1,scenario,MESSAGEix-GLOBIOM 2.0-M-R12-NGFS,Net Zero 2050,NGFS Phase 5.1,World,World,world,2030,generation_minus_final_consumption,total,accounting_gap,secondary_generation_minus_final_consumption; includes_model_specific_grid_loss_own_use_and_accounting_effects; not_technical_transmission_loss,5513.35774732,TWh,derived_point,5513.35774732,TWh_derived,Secondary Energy|Electricity - Final Energy|Electricity,derived_from_conditional_scenario,2026-03-20,ngfs-phase5-world-electricity-2020-2100.json + ngfs-phase5-world-electricity-demand-2020-2100.json
DS-NGFS-PHASE5.1,SRC-NGFS-PHASE5.1,scenario,MESSAGEix-GLOBIOM 2.0-M-R12-NGFS,Net Zero 2050,NGFS Phase 5.1,World,World,world,2035,electricity_generation,total,all_sources,secondary_energy_electricity_generation,41379.906430831,TWh,point,148.967663151,EJ/yr,Secondary Energy|Electricity,conditional_scenario_not_forecast,2026-03-20,ngfs-phase5-world-electricity-2020-2100.json
DS-NGFS-PHASE5.1,SRC-NGFS-PHASE5.1,scenario,MESSAGEix-GLOBIOM 2.0-M-R12-NGFS,Net Zero 2050,NGFS Phase 5.1,World,World,world,2035,final_electricity_consumption,total,all_end_uses,final_energy_electricity_consumption,33583.052857672,TWh,point,120.898990288,EJ_per_year,Final Energy|Electricity,conditional_scenario_not_forecast,2026-03-20,ngfs-phase5-world-electricity-demand-2020-2100.json
DS-NGFS-PHASE5.1,SRC-NGFS-PHASE5.1,scenario,MESSAGEix-GLOBIOM 2.0-M-R12-NGFS,Net Zero 2050,NGFS Phase 5.1,World,World,world,2035,generation_minus_final_consumption,total,accounting_gap,secondary_generation_minus_final_consumption; includes_model_specific_grid_loss_own_use_and_accounting_effects; not_technical_transmission_loss,7796.853573159,TWh,derived_point,7796.853573159,TWh_derived,Secondary Energy|Electricity - Final Energy|Electricity,derived_from_conditional_scenario,2026-03-20,ngfs-phase5-world-electricity-2020-2100.json + ngfs-phase5-world-electricity-demand-2020-2100.json
DS-NGFS-PHASE5.1,SRC-NGFS-PHASE5.1,scenario,MESSAGEix-GLOBIOM 2.0-M-R12-NGFS,Net Zero 2050,NGFS Phase 5.1,World,World,world,2040,electricity_generation,total,all_sources,secondary_energy_electricity_generation,48377.747483743,TWh,point,174.159890941,EJ/yr,Secondary Energy|Electricity,conditional_scenario_not_forecast,2026-03-20,ngfs-phase5-world-electricity-2020-2100.json
DS-NGFS-PHASE5.1,SRC-NGFS-PHASE5.1,scenario,MESSAGEix-GLOBIOM 2.0-M-R12-NGFS,Net Zero 2050,NGFS Phase 5.1,World,World,world,2040,final_electricity_consumption,total,all_end_uses,final_energy_electricity_consumption,38379.145935152,TWh,point,138.164925367,EJ_per_year,Final Energy|Electricity,conditional_scenario_not_forecast,2026-03-20,ngfs-phase5-world-electricity-demand-2020-2100.json
DS-NGFS-PHASE5.1,SRC-NGFS-PHASE5.1,scenario,MESSAGEix-GLOBIOM 2.0-M-R12-NGFS,Net Zero 2050,NGFS Phase 5.1,World,World,world,2040,generation_minus_final_consumption,total,accounting_gap,secondary_generation_minus_final_consumption; includes_model_specific_grid_loss_own_use_and_accounting_effects; not_technical_transmission_loss,9998.601548591,TWh,derived_point,9998.601548591,TWh_derived,Secondary Energy|Electricity - Final Energy|Electricity,derived_from_conditional_scenario,2026-03-20,ngfs-phase5-world-electricity-2020-2100.json + ngfs-phase5-world-electricity-demand-2020-2100.json
DS-NGFS-PHASE5.1,SRC-NGFS-PHASE5.1,scenario,MESSAGEix-GLOBIOM 2.0-M-R12-NGFS,Net Zero 2050,NGFS Phase 5.1,World,World,world,2045,electricity_generation,total,all_sources,secondary_energy_electricity_generation,56239.02459283,TWh,point,202.460488534,EJ/yr,Secondary Energy|Electricity,conditional_scenario_not_forecast,2026-03-20,ngfs-phase5-world-electricity-2020-2100.json
DS-NGFS-PHASE5.1,SRC-NGFS-PHASE5.1,scenario,MESSAGEix-GLOBIOM 2.0-M-R12-NGFS,Net Zero 2050,NGFS Phase 5.1,World,World,world,2045,final_electricity_consumption,total,all_end_uses,final_energy_electricity_consumption,43713.068570053,TWh,point,157.367046852,EJ_per_year,Final Energy|Electricity,conditional_scenario_not_forecast,2026-03-20,ngfs-phase5-world-electricity-demand-2020-2100.json
DS-NGFS-PHASE5.1,SRC-NGFS-PHASE5.1,scenario,MESSAGEix-GLOBIOM 2.0-M-R12-NGFS,Net Zero 2050,NGFS Phase 5.1,World,World,world,2045,generation_minus_final_consumption,total,accounting_gap,secondary_generation_minus_final_consumption; includes_model_specific_grid_loss_own_use_and_accounting_effects; not_technical_transmission_loss,12525.956022777,TWh,derived_point,12525.956022777,TWh_derived,Secondary Energy|Electricity - Final Energy|Electricity,derived_from_conditional_scenario,2026-03-20,ngfs-phase5-world-electricity-2020-2100.json + ngfs-phase5-world-electricity-demand-2020-2100.json
DS-NGFS-PHASE5.1,SRC-NGFS-PHASE5.1,scenario,MESSAGEix-GLOBIOM 2.0-M-R12-NGFS,Net Zero 2050,NGFS Phase 5.1,World,World,world,2050,electricity_generation,total,all_sources,secondary_energy_electricity_generation,64767.244009827,TWh,point,233.162078435,EJ/yr,Secondary Energy|Electricity,conditional_scenario_not_forecast,2026-03-20,ngfs-phase5-world-electricity-2020-2100.json
DS-NGFS-PHASE5.1,SRC-NGFS-PHASE5.1,scenario,MESSAGEix-GLOBIOM 2.0-M-R12-NGFS,Net Zero 2050,NGFS Phase 5.1,World,World,world,2050,final_electricity_consumption,total,all_end_uses,final_energy_electricity_consumption,48708.12288238,TWh,point,175.349242377,EJ_per_year,Final Energy|Electricity,conditional_scenario_not_forecast,2026-03-20,ngfs-phase5-world-electricity-demand-2020-2100.json
DS-NGFS-PHASE5.1,SRC-NGFS-PHASE5.1,scenario,MESSAGEix-GLOBIOM 2.0-M-R12-NGFS,Net Zero 2050,NGFS Phase 5.1,World,World,world,2050,generation_minus_final_consumption,total,accounting_gap,secondary_generation_minus_final_consumption; includes_model_specific_grid_loss_own_use_and_accounting_effects; not_technical_transmission_loss,16059.121127447,TWh,derived_point,16059.121127447,TWh_derived,Secondary Energy|Electricity - Final Energy|Electricity,derived_from_conditional_scenario,2026-03-20,ngfs-phase5-world-electricity-2020-2100.json + ngfs-phase5-world-electricity-demand-2020-2100.json
DS-NGFS-PHASE5.1,SRC-NGFS-PHASE5.1,scenario,MESSAGEix-GLOBIOM 2.0-M-R12-NGFS,Net Zero 2050,NGFS Phase 5.1,World,World,world,2055,electricity_generation,total,all_sources,secondary_energy_electricity_generation,74085.456641828,TWh,point,266.707643911,EJ/yr,Secondary Energy|Electricity,conditional_scenario_not_forecast,2026-03-20,ngfs-phase5-world-electricity-2020-2100.json
DS-NGFS-PHASE5.1,SRC-NGFS-PHASE5.1,scenario,MESSAGEix-GLOBIOM 2.0-M-R12-NGFS,Net Zero 2050,NGFS Phase 5.1,World,World,world,2055,final_electricity_consumption,total,all_end_uses,final_energy_electricity_consumption,52668.824625964,TWh,point,189.607768653,EJ_per_year,Final Energy|Electricity,conditional_scenario_not_forecast,2026-03-20,ngfs-phase5-world-electricity-demand-2020-2100.json
DS-NGFS-PHASE5.1,SRC-NGFS-PHASE5.1,scenario,MESSAGEix-GLOBIOM 2.0-M-R12-NGFS,Net Zero 2050,NGFS Phase 5.1,World,World,world,2055,generation_minus_final_consumption,total,accounting_gap,secondary_generation_minus_final_consumption; includes_model_specific_grid_loss_own_use_and_accounting_effects; not_technical_transmission_loss,21416.632015864,TWh,derived_point,21416.632015864,TWh_derived,Secondary Energy|Electricity - Final Energy|Electricity,derived_from_conditional_scenario,2026-03-20,ngfs-phase5-world-electricity-2020-2100.json + ngfs-phase5-world-electricity-demand-2020-2100.json
DS-NGFS-PHASE5.1,SRC-NGFS-PHASE5.1,scenario,MESSAGEix-GLOBIOM 2.0-M-R12-NGFS,Net Zero 2050,NGFS Phase 5.1,World,World,world,2060,electricity_generation,total,all_sources,secondary_energy_electricity_generation,82473.51170121,TWh,point,296.904642124,EJ/yr,Secondary Energy|Electricity,conditional_scenario_not_forecast,2026-03-20,ngfs-phase5-world-electricity-2020-2100.json
DS-NGFS-PHASE5.1,SRC-NGFS-PHASE5.1,scenario,MESSAGEix-GLOBIOM 2.0-M-R12-NGFS,Net Zero 2050,NGFS Phase 5.1,World,World,world,2060,final_electricity_consumption,total,all_end_uses,final_energy_electricity_consumption,56370.999905601,TWh,point,202.93559966,EJ_per_year,Final Energy|Electricity,conditional_scenario_not_forecast,2026-03-20,ngfs-phase5-world-electricity-demand-2020-2100.json
DS-NGFS-PHASE5.1,SRC-NGFS-PHASE5.1,scenario,MESSAGEix-GLOBIOM 2.0-M-R12-NGFS,Net Zero 2050,NGFS Phase 5.1,World,World,world,2060,generation_minus_final_consumption,total,accounting_gap,secondary_generation_minus_final_consumption; includes_model_specific_grid_loss_own_use_and_accounting_effects; not_technical_transmission_loss,26102.511795609,TWh,derived_point,26102.511795609,TWh_derived,Secondary Energy|Electricity - Final Energy|Electricity,derived_from_conditional_scenario,2026-03-20,ngfs-phase5-world-electricity-2020-2100.json + ngfs-phase5-world-electricity-demand-2020-2100.json
DS-NGFS-PHASE5.1,SRC-NGFS-PHASE5.1,scenario,MESSAGEix-GLOBIOM 2.0-M-R12-NGFS,Net Zero 2050,NGFS Phase 5.1,World,World,world,2070,electricity_generation,total,all_sources,secondary_energy_electricity_generation,95648.782252293,TWh,point,344.335616108,EJ/yr,Secondary Energy|Electricity,conditional_scenario_not_forecast,2026-03-20,ngfs-phase5-world-electricity-2020-2100.json
DS-NGFS-PHASE5.1,SRC-NGFS-PHASE5.1,scenario,MESSAGEix-GLOBIOM 2.0-M-R12-NGFS,Net Zero 2050,NGFS Phase 5.1,World,World,world,2070,final_electricity_consumption,total,all_end_uses,final_energy_electricity_consumption,62993.231104981,TWh,point,226.775631978,EJ_per_year,Final Energy|Electricity,conditional_scenario_not_forecast,2026-03-20,ngfs-phase5-world-electricity-demand-2020-2100.json
DS-NGFS-PHASE5.1,SRC-NGFS-PHASE5.1,scenario,MESSAGEix-GLOBIOM 2.0-M-R12-NGFS,Net Zero 2050,NGFS Phase 5.1,World,World,world,2070,generation_minus_final_consumption,total,accounting_gap,secondary_generation_minus_final_consumption; includes_model_specific_grid_loss_own_use_and_accounting_effects; not_technical_transmission_loss,32655.551147312,TWh,derived_point,32655.551147312,TWh_derived,Secondary Energy|Electricity - Final Energy|Electricity,derived_from_conditional_scenario,2026-03-20,ngfs-phase5-world-electricity-2020-2100.json + ngfs-phase5-world-electricity-demand-2020-2100.json
DS-NGFS-PHASE5.1,SRC-NGFS-PHASE5.1,scenario,MESSAGEix-GLOBIOM 2.0-M-R12-NGFS,Net Zero 2050,NGFS Phase 5.1,World,World,world,2080,electricity_generation,total,all_sources,secondary_energy_electricity_generation,103447.277009454,TWh,point,372.410197234,EJ/yr,Secondary Energy|Electricity,conditional_scenario_not_forecast,2026-03-20,ngfs-phase5-world-electricity-2020-2100.json
DS-NGFS-PHASE5.1,SRC-NGFS-PHASE5.1,scenario,MESSAGEix-GLOBIOM 2.0-M-R12-NGFS,Net Zero 2050,NGFS Phase 5.1,World,World,world,2080,final_electricity_consumption,total,all_end_uses,final_energy_electricity_consumption,69789.966108181,TWh,point,251.243877989,EJ_per_year,Final Energy|Electricity,conditional_scenario_not_forecast,2026-03-20,ngfs-phase5-world-electricity-demand-2020-2100.json
DS-NGFS-PHASE5.1,SRC-NGFS-PHASE5.1,scenario,MESSAGEix-GLOBIOM 2.0-M-R12-NGFS,Net Zero 2050,NGFS Phase 5.1,World,World,world,2080,generation_minus_final_consumption,total,accounting_gap,secondary_generation_minus_final_consumption; includes_model_specific_grid_loss_own_use_and_accounting_effects; not_technical_transmission_loss,33657.310901273,TWh,derived_point,33657.310901273,TWh_derived,Secondary Energy|Electricity - Final Energy|Electricity,derived_from_conditional_scenario,2026-03-20,ngfs-phase5-world-electricity-2020-2100.json + ngfs-phase5-world-electricity-demand-2020-2100.json
DS-NGFS-PHASE5.1,SRC-NGFS-PHASE5.1,scenario,MESSAGEix-GLOBIOM 2.0-M-R12-NGFS,Net Zero 2050,NGFS Phase 5.1,World,World,world,2090,electricity_generation,total,all_sources,secondary_energy_electricity_generation,113027.806182831,TWh,point,406.900102258,EJ/yr,Secondary Energy|Electricity,conditional_scenario_not_forecast,2026-03-20,ngfs-phase5-world-electricity-2020-2100.json
DS-NGFS-PHASE5.1,SRC-NGFS-PHASE5.1,scenario,MESSAGEix-GLOBIOM 2.0-M-R12-NGFS,Net Zero 2050,NGFS Phase 5.1,World,World,world,2090,final_electricity_consumption,total,all_end_uses,final_energy_electricity_consumption,76200.697360268,TWh,point,274.322510497,EJ_per_year,Final Energy|Electricity,conditional_scenario_not_forecast,2026-03-20,ngfs-phase5-world-electricity-demand-2020-2100.json
DS-NGFS-PHASE5.1,SRC-NGFS-PHASE5.1,scenario,MESSAGEix-GLOBIOM 2.0-M-R12-NGFS,Net Zero 2050,NGFS Phase 5.1,World,World,world,2090,generation_minus_final_consumption,total,accounting_gap,secondary_generation_minus_final_consumption; includes_model_specific_grid_loss_own_use_and_accounting_effects; not_technical_transmission_loss,36827.108822563,TWh,derived_point,36827.108822563,TWh_derived,Secondary Energy|Electricity - Final Energy|Electricity,derived_from_conditional_scenario,2026-03-20,ngfs-phase5-world-electricity-2020-2100.json + ngfs-phase5-world-electricity-demand-2020-2100.json
DS-NGFS-PHASE5.1,SRC-NGFS-PHASE5.1,scenario,MESSAGEix-GLOBIOM 2.0-M-R12-NGFS,Net Zero 2050,NGFS Phase 5.1,World,World,world,2100,electricity_generation,total,all_sources,secondary_energy_electricity_generation,122328.147331132,TWh,point,440.381330392,EJ/yr,Secondary Energy|Electricity,conditional_scenario_not_forecast,2026-03-20,ngfs-phase5-world-electricity-2020-2100.json
DS-NGFS-PHASE5.1,SRC-NGFS-PHASE5.1,scenario,MESSAGEix-GLOBIOM 2.0-M-R12-NGFS,Net Zero 2050,NGFS Phase 5.1,World,World,world,2100,final_electricity_consumption,total,all_end_uses,final_energy_electricity_consumption,81238.304831218,TWh,point,292.457897392,EJ_per_year,Final Energy|Electricity,conditional_scenario_not_forecast,2026-03-20,ngfs-phase5-world-electricity-demand-2020-2100.json
DS-NGFS-PHASE5.1,SRC-NGFS-PHASE5.1,scenario,MESSAGEix-GLOBIOM 2.0-M-R12-NGFS,Net Zero 2050,NGFS Phase 5.1,World,World,world,2100,generation_minus_final_consumption,total,accounting_gap,secondary_generation_minus_final_consumption; includes_model_specific_grid_loss_own_use_and_accounting_effects; not_technical_transmission_loss,41089.842499914,TWh,derived_point,41089.842499914,TWh_derived,Secondary Energy|Electricity - Final Energy|Electricity,derived_from_conditional_scenario,2026-03-20,ngfs-phase5-world-electricity-2020-2100.json + ngfs-phase5-world-electricity-demand-2020-2100.json
DS-NGFS-PHASE5.1,SRC-NGFS-PHASE5.1,scenario,REMIND-MAgPIE 3.3-4.8,Below 2°C,NGFS Phase 5.1,World,World,world,2020,electricity_generation,total,all_sources,secondary_energy_electricity_generation,28364.417555556,TWh,point,102.1119032,EJ/yr,Secondary Energy|Electricity,conditional_scenario_not_forecast,2026-03-20,ngfs-phase5-world-electricity-2020-2100.json
DS-NGFS-PHASE5.1,SRC-NGFS-PHASE5.1,scenario,REMIND-MAgPIE 3.3-4.8,Below 2°C,NGFS Phase 5.1,World,World,world,2020,final_electricity_consumption,total,all_end_uses,final_energy_electricity_consumption,23794.961277778,TWh,point,85.6618606,EJ_per_year,Final Energy|Electricity,conditional_scenario_not_forecast,2026-03-20,ngfs-phase5-world-electricity-demand-2020-2100.json
DS-NGFS-PHASE5.1,SRC-NGFS-PHASE5.1,scenario,REMIND-MAgPIE 3.3-4.8,Below 2°C,NGFS Phase 5.1,World,World,world,2020,generation_minus_final_consumption,total,accounting_gap,secondary_generation_minus_final_consumption; includes_model_specific_grid_loss_own_use_and_accounting_effects; not_technical_transmission_loss,4569.456277778,TWh,derived_point,4569.456277778,TWh_derived,Secondary Energy|Electricity - Final Energy|Electricity,derived_from_conditional_scenario,2026-03-20,ngfs-phase5-world-electricity-2020-2100.json + ngfs-phase5-world-electricity-demand-2020-2100.json
DS-NGFS-PHASE5.1,SRC-NGFS-PHASE5.1,scenario,REMIND-MAgPIE 3.3-4.8,Below 2°C,NGFS Phase 5.1,World,World,world,2025,electricity_generation,total,all_sources,secondary_energy_electricity_generation,33089.474222222,TWh,point,119.1221072,EJ/yr,Secondary Energy|Electricity,conditional_scenario_not_forecast,2026-03-20,ngfs-phase5-world-electricity-2020-2100.json
DS-NGFS-PHASE5.1,SRC-NGFS-PHASE5.1,scenario,REMIND-MAgPIE 3.3-4.8,Below 2°C,NGFS Phase 5.1,World,World,world,2025,final_electricity_consumption,total,all_end_uses,final_energy_electricity_consumption,28222.137194444,TWh,point,101.5996939,EJ_per_year,Final Energy|Electricity,conditional_scenario_not_forecast,2026-03-20,ngfs-phase5-world-electricity-demand-2020-2100.json
DS-NGFS-PHASE5.1,SRC-NGFS-PHASE5.1,scenario,REMIND-MAgPIE 3.3-4.8,Below 2°C,NGFS Phase 5.1,World,World,world,2025,generation_minus_final_consumption,total,accounting_gap,secondary_generation_minus_final_consumption; includes_model_specific_grid_loss_own_use_and_accounting_effects; not_technical_transmission_loss,4867.337027778,TWh,derived_point,4867.337027778,TWh_derived,Secondary Energy|Electricity - Final Energy|Electricity,derived_from_conditional_scenario,2026-03-20,ngfs-phase5-world-electricity-2020-2100.json + ngfs-phase5-world-electricity-demand-2020-2100.json
DS-NGFS-PHASE5.1,SRC-NGFS-PHASE5.1,scenario,REMIND-MAgPIE 3.3-4.8,Below 2°C,NGFS Phase 5.1,World,World,world,2030,electricity_generation,total,all_sources,secondary_energy_electricity_generation,38815.206361111,TWh,point,139.7347429,EJ/yr,Secondary Energy|Electricity,conditional_scenario_not_forecast,2026-03-20,ngfs-phase5-world-electricity-2020-2100.json
DS-NGFS-PHASE5.1,SRC-NGFS-PHASE5.1,scenario,REMIND-MAgPIE 3.3-4.8,Below 2°C,NGFS Phase 5.1,World,World,world,2030,final_electricity_consumption,total,all_end_uses,final_energy_electricity_consumption,33747.83775,TWh,point,121.4922159,EJ_per_year,Final Energy|Electricity,conditional_scenario_not_forecast,2026-03-20,ngfs-phase5-world-electricity-demand-2020-2100.json
DS-NGFS-PHASE5.1,SRC-NGFS-PHASE5.1,scenario,REMIND-MAgPIE 3.3-4.8,Below 2°C,NGFS Phase 5.1,World,World,world,2030,generation_minus_final_consumption,total,accounting_gap,secondary_generation_minus_final_consumption; includes_model_specific_grid_loss_own_use_and_accounting_effects; not_technical_transmission_loss,5067.368611111,TWh,derived_point,5067.368611111,TWh_derived,Secondary Energy|Electricity - Final Energy|Electricity,derived_from_conditional_scenario,2026-03-20,ngfs-phase5-world-electricity-2020-2100.json + ngfs-phase5-world-electricity-demand-2020-2100.json
DS-NGFS-PHASE5.1,SRC-NGFS-PHASE5.1,scenario,REMIND-MAgPIE 3.3-4.8,Below 2°C,NGFS Phase 5.1,World,World,world,2035,electricity_generation,total,all_sources,secondary_energy_electricity_generation,44773.957333333,TWh,point,161.1862464,EJ/yr,Secondary Energy|Electricity,conditional_scenario_not_forecast,2026-03-20,ngfs-phase5-world-electricity-2020-2100.json
DS-NGFS-PHASE5.1,SRC-NGFS-PHASE5.1,scenario,REMIND-MAgPIE 3.3-4.8,Below 2°C,NGFS Phase 5.1,World,World,world,2035,final_electricity_consumption,total,all_end_uses,final_energy_electricity_consumption,39468.968722222,TWh,point,142.0882874,EJ_per_year,Final Energy|Electricity,conditional_scenario_not_forecast,2026-03-20,ngfs-phase5-world-electricity-demand-2020-2100.json
DS-NGFS-PHASE5.1,SRC-NGFS-PHASE5.1,scenario,REMIND-MAgPIE 3.3-4.8,Below 2°C,NGFS Phase 5.1,World,World,world,2035,generation_minus_final_consumption,total,accounting_gap,secondary_generation_minus_final_consumption; includes_model_specific_grid_loss_own_use_and_accounting_effects; not_technical_transmission_loss,5304.988611111,TWh,derived_point,5304.988611111,TWh_derived,Secondary Energy|Electricity - Final Energy|Electricity,derived_from_conditional_scenario,2026-03-20,ngfs-phase5-world-electricity-2020-2100.json + ngfs-phase5-world-electricity-demand-2020-2100.json
DS-NGFS-PHASE5.1,SRC-NGFS-PHASE5.1,scenario,REMIND-MAgPIE 3.3-4.8,Below 2°C,NGFS Phase 5.1,World,World,world,2040,electricity_generation,total,all_sources,secondary_energy_electricity_generation,51273.444472222,TWh,point,184.5844001,EJ/yr,Secondary Energy|Electricity,conditional_scenario_not_forecast,2026-03-20,ngfs-phase5-world-electricity-2020-2100.json
DS-NGFS-PHASE5.1,SRC-NGFS-PHASE5.1,scenario,REMIND-MAgPIE 3.3-4.8,Below 2°C,NGFS Phase 5.1,World,World,world,2040,final_electricity_consumption,total,all_end_uses,final_energy_electricity_consumption,45317.919944444,TWh,point,163.1445118,EJ_per_year,Final Energy|Electricity,conditional_scenario_not_forecast,2026-03-20,ngfs-phase5-world-electricity-demand-2020-2100.json
DS-NGFS-PHASE5.1,SRC-NGFS-PHASE5.1,scenario,REMIND-MAgPIE 3.3-4.8,Below 2°C,NGFS Phase 5.1,World,World,world,2040,generation_minus_final_consumption,total,accounting_gap,secondary_generation_minus_final_consumption; includes_model_specific_grid_loss_own_use_and_accounting_effects; not_technical_transmission_loss,5955.524527778,TWh,derived_point,5955.524527778,TWh_derived,Secondary Energy|Electricity - Final Energy|Electricity,derived_from_conditional_scenario,2026-03-20,ngfs-phase5-world-electricity-2020-2100.json + ngfs-phase5-world-electricity-demand-2020-2100.json
DS-NGFS-PHASE5.1,SRC-NGFS-PHASE5.1,scenario,REMIND-MAgPIE 3.3-4.8,Below 2°C,NGFS Phase 5.1,World,World,world,2045,electricity_generation,total,all_sources,secondary_energy_electricity_generation,58563.252027778,TWh,point,210.8277073,EJ/yr,Secondary Energy|Electricity,conditional_scenario_not_forecast,2026-03-20,ngfs-phase5-world-electricity-2020-2100.json
DS-NGFS-PHASE5.1,SRC-NGFS-PHASE5.1,scenario,REMIND-MAgPIE 3.3-4.8,Below 2°C,NGFS Phase 5.1,World,World,world,2045,final_electricity_consumption,total,all_end_uses,final_energy_electricity_consumption,51249.501444444,TWh,point,184.4982052,EJ_per_year,Final Energy|Electricity,conditional_scenario_not_forecast,2026-03-20,ngfs-phase5-world-electricity-demand-2020-2100.json
DS-NGFS-PHASE5.1,SRC-NGFS-PHASE5.1,scenario,REMIND-MAgPIE 3.3-4.8,Below 2°C,NGFS Phase 5.1,World,World,world,2045,generation_minus_final_consumption,total,accounting_gap,secondary_generation_minus_final_consumption; includes_model_specific_grid_loss_own_use_and_accounting_effects; not_technical_transmission_loss,7313.750583334,TWh,derived_point,7313.750583334,TWh_derived,Secondary Energy|Electricity - Final Energy|Electricity,derived_from_conditional_scenario,2026-03-20,ngfs-phase5-world-electricity-2020-2100.json + ngfs-phase5-world-electricity-demand-2020-2100.json
DS-NGFS-PHASE5.1,SRC-NGFS-PHASE5.1,scenario,REMIND-MAgPIE 3.3-4.8,Below 2°C,NGFS Phase 5.1,World,World,world,2050,electricity_generation,total,all_sources,secondary_energy_electricity_generation,65528.304888889,TWh,point,235.9018976,EJ/yr,Secondary Energy|Electricity,conditional_scenario_not_forecast,2026-03-20,ngfs-phase5-world-electricity-2020-2100.json
DS-NGFS-PHASE5.1,SRC-NGFS-PHASE5.1,scenario,REMIND-MAgPIE 3.3-4.8,Below 2°C,NGFS Phase 5.1,World,World,world,2050,final_electricity_consumption,total,all_end_uses,final_energy_electricity_consumption,56546.230777778,TWh,point,203.5664308,EJ_per_year,Final Energy|Electricity,conditional_scenario_not_forecast,2026-03-20,ngfs-phase5-world-electricity-demand-2020-2100.json
DS-NGFS-PHASE5.1,SRC-NGFS-PHASE5.1,scenario,REMIND-MAgPIE 3.3-4.8,Below 2°C,NGFS Phase 5.1,World,World,world,2050,generation_minus_final_consumption,total,accounting_gap,secondary_generation_minus_final_consumption; includes_model_specific_grid_loss_own_use_and_accounting_effects; not_technical_transmission_loss,8982.074111111,TWh,derived_point,8982.074111111,TWh_derived,Secondary Energy|Electricity - Final Energy|Electricity,derived_from_conditional_scenario,2026-03-20,ngfs-phase5-world-electricity-2020-2100.json + ngfs-phase5-world-electricity-demand-2020-2100.json
DS-NGFS-PHASE5.1,SRC-NGFS-PHASE5.1,scenario,REMIND-MAgPIE 3.3-4.8,Below 2°C,NGFS Phase 5.1,World,World,world,2055,electricity_generation,total,all_sources,secondary_energy_electricity_generation,71542.916,TWh,point,257.5544976,EJ/yr,Secondary Energy|Electricity,conditional_scenario_not_forecast,2026-03-20,ngfs-phase5-world-electricity-2020-2100.json
DS-NGFS-PHASE5.1,SRC-NGFS-PHASE5.1,scenario,REMIND-MAgPIE 3.3-4.8,Below 2°C,NGFS Phase 5.1,World,World,world,2055,final_electricity_consumption,total,all_end_uses,final_energy_electricity_consumption,60793.338027778,TWh,point,218.8560169,EJ_per_year,Final Energy|Electricity,conditional_scenario_not_forecast,2026-03-20,ngfs-phase5-world-electricity-demand-2020-2100.json
DS-NGFS-PHASE5.1,SRC-NGFS-PHASE5.1,scenario,REMIND-MAgPIE 3.3-4.8,Below 2°C,NGFS Phase 5.1,World,World,world,2055,generation_minus_final_consumption,total,accounting_gap,secondary_generation_minus_final_consumption; includes_model_specific_grid_loss_own_use_and_accounting_effects; not_technical_transmission_loss,10749.577972222,TWh,derived_point,10749.577972222,TWh_derived,Secondary Energy|Electricity - Final Energy|Electricity,derived_from_conditional_scenario,2026-03-20,ngfs-phase5-world-electricity-2020-2100.json + ngfs-phase5-world-electricity-demand-2020-2100.json
DS-NGFS-PHASE5.1,SRC-NGFS-PHASE5.1,scenario,REMIND-MAgPIE 3.3-4.8,Below 2°C,NGFS Phase 5.1,World,World,world,2060,electricity_generation,total,all_sources,secondary_energy_electricity_generation,80436.720694444,TWh,point,289.5721945,EJ/yr,Secondary Energy|Electricity,conditional_scenario_not_forecast,2026-03-20,ngfs-phase5-world-electricity-2020-2100.json
DS-NGFS-PHASE5.1,SRC-NGFS-PHASE5.1,scenario,REMIND-MAgPIE 3.3-4.8,Below 2°C,NGFS Phase 5.1,World,World,world,2060,final_electricity_consumption,total,all_end_uses,final_energy_electricity_consumption,66409.624888889,TWh,point,239.0746496,EJ_per_year,Final Energy|Electricity,conditional_scenario_not_forecast,2026-03-20,ngfs-phase5-world-electricity-demand-2020-2100.json
DS-NGFS-PHASE5.1,SRC-NGFS-PHASE5.1,scenario,REMIND-MAgPIE 3.3-4.8,Below 2°C,NGFS Phase 5.1,World,World,world,2060,generation_minus_final_consumption,total,accounting_gap,secondary_generation_minus_final_consumption; includes_model_specific_grid_loss_own_use_and_accounting_effects; not_technical_transmission_loss,14027.095805555,TWh,derived_point,14027.095805555,TWh_derived,Secondary Energy|Electricity - Final Energy|Electricity,derived_from_conditional_scenario,2026-03-20,ngfs-phase5-world-electricity-2020-2100.json + ngfs-phase5-world-electricity-demand-2020-2100.json
DS-NGFS-PHASE5.1,SRC-NGFS-PHASE5.1,scenario,REMIND-MAgPIE 3.3-4.8,Below 2°C,NGFS Phase 5.1,World,World,world,2070,electricity_generation,total,all_sources,secondary_energy_electricity_generation,89047.377055556,TWh,point,320.5705574,EJ/yr,Secondary Energy|Electricity,conditional_scenario_not_forecast,2026-03-20,ngfs-phase5-world-electricity-2020-2100.json
DS-NGFS-PHASE5.1,SRC-NGFS-PHASE5.1,scenario,REMIND-MAgPIE 3.3-4.8,Below 2°C,NGFS Phase 5.1,World,World,world,2070,final_electricity_consumption,total,all_end_uses,final_energy_electricity_consumption,71830.004361111,TWh,point,258.5880157,EJ_per_year,Final Energy|Electricity,conditional_scenario_not_forecast,2026-03-20,ngfs-phase5-world-electricity-demand-2020-2100.json
DS-NGFS-PHASE5.1,SRC-NGFS-PHASE5.1,scenario,REMIND-MAgPIE 3.3-4.8,Below 2°C,NGFS Phase 5.1,World,World,world,2070,generation_minus_final_consumption,total,accounting_gap,secondary_generation_minus_final_consumption; includes_model_specific_grid_loss_own_use_and_accounting_effects; not_technical_transmission_loss,17217.372694445,TWh,derived_point,17217.372694445,TWh_derived,Secondary Energy|Electricity - Final Energy|Electricity,derived_from_conditional_scenario,2026-03-20,ngfs-phase5-world-electricity-2020-2100.json + ngfs-phase5-world-electricity-demand-2020-2100.json
DS-NGFS-PHASE5.1,SRC-NGFS-PHASE5.1,scenario,REMIND-MAgPIE 3.3-4.8,Below 2°C,NGFS Phase 5.1,World,World,world,2080,electricity_generation,total,all_sources,secondary_energy_electricity_generation,101340.846527778,TWh,point,364.8270475,EJ/yr,Secondary Energy|Electricity,conditional_scenario_not_forecast,2026-03-20,ngfs-phase5-world-electricity-2020-2100.json
DS-NGFS-PHASE5.1,SRC-NGFS-PHASE5.1,scenario,REMIND-MAgPIE 3.3-4.8,Below 2°C,NGFS Phase 5.1,World,World,world,2080,final_electricity_consumption,total,all_end_uses,final_energy_electricity_consumption,79942.712638889,TWh,point,287.7937655,EJ_per_year,Final Energy|Electricity,conditional_scenario_not_forecast,2026-03-20,ngfs-phase5-world-electricity-demand-2020-2100.json
DS-NGFS-PHASE5.1,SRC-NGFS-PHASE5.1,scenario,REMIND-MAgPIE 3.3-4.8,Below 2°C,NGFS Phase 5.1,World,World,world,2080,generation_minus_final_consumption,total,accounting_gap,secondary_generation_minus_final_consumption; includes_model_specific_grid_loss_own_use_and_accounting_effects; not_technical_transmission_loss,21398.133888889,TWh,derived_point,21398.133888889,TWh_derived,Secondary Energy|Electricity - Final Energy|Electricity,derived_from_conditional_scenario,2026-03-20,ngfs-phase5-world-electricity-2020-2100.json + ngfs-phase5-world-electricity-demand-2020-2100.json
DS-NGFS-PHASE5.1,SRC-NGFS-PHASE5.1,scenario,REMIND-MAgPIE 3.3-4.8,Below 2°C,NGFS Phase 5.1,World,World,world,2090,electricity_generation,total,all_sources,secondary_energy_electricity_generation,112688.382305556,TWh,point,405.6781763,EJ/yr,Secondary Energy|Electricity,conditional_scenario_not_forecast,2026-03-20,ngfs-phase5-world-electricity-2020-2100.json
DS-NGFS-PHASE5.1,SRC-NGFS-PHASE5.1,scenario,REMIND-MAgPIE 3.3-4.8,Below 2°C,NGFS Phase 5.1,World,World,world,2090,final_electricity_consumption,total,all_end_uses,final_energy_electricity_consumption,86628.319388889,TWh,point,311.8619498,EJ_per_year,Final Energy|Electricity,conditional_scenario_not_forecast,2026-03-20,ngfs-phase5-world-electricity-demand-2020-2100.json
DS-NGFS-PHASE5.1,SRC-NGFS-PHASE5.1,scenario,REMIND-MAgPIE 3.3-4.8,Below 2°C,NGFS Phase 5.1,World,World,world,2090,generation_minus_final_consumption,total,accounting_gap,secondary_generation_minus_final_consumption; includes_model_specific_grid_loss_own_use_and_accounting_effects; not_technical_transmission_loss,26060.062916667,TWh,derived_point,26060.062916667,TWh_derived,Secondary Energy|Electricity - Final Energy|Electricity,derived_from_conditional_scenario,2026-03-20,ngfs-phase5-world-electricity-2020-2100.json + ngfs-phase5-world-electricity-demand-2020-2100.json
DS-NGFS-PHASE5.1,SRC-NGFS-PHASE5.1,scenario,REMIND-MAgPIE 3.3-4.8,Below 2°C,NGFS Phase 5.1,World,World,world,2100,electricity_generation,total,all_sources,secondary_energy_electricity_generation,119575.798888889,TWh,point,430.472876,EJ/yr,Secondary Energy|Electricity,conditional_scenario_not_forecast,2026-03-20,ngfs-phase5-world-electricity-2020-2100.json
DS-NGFS-PHASE5.1,SRC-NGFS-PHASE5.1,scenario,REMIND-MAgPIE 3.3-4.8,Below 2°C,NGFS Phase 5.1,World,World,world,2100,final_electricity_consumption,total,all_end_uses,final_energy_electricity_consumption,89445.240722222,TWh,point,322.0028666,EJ_per_year,Final Energy|Electricity,conditional_scenario_not_forecast,2026-03-20,ngfs-phase5-world-electricity-demand-2020-2100.json
DS-NGFS-PHASE5.1,SRC-NGFS-PHASE5.1,scenario,REMIND-MAgPIE 3.3-4.8,Below 2°C,NGFS Phase 5.1,World,World,world,2100,generation_minus_final_consumption,total,accounting_gap,secondary_generation_minus_final_consumption; includes_model_specific_grid_loss_own_use_and_accounting_effects; not_technical_transmission_loss,30130.558166667,TWh,derived_point,30130.558166667,TWh_derived,Secondary Energy|Electricity - Final Energy|Electricity,derived_from_conditional_scenario,2026-03-20,ngfs-phase5-world-electricity-2020-2100.json + ngfs-phase5-world-electricity-demand-2020-2100.json
DS-NGFS-PHASE5.1,SRC-NGFS-PHASE5.1,scenario,REMIND-MAgPIE 3.3-4.8,Current Policies,NGFS Phase 5.1,World,World,world,2020,electricity_generation,total,all_sources,secondary_energy_electricity_generation,28364.417555556,TWh,point,102.1119032,EJ/yr,Secondary Energy|Electricity,conditional_scenario_not_forecast,2026-03-20,ngfs-phase5-world-electricity-2020-2100.json
DS-NGFS-PHASE5.1,SRC-NGFS-PHASE5.1,scenario,REMIND-MAgPIE 3.3-4.8,Current Policies,NGFS Phase 5.1,World,World,world,2020,final_electricity_consumption,total,all_end_uses,final_energy_electricity_consumption,23794.961277778,TWh,point,85.6618606,EJ_per_year,Final Energy|Electricity,conditional_scenario_not_forecast,2026-03-20,ngfs-phase5-world-electricity-demand-2020-2100.json
DS-NGFS-PHASE5.1,SRC-NGFS-PHASE5.1,scenario,REMIND-MAgPIE 3.3-4.8,Current Policies,NGFS Phase 5.1,World,World,world,2020,generation_minus_final_consumption,total,accounting_gap,secondary_generation_minus_final_consumption; includes_model_specific_grid_loss_own_use_and_accounting_effects; not_technical_transmission_loss,4569.456277778,TWh,derived_point,4569.456277778,TWh_derived,Secondary Energy|Electricity - Final Energy|Electricity,derived_from_conditional_scenario,2026-03-20,ngfs-phase5-world-electricity-2020-2100.json + ngfs-phase5-world-electricity-demand-2020-2100.json
DS-NGFS-PHASE5.1,SRC-NGFS-PHASE5.1,scenario,REMIND-MAgPIE 3.3-4.8,Current Policies,NGFS Phase 5.1,World,World,world,2025,electricity_generation,total,all_sources,secondary_energy_electricity_generation,32724.519083333,TWh,point,117.8082687,EJ/yr,Secondary Energy|Electricity,conditional_scenario_not_forecast,2026-03-20,ngfs-phase5-world-electricity-2020-2100.json
DS-NGFS-PHASE5.1,SRC-NGFS-PHASE5.1,scenario,REMIND-MAgPIE 3.3-4.8,Current Policies,NGFS Phase 5.1,World,World,world,2025,final_electricity_consumption,total,all_end_uses,final_energy_electricity_consumption,27890.122694444,TWh,point,100.4044417,EJ_per_year,Final Energy|Electricity,conditional_scenario_not_forecast,2026-03-20,ngfs-phase5-world-electricity-demand-2020-2100.json
DS-NGFS-PHASE5.1,SRC-NGFS-PHASE5.1,scenario,REMIND-MAgPIE 3.3-4.8,Current Policies,NGFS Phase 5.1,World,World,world,2025,generation_minus_final_consumption,total,accounting_gap,secondary_generation_minus_final_consumption; includes_model_specific_grid_loss_own_use_and_accounting_effects; not_technical_transmission_loss,4834.396388889,TWh,derived_point,4834.396388889,TWh_derived,Secondary Energy|Electricity - Final Energy|Electricity,derived_from_conditional_scenario,2026-03-20,ngfs-phase5-world-electricity-2020-2100.json + ngfs-phase5-world-electricity-demand-2020-2100.json
DS-NGFS-PHASE5.1,SRC-NGFS-PHASE5.1,scenario,REMIND-MAgPIE 3.3-4.8,Current Policies,NGFS Phase 5.1,World,World,world,2030,electricity_generation,total,all_sources,secondary_energy_electricity_generation,37775.850472222,TWh,point,135.9930617,EJ/yr,Secondary Energy|Electricity,conditional_scenario_not_forecast,2026-03-20,ngfs-phase5-world-electricity-2020-2100.json
DS-NGFS-PHASE5.1,SRC-NGFS-PHASE5.1,scenario,REMIND-MAgPIE 3.3-4.8,Current Policies,NGFS Phase 5.1,World,World,world,2030,final_electricity_consumption,total,all_end_uses,final_energy_electricity_consumption,32772.042888889,TWh,point,117.9793544,EJ_per_year,Final Energy|Electricity,conditional_scenario_not_forecast,2026-03-20,ngfs-phase5-world-electricity-demand-2020-2100.json
DS-NGFS-PHASE5.1,SRC-NGFS-PHASE5.1,scenario,REMIND-MAgPIE 3.3-4.8,Current Policies,NGFS Phase 5.1,World,World,world,2030,generation_minus_final_consumption,total,accounting_gap,secondary_generation_minus_final_consumption; includes_model_specific_grid_loss_own_use_and_accounting_effects; not_technical_transmission_loss,5003.807583333,TWh,derived_point,5003.807583333,TWh_derived,Secondary Energy|Electricity - Final Energy|Electricity,derived_from_conditional_scenario,2026-03-20,ngfs-phase5-world-electricity-2020-2100.json + ngfs-phase5-world-electricity-demand-2020-2100.json
DS-NGFS-PHASE5.1,SRC-NGFS-PHASE5.1,scenario,REMIND-MAgPIE 3.3-4.8,Current Policies,NGFS Phase 5.1,World,World,world,2035,electricity_generation,total,all_sources,secondary_energy_electricity_generation,42927.146444444,TWh,point,154.5377272,EJ/yr,Secondary Energy|Electricity,conditional_scenario_not_forecast,2026-03-20,ngfs-phase5-world-electricity-2020-2100.json
DS-NGFS-PHASE5.1,SRC-NGFS-PHASE5.1,scenario,REMIND-MAgPIE 3.3-4.8,Current Policies,NGFS Phase 5.1,World,World,world,2035,final_electricity_consumption,total,all_end_uses,final_energy_electricity_consumption,37917.276333333,TWh,point,136.5021948,EJ_per_year,Final Energy|Electricity,conditional_scenario_not_forecast,2026-03-20,ngfs-phase5-world-electricity-demand-2020-2100.json
DS-NGFS-PHASE5.1,SRC-NGFS-PHASE5.1,scenario,REMIND-MAgPIE 3.3-4.8,Current Policies,NGFS Phase 5.1,World,World,world,2035,generation_minus_final_consumption,total,accounting_gap,secondary_generation_minus_final_consumption; includes_model_specific_grid_loss_own_use_and_accounting_effects; not_technical_transmission_loss,5009.870111111,TWh,derived_point,5009.870111111,TWh_derived,Secondary Energy|Electricity - Final Energy|Electricity,derived_from_conditional_scenario,2026-03-20,ngfs-phase5-world-electricity-2020-2100.json + ngfs-phase5-world-electricity-demand-2020-2100.json
DS-NGFS-PHASE5.1,SRC-NGFS-PHASE5.1,scenario,REMIND-MAgPIE 3.3-4.8,Current Policies,NGFS Phase 5.1,World,World,world,2040,electricity_generation,total,all_sources,secondary_energy_electricity_generation,47199.736861111,TWh,point,169.9190527,EJ/yr,Secondary Energy|Electricity,conditional_scenario_not_forecast,2026-03-20,ngfs-phase5-world-electricity-2020-2100.json
DS-NGFS-PHASE5.1,SRC-NGFS-PHASE5.1,scenario,REMIND-MAgPIE 3.3-4.8,Current Policies,NGFS Phase 5.1,World,World,world,2040,final_electricity_consumption,total,all_end_uses,final_energy_electricity_consumption,42363.724277778,TWh,point,152.5094074,EJ_per_year,Final Energy|Electricity,conditional_scenario_not_forecast,2026-03-20,ngfs-phase5-world-electricity-demand-2020-2100.json
DS-NGFS-PHASE5.1,SRC-NGFS-PHASE5.1,scenario,REMIND-MAgPIE 3.3-4.8,Current Policies,NGFS Phase 5.1,World,World,world,2040,generation_minus_final_consumption,total,accounting_gap,secondary_generation_minus_final_consumption; includes_model_specific_grid_loss_own_use_and_accounting_effects; not_technical_transmission_loss,4836.012583333,TWh,derived_point,4836.012583333,TWh_derived,Secondary Energy|Electricity - Final Energy|Electricity,derived_from_conditional_scenario,2026-03-20,ngfs-phase5-world-electricity-2020-2100.json + ngfs-phase5-world-electricity-demand-2020-2100.json
DS-NGFS-PHASE5.1,SRC-NGFS-PHASE5.1,scenario,REMIND-MAgPIE 3.3-4.8,Current Policies,NGFS Phase 5.1,World,World,world,2045,electricity_generation,total,all_sources,secondary_energy_electricity_generation,50991.756944444,TWh,point,183.570325,EJ/yr,Secondary Energy|Electricity,conditional_scenario_not_forecast,2026-03-20,ngfs-phase5-world-electricity-2020-2100.json
DS-NGFS-PHASE5.1,SRC-NGFS-PHASE5.1,scenario,REMIND-MAgPIE 3.3-4.8,Current Policies,NGFS Phase 5.1,World,World,world,2045,final_electricity_consumption,total,all_end_uses,final_energy_electricity_consumption,46271.330944444,TWh,point,166.5767914,EJ_per_year,Final Energy|Electricity,conditional_scenario_not_forecast,2026-03-20,ngfs-phase5-world-electricity-demand-2020-2100.json
DS-NGFS-PHASE5.1,SRC-NGFS-PHASE5.1,scenario,REMIND-MAgPIE 3.3-4.8,Current Policies,NGFS Phase 5.1,World,World,world,2045,generation_minus_final_consumption,total,accounting_gap,secondary_generation_minus_final_consumption; includes_model_specific_grid_loss_own_use_and_accounting_effects; not_technical_transmission_loss,4720.426,TWh,derived_point,4720.426,TWh_derived,Secondary Energy|Electricity - Final Energy|Electricity,derived_from_conditional_scenario,2026-03-20,ngfs-phase5-world-electricity-2020-2100.json + ngfs-phase5-world-electricity-demand-2020-2100.json
DS-NGFS-PHASE5.1,SRC-NGFS-PHASE5.1,scenario,REMIND-MAgPIE 3.3-4.8,Current Policies,NGFS Phase 5.1,World,World,world,2050,electricity_generation,total,all_sources,secondary_energy_electricity_generation,54770.465583333,TWh,point,197.1736761,EJ/yr,Secondary Energy|Electricity,conditional_scenario_not_forecast,2026-03-20,ngfs-phase5-world-electricity-2020-2100.json
DS-NGFS-PHASE5.1,SRC-NGFS-PHASE5.1,scenario,REMIND-MAgPIE 3.3-4.8,Current Policies,NGFS Phase 5.1,World,World,world,2050,final_electricity_consumption,total,all_end_uses,final_energy_electricity_consumption,49956.570694444,TWh,point,179.8436545,EJ_per_year,Final Energy|Electricity,conditional_scenario_not_forecast,2026-03-20,ngfs-phase5-world-electricity-demand-2020-2100.json
DS-NGFS-PHASE5.1,SRC-NGFS-PHASE5.1,scenario,REMIND-MAgPIE 3.3-4.8,Current Policies,NGFS Phase 5.1,World,World,world,2050,generation_minus_final_consumption,total,accounting_gap,secondary_generation_minus_final_consumption; includes_model_specific_grid_loss_own_use_and_accounting_effects; not_technical_transmission_loss,4813.894888889,TWh,derived_point,4813.894888889,TWh_derived,Secondary Energy|Electricity - Final Energy|Electricity,derived_from_conditional_scenario,2026-03-20,ngfs-phase5-world-electricity-2020-2100.json + ngfs-phase5-world-electricity-demand-2020-2100.json
DS-NGFS-PHASE5.1,SRC-NGFS-PHASE5.1,scenario,REMIND-MAgPIE 3.3-4.8,Current Policies,NGFS Phase 5.1,World,World,world,2055,electricity_generation,total,all_sources,secondary_energy_electricity_generation,58905.100027778,TWh,point,212.0583601,EJ/yr,Secondary Energy|Electricity,conditional_scenario_not_forecast,2026-03-20,ngfs-phase5-world-electricity-2020-2100.json
DS-NGFS-PHASE5.1,SRC-NGFS-PHASE5.1,scenario,REMIND-MAgPIE 3.3-4.8,Current Policies,NGFS Phase 5.1,World,World,world,2055,final_electricity_consumption,total,all_end_uses,final_energy_electricity_consumption,53127.055861111,TWh,point,191.2574011,EJ_per_year,Final Energy|Electricity,conditional_scenario_not_forecast,2026-03-20,ngfs-phase5-world-electricity-demand-2020-2100.json
DS-NGFS-PHASE5.1,SRC-NGFS-PHASE5.1,scenario,REMIND-MAgPIE 3.3-4.8,Current Policies,NGFS Phase 5.1,World,World,world,2055,generation_minus_final_consumption,total,accounting_gap,secondary_generation_minus_final_consumption; includes_model_specific_grid_loss_own_use_and_accounting_effects; not_technical_transmission_loss,5778.044166667,TWh,derived_point,5778.044166667,TWh_derived,Secondary Energy|Electricity - Final Energy|Electricity,derived_from_conditional_scenario,2026-03-20,ngfs-phase5-world-electricity-2020-2100.json + ngfs-phase5-world-electricity-demand-2020-2100.json
DS-NGFS-PHASE5.1,SRC-NGFS-PHASE5.1,scenario,REMIND-MAgPIE 3.3-4.8,Current Policies,NGFS Phase 5.1,World,World,world,2060,electricity_generation,total,all_sources,secondary_energy_electricity_generation,65084.962638889,TWh,point,234.3058655,EJ/yr,Secondary Energy|Electricity,conditional_scenario_not_forecast,2026-03-20,ngfs-phase5-world-electricity-2020-2100.json
DS-NGFS-PHASE5.1,SRC-NGFS-PHASE5.1,scenario,REMIND-MAgPIE 3.3-4.8,Current Policies,NGFS Phase 5.1,World,World,world,2060,final_electricity_consumption,total,all_end_uses,final_energy_electricity_consumption,57391.330916667,TWh,point,206.6087913,EJ_per_year,Final Energy|Electricity,conditional_scenario_not_forecast,2026-03-20,ngfs-phase5-world-electricity-demand-2020-2100.json
DS-NGFS-PHASE5.1,SRC-NGFS-PHASE5.1,scenario,REMIND-MAgPIE 3.3-4.8,Current Policies,NGFS Phase 5.1,World,World,world,2060,generation_minus_final_consumption,total,accounting_gap,secondary_generation_minus_final_consumption; includes_model_specific_grid_loss_own_use_and_accounting_effects; not_technical_transmission_loss,7693.631722222,TWh,derived_point,7693.631722222,TWh_derived,Secondary Energy|Electricity - Final Energy|Electricity,derived_from_conditional_scenario,2026-03-20,ngfs-phase5-world-electricity-2020-2100.json + ngfs-phase5-world-electricity-demand-2020-2100.json
DS-NGFS-PHASE5.1,SRC-NGFS-PHASE5.1,scenario,REMIND-MAgPIE 3.3-4.8,Current Policies,NGFS Phase 5.1,World,World,world,2070,electricity_generation,total,all_sources,secondary_energy_electricity_generation,73751.087944444,TWh,point,265.5039166,EJ/yr,Secondary Energy|Electricity,conditional_scenario_not_forecast,2026-03-20,ngfs-phase5-world-electricity-2020-2100.json
DS-NGFS-PHASE5.1,SRC-NGFS-PHASE5.1,scenario,REMIND-MAgPIE 3.3-4.8,Current Policies,NGFS Phase 5.1,World,World,world,2070,final_electricity_consumption,total,all_end_uses,final_energy_electricity_consumption,63502.720777778,TWh,point,228.6097948,EJ_per_year,Final Energy|Electricity,conditional_scenario_not_forecast,2026-03-20,ngfs-phase5-world-electricity-demand-2020-2100.json
DS-NGFS-PHASE5.1,SRC-NGFS-PHASE5.1,scenario,REMIND-MAgPIE 3.3-4.8,Current Policies,NGFS Phase 5.1,World,World,world,2070,generation_minus_final_consumption,total,accounting_gap,secondary_generation_minus_final_consumption; includes_model_specific_grid_loss_own_use_and_accounting_effects; not_technical_transmission_loss,10248.367166666,TWh,derived_point,10248.367166666,TWh_derived,Secondary Energy|Electricity - Final Energy|Electricity,derived_from_conditional_scenario,2026-03-20,ngfs-phase5-world-electricity-2020-2100.json + ngfs-phase5-world-electricity-demand-2020-2100.json
DS-NGFS-PHASE5.1,SRC-NGFS-PHASE5.1,scenario,REMIND-MAgPIE 3.3-4.8,Current Policies,NGFS Phase 5.1,World,World,world,2080,electricity_generation,total,all_sources,secondary_energy_electricity_generation,84032.295805556,TWh,point,302.5162649,EJ/yr,Secondary Energy|Electricity,conditional_scenario_not_forecast,2026-03-20,ngfs-phase5-world-electricity-2020-2100.json
DS-NGFS-PHASE5.1,SRC-NGFS-PHASE5.1,scenario,REMIND-MAgPIE 3.3-4.8,Current Policies,NGFS Phase 5.1,World,World,world,2080,final_electricity_consumption,total,all_end_uses,final_energy_electricity_consumption,71498.254472222,TWh,point,257.3937161,EJ_per_year,Final Energy|Electricity,conditional_scenario_not_forecast,2026-03-20,ngfs-phase5-world-electricity-demand-2020-2100.json
DS-NGFS-PHASE5.1,SRC-NGFS-PHASE5.1,scenario,REMIND-MAgPIE 3.3-4.8,Current Policies,NGFS Phase 5.1,World,World,world,2080,generation_minus_final_consumption,total,accounting_gap,secondary_generation_minus_final_consumption; includes_model_specific_grid_loss_own_use_and_accounting_effects; not_technical_transmission_loss,12534.041333334,TWh,derived_point,12534.041333334,TWh_derived,Secondary Energy|Electricity - Final Energy|Electricity,derived_from_conditional_scenario,2026-03-20,ngfs-phase5-world-electricity-2020-2100.json + ngfs-phase5-world-electricity-demand-2020-2100.json
DS-NGFS-PHASE5.1,SRC-NGFS-PHASE5.1,scenario,REMIND-MAgPIE 3.3-4.8,Current Policies,NGFS Phase 5.1,World,World,world,2090,electricity_generation,total,all_sources,secondary_energy_electricity_generation,92355.527194444,TWh,point,332.4798979,EJ/yr,Secondary Energy|Electricity,conditional_scenario_not_forecast,2026-03-20,ngfs-phase5-world-electricity-2020-2100.json
DS-NGFS-PHASE5.1,SRC-NGFS-PHASE5.1,scenario,REMIND-MAgPIE 3.3-4.8,Current Policies,NGFS Phase 5.1,World,World,world,2090,final_electricity_consumption,total,all_end_uses,final_energy_electricity_consumption,77496.31775,TWh,point,278.9867439,EJ_per_year,Final Energy|Electricity,conditional_scenario_not_forecast,2026-03-20,ngfs-phase5-world-electricity-demand-2020-2100.json
DS-NGFS-PHASE5.1,SRC-NGFS-PHASE5.1,scenario,REMIND-MAgPIE 3.3-4.8,Current Policies,NGFS Phase 5.1,World,World,world,2090,generation_minus_final_consumption,total,accounting_gap,secondary_generation_minus_final_consumption; includes_model_specific_grid_loss_own_use_and_accounting_effects; not_technical_transmission_loss,14859.209444444,TWh,derived_point,14859.209444444,TWh_derived,Secondary Energy|Electricity - Final Energy|Electricity,derived_from_conditional_scenario,2026-03-20,ngfs-phase5-world-electricity-2020-2100.json + ngfs-phase5-world-electricity-demand-2020-2100.json
DS-NGFS-PHASE5.1,SRC-NGFS-PHASE5.1,scenario,REMIND-MAgPIE 3.3-4.8,Current Policies,NGFS Phase 5.1,World,World,world,2100,electricity_generation,total,all_sources,secondary_energy_electricity_generation,97400.509972222,TWh,point,350.6418359,EJ/yr,Secondary Energy|Electricity,conditional_scenario_not_forecast,2026-03-20,ngfs-phase5-world-electricity-2020-2100.json
DS-NGFS-PHASE5.1,SRC-NGFS-PHASE5.1,scenario,REMIND-MAgPIE 3.3-4.8,Current Policies,NGFS Phase 5.1,World,World,world,2100,final_electricity_consumption,total,all_end_uses,final_energy_electricity_consumption,79588.429611111,TWh,point,286.5183466,EJ_per_year,Final Energy|Electricity,conditional_scenario_not_forecast,2026-03-20,ngfs-phase5-world-electricity-demand-2020-2100.json
DS-NGFS-PHASE5.1,SRC-NGFS-PHASE5.1,scenario,REMIND-MAgPIE 3.3-4.8,Current Policies,NGFS Phase 5.1,World,World,world,2100,generation_minus_final_consumption,total,accounting_gap,secondary_generation_minus_final_consumption; includes_model_specific_grid_loss_own_use_and_accounting_effects; not_technical_transmission_loss,17812.080361111,TWh,derived_point,17812.080361111,TWh_derived,Secondary Energy|Electricity - Final Energy|Electricity,derived_from_conditional_scenario,2026-03-20,ngfs-phase5-world-electricity-2020-2100.json + ngfs-phase5-world-electricity-demand-2020-2100.json
DS-NGFS-PHASE5.1,SRC-NGFS-PHASE5.1,scenario,REMIND-MAgPIE 3.3-4.8,Delayed transition,NGFS Phase 5.1,World,World,world,2020,electricity_generation,total,all_sources,secondary_energy_electricity_generation,28364.417555556,TWh,point,102.1119032,EJ/yr,Secondary Energy|Electricity,conditional_scenario_not_forecast,2026-03-20,ngfs-phase5-world-electricity-2020-2100.json
DS-NGFS-PHASE5.1,SRC-NGFS-PHASE5.1,scenario,REMIND-MAgPIE 3.3-4.8,Delayed transition,NGFS Phase 5.1,World,World,world,2020,final_electricity_consumption,total,all_end_uses,final_energy_electricity_consumption,23794.961277778,TWh,point,85.6618606,EJ_per_year,Final Energy|Electricity,conditional_scenario_not_forecast,2026-03-20,ngfs-phase5-world-electricity-demand-2020-2100.json
DS-NGFS-PHASE5.1,SRC-NGFS-PHASE5.1,scenario,REMIND-MAgPIE 3.3-4.8,Delayed transition,NGFS Phase 5.1,World,World,world,2020,generation_minus_final_consumption,total,accounting_gap,secondary_generation_minus_final_consumption; includes_model_specific_grid_loss_own_use_and_accounting_effects; not_technical_transmission_loss,4569.456277778,TWh,derived_point,4569.456277778,TWh_derived,Secondary Energy|Electricity - Final Energy|Electricity,derived_from_conditional_scenario,2026-03-20,ngfs-phase5-world-electricity-2020-2100.json + ngfs-phase5-world-electricity-demand-2020-2100.json
DS-NGFS-PHASE5.1,SRC-NGFS-PHASE5.1,scenario,REMIND-MAgPIE 3.3-4.8,Delayed transition,NGFS Phase 5.1,World,World,world,2025,electricity_generation,total,all_sources,secondary_energy_electricity_generation,32724.519083333,TWh,point,117.8082687,EJ/yr,Secondary Energy|Electricity,conditional_scenario_not_forecast,2026-03-20,ngfs-phase5-world-electricity-2020-2100.json
DS-NGFS-PHASE5.1,SRC-NGFS-PHASE5.1,scenario,REMIND-MAgPIE 3.3-4.8,Delayed transition,NGFS Phase 5.1,World,World,world,2025,final_electricity_consumption,total,all_end_uses,final_energy_electricity_consumption,27890.122694444,TWh,point,100.4044417,EJ_per_year,Final Energy|Electricity,conditional_scenario_not_forecast,2026-03-20,ngfs-phase5-world-electricity-demand-2020-2100.json
DS-NGFS-PHASE5.1,SRC-NGFS-PHASE5.1,scenario,REMIND-MAgPIE 3.3-4.8,Delayed transition,NGFS Phase 5.1,World,World,world,2025,generation_minus_final_consumption,total,accounting_gap,secondary_generation_minus_final_consumption; includes_model_specific_grid_loss_own_use_and_accounting_effects; not_technical_transmission_loss,4834.396388889,TWh,derived_point,4834.396388889,TWh_derived,Secondary Energy|Electricity - Final Energy|Electricity,derived_from_conditional_scenario,2026-03-20,ngfs-phase5-world-electricity-2020-2100.json + ngfs-phase5-world-electricity-demand-2020-2100.json
DS-NGFS-PHASE5.1,SRC-NGFS-PHASE5.1,scenario,REMIND-MAgPIE 3.3-4.8,Delayed transition,NGFS Phase 5.1,World,World,world,2030,electricity_generation,total,all_sources,secondary_energy_electricity_generation,37775.850472222,TWh,point,135.9930617,EJ/yr,Secondary Energy|Electricity,conditional_scenario_not_forecast,2026-03-20,ngfs-phase5-world-electricity-2020-2100.json
DS-NGFS-PHASE5.1,SRC-NGFS-PHASE5.1,scenario,REMIND-MAgPIE 3.3-4.8,Delayed transition,NGFS Phase 5.1,World,World,world,2030,final_electricity_consumption,total,all_end_uses,final_energy_electricity_consumption,32772.042888889,TWh,point,117.9793544,EJ_per_year,Final Energy|Electricity,conditional_scenario_not_forecast,2026-03-20,ngfs-phase5-world-electricity-demand-2020-2100.json
DS-NGFS-PHASE5.1,SRC-NGFS-PHASE5.1,scenario,REMIND-MAgPIE 3.3-4.8,Delayed transition,NGFS Phase 5.1,World,World,world,2030,generation_minus_final_consumption,total,accounting_gap,secondary_generation_minus_final_consumption; includes_model_specific_grid_loss_own_use_and_accounting_effects; not_technical_transmission_loss,5003.807583333,TWh,derived_point,5003.807583333,TWh_derived,Secondary Energy|Electricity - Final Energy|Electricity,derived_from_conditional_scenario,2026-03-20,ngfs-phase5-world-electricity-2020-2100.json + ngfs-phase5-world-electricity-demand-2020-2100.json
DS-NGFS-PHASE5.1,SRC-NGFS-PHASE5.1,scenario,REMIND-MAgPIE 3.3-4.8,Delayed transition,NGFS Phase 5.1,World,World,world,2035,electricity_generation,total,all_sources,secondary_energy_electricity_generation,44312.185638889,TWh,point,159.5238683,EJ/yr,Secondary Energy|Electricity,conditional_scenario_not_forecast,2026-03-20,ngfs-phase5-world-electricity-2020-2100.json
DS-NGFS-PHASE5.1,SRC-NGFS-PHASE5.1,scenario,REMIND-MAgPIE 3.3-4.8,Delayed transition,NGFS Phase 5.1,World,World,world,2035,final_electricity_consumption,total,all_end_uses,final_energy_electricity_consumption,39090.865,TWh,point,140.727114,EJ_per_year,Final Energy|Electricity,conditional_scenario_not_forecast,2026-03-20,ngfs-phase5-world-electricity-demand-2020-2100.json
DS-NGFS-PHASE5.1,SRC-NGFS-PHASE5.1,scenario,REMIND-MAgPIE 3.3-4.8,Delayed transition,NGFS Phase 5.1,World,World,world,2035,generation_minus_final_consumption,total,accounting_gap,secondary_generation_minus_final_consumption; includes_model_specific_grid_loss_own_use_and_accounting_effects; not_technical_transmission_loss,5221.320638889,TWh,derived_point,5221.320638889,TWh_derived,Secondary Energy|Electricity - Final Energy|Electricity,derived_from_conditional_scenario,2026-03-20,ngfs-phase5-world-electricity-2020-2100.json + ngfs-phase5-world-electricity-demand-2020-2100.json
DS-NGFS-PHASE5.1,SRC-NGFS-PHASE5.1,scenario,REMIND-MAgPIE 3.3-4.8,Delayed transition,NGFS Phase 5.1,World,World,world,2040,electricity_generation,total,all_sources,secondary_energy_electricity_generation,50251.135416667,TWh,point,180.9040875,EJ/yr,Secondary Energy|Electricity,conditional_scenario_not_forecast,2026-03-20,ngfs-phase5-world-electricity-2020-2100.json
DS-NGFS-PHASE5.1,SRC-NGFS-PHASE5.1,scenario,REMIND-MAgPIE 3.3-4.8,Delayed transition,NGFS Phase 5.1,World,World,world,2040,final_electricity_consumption,total,all_end_uses,final_energy_electricity_consumption,44439.261583333,TWh,point,159.9813417,EJ_per_year,Final Energy|Electricity,conditional_scenario_not_forecast,2026-03-20,ngfs-phase5-world-electricity-demand-2020-2100.json
DS-NGFS-PHASE5.1,SRC-NGFS-PHASE5.1,scenario,REMIND-MAgPIE 3.3-4.8,Delayed transition,NGFS Phase 5.1,World,World,world,2040,generation_minus_final_consumption,total,accounting_gap,secondary_generation_minus_final_consumption; includes_model_specific_grid_loss_own_use_and_accounting_effects; not_technical_transmission_loss,5811.873833334,TWh,derived_point,5811.873833334,TWh_derived,Secondary Energy|Electricity - Final Energy|Electricity,derived_from_conditional_scenario,2026-03-20,ngfs-phase5-world-electricity-2020-2100.json + ngfs-phase5-world-electricity-demand-2020-2100.json
DS-NGFS-PHASE5.1,SRC-NGFS-PHASE5.1,scenario,REMIND-MAgPIE 3.3-4.8,Delayed transition,NGFS Phase 5.1,World,World,world,2045,electricity_generation,total,all_sources,secondary_energy_electricity_generation,57386.077166667,TWh,point,206.5898778,EJ/yr,Secondary Energy|Electricity,conditional_scenario_not_forecast,2026-03-20,ngfs-phase5-world-electricity-2020-2100.json
DS-NGFS-PHASE5.1,SRC-NGFS-PHASE5.1,scenario,REMIND-MAgPIE 3.3-4.8,Delayed transition,NGFS Phase 5.1,World,World,world,2045,final_electricity_consumption,total,all_end_uses,final_energy_electricity_consumption,49844.278972222,TWh,point,179.4394043,EJ_per_year,Final Energy|Electricity,conditional_scenario_not_forecast,2026-03-20,ngfs-phase5-world-electricity-demand-2020-2100.json
DS-NGFS-PHASE5.1,SRC-NGFS-PHASE5.1,scenario,REMIND-MAgPIE 3.3-4.8,Delayed transition,NGFS Phase 5.1,World,World,world,2045,generation_minus_final_consumption,total,accounting_gap,secondary_generation_minus_final_consumption; includes_model_specific_grid_loss_own_use_and_accounting_effects; not_technical_transmission_loss,7541.798194445,TWh,derived_point,7541.798194445,TWh_derived,Secondary Energy|Electricity - Final Energy|Electricity,derived_from_conditional_scenario,2026-03-20,ngfs-phase5-world-electricity-2020-2100.json + ngfs-phase5-world-electricity-demand-2020-2100.json
DS-NGFS-PHASE5.1,SRC-NGFS-PHASE5.1,scenario,REMIND-MAgPIE 3.3-4.8,Delayed transition,NGFS Phase 5.1,World,World,world,2050,electricity_generation,total,all_sources,secondary_energy_electricity_generation,66248.683944444,TWh,point,238.4952622,EJ/yr,Secondary Energy|Electricity,conditional_scenario_not_forecast,2026-03-20,ngfs-phase5-world-electricity-2020-2100.json
DS-NGFS-PHASE5.1,SRC-NGFS-PHASE5.1,scenario,REMIND-MAgPIE 3.3-4.8,Delayed transition,NGFS Phase 5.1,World,World,world,2050,final_electricity_consumption,total,all_end_uses,final_energy_electricity_consumption,56452.032138889,TWh,point,203.2273157,EJ_per_year,Final Energy|Electricity,conditional_scenario_not_forecast,2026-03-20,ngfs-phase5-world-electricity-demand-2020-2100.json
DS-NGFS-PHASE5.1,SRC-NGFS-PHASE5.1,scenario,REMIND-MAgPIE 3.3-4.8,Delayed transition,NGFS Phase 5.1,World,World,world,2050,generation_minus_final_consumption,total,accounting_gap,secondary_generation_minus_final_consumption; includes_model_specific_grid_loss_own_use_and_accounting_effects; not_technical_transmission_loss,9796.651805555,TWh,derived_point,9796.651805555,TWh_derived,Secondary Energy|Electricity - Final Energy|Electricity,derived_from_conditional_scenario,2026-03-20,ngfs-phase5-world-electricity-2020-2100.json + ngfs-phase5-world-electricity-demand-2020-2100.json
DS-NGFS-PHASE5.1,SRC-NGFS-PHASE5.1,scenario,REMIND-MAgPIE 3.3-4.8,Delayed transition,NGFS Phase 5.1,World,World,world,2055,electricity_generation,total,all_sources,secondary_energy_electricity_generation,73438.692138889,TWh,point,264.3792917,EJ/yr,Secondary Energy|Electricity,conditional_scenario_not_forecast,2026-03-20,ngfs-phase5-world-electricity-2020-2100.json
DS-NGFS-PHASE5.1,SRC-NGFS-PHASE5.1,scenario,REMIND-MAgPIE 3.3-4.8,Delayed transition,NGFS Phase 5.1,World,World,world,2055,final_electricity_consumption,total,all_end_uses,final_energy_electricity_consumption,61412.897111111,TWh,point,221.0864296,EJ_per_year,Final Energy|Electricity,conditional_scenario_not_forecast,2026-03-20,ngfs-phase5-world-electricity-demand-2020-2100.json
DS-NGFS-PHASE5.1,SRC-NGFS-PHASE5.1,scenario,REMIND-MAgPIE 3.3-4.8,Delayed transition,NGFS Phase 5.1,World,World,world,2055,generation_minus_final_consumption,total,accounting_gap,secondary_generation_minus_final_consumption; includes_model_specific_grid_loss_own_use_and_accounting_effects; not_technical_transmission_loss,12025.795027778,TWh,derived_point,12025.795027778,TWh_derived,Secondary Energy|Electricity - Final Energy|Electricity,derived_from_conditional_scenario,2026-03-20,ngfs-phase5-world-electricity-2020-2100.json + ngfs-phase5-world-electricity-demand-2020-2100.json
DS-NGFS-PHASE5.1,SRC-NGFS-PHASE5.1,scenario,REMIND-MAgPIE 3.3-4.8,Delayed transition,NGFS Phase 5.1,World,World,world,2060,electricity_generation,total,all_sources,secondary_energy_electricity_generation,83428.055777778,TWh,point,300.3410008,EJ/yr,Secondary Energy|Electricity,conditional_scenario_not_forecast,2026-03-20,ngfs-phase5-world-electricity-2020-2100.json
DS-NGFS-PHASE5.1,SRC-NGFS-PHASE5.1,scenario,REMIND-MAgPIE 3.3-4.8,Delayed transition,NGFS Phase 5.1,World,World,world,2060,final_electricity_consumption,total,all_end_uses,final_energy_electricity_consumption,67168.274611111,TWh,point,241.8057886,EJ_per_year,Final Energy|Electricity,conditional_scenario_not_forecast,2026-03-20,ngfs-phase5-world-electricity-demand-2020-2100.json
DS-NGFS-PHASE5.1,SRC-NGFS-PHASE5.1,scenario,REMIND-MAgPIE 3.3-4.8,Delayed transition,NGFS Phase 5.1,World,World,world,2060,generation_minus_final_consumption,total,accounting_gap,secondary_generation_minus_final_consumption; includes_model_specific_grid_loss_own_use_and_accounting_effects; not_technical_transmission_loss,16259.781166667,TWh,derived_point,16259.781166667,TWh_derived,Secondary Energy|Electricity - Final Energy|Electricity,derived_from_conditional_scenario,2026-03-20,ngfs-phase5-world-electricity-2020-2100.json + ngfs-phase5-world-electricity-demand-2020-2100.json
DS-NGFS-PHASE5.1,SRC-NGFS-PHASE5.1,scenario,REMIND-MAgPIE 3.3-4.8,Delayed transition,NGFS Phase 5.1,World,World,world,2070,electricity_generation,total,all_sources,secondary_energy_electricity_generation,92731.151166667,TWh,point,333.8321442,EJ/yr,Secondary Energy|Electricity,conditional_scenario_not_forecast,2026-03-20,ngfs-phase5-world-electricity-2020-2100.json
DS-NGFS-PHASE5.1,SRC-NGFS-PHASE5.1,scenario,REMIND-MAgPIE 3.3-4.8,Delayed transition,NGFS Phase 5.1,World,World,world,2070,final_electricity_consumption,total,all_end_uses,final_energy_electricity_consumption,72051.059472222,TWh,point,259.3838141,EJ_per_year,Final Energy|Electricity,conditional_scenario_not_forecast,2026-03-20,ngfs-phase5-world-electricity-demand-2020-2100.json
DS-NGFS-PHASE5.1,SRC-NGFS-PHASE5.1,scenario,REMIND-MAgPIE 3.3-4.8,Delayed transition,NGFS Phase 5.1,World,World,world,2070,generation_minus_final_consumption,total,accounting_gap,secondary_generation_minus_final_consumption; includes_model_specific_grid_loss_own_use_and_accounting_effects; not_technical_transmission_loss,20680.091694445,TWh,derived_point,20680.091694445,TWh_derived,Secondary Energy|Electricity - Final Energy|Electricity,derived_from_conditional_scenario,2026-03-20,ngfs-phase5-world-electricity-2020-2100.json + ngfs-phase5-world-electricity-demand-2020-2100.json
DS-NGFS-PHASE5.1,SRC-NGFS-PHASE5.1,scenario,REMIND-MAgPIE 3.3-4.8,Delayed transition,NGFS Phase 5.1,World,World,world,2080,electricity_generation,total,all_sources,secondary_energy_electricity_generation,106453.242472222,TWh,point,383.2316729,EJ/yr,Secondary Energy|Electricity,conditional_scenario_not_forecast,2026-03-20,ngfs-phase5-world-electricity-2020-2100.json
DS-NGFS-PHASE5.1,SRC-NGFS-PHASE5.1,scenario,REMIND-MAgPIE 3.3-4.8,Delayed transition,NGFS Phase 5.1,World,World,world,2080,final_electricity_consumption,total,all_end_uses,final_energy_electricity_consumption,80255.928916667,TWh,point,288.9213441,EJ_per_year,Final Energy|Electricity,conditional_scenario_not_forecast,2026-03-20,ngfs-phase5-world-electricity-demand-2020-2100.json
DS-NGFS-PHASE5.1,SRC-NGFS-PHASE5.1,scenario,REMIND-MAgPIE 3.3-4.8,Delayed transition,NGFS Phase 5.1,World,World,world,2080,generation_minus_final_consumption,total,accounting_gap,secondary_generation_minus_final_consumption; includes_model_specific_grid_loss_own_use_and_accounting_effects; not_technical_transmission_loss,26197.313555555,TWh,derived_point,26197.313555555,TWh_derived,Secondary Energy|Electricity - Final Energy|Electricity,derived_from_conditional_scenario,2026-03-20,ngfs-phase5-world-electricity-2020-2100.json + ngfs-phase5-world-electricity-demand-2020-2100.json
DS-NGFS-PHASE5.1,SRC-NGFS-PHASE5.1,scenario,REMIND-MAgPIE 3.3-4.8,Delayed transition,NGFS Phase 5.1,World,World,world,2090,electricity_generation,total,all_sources,secondary_energy_electricity_generation,120777.184777778,TWh,point,434.7978652,EJ/yr,Secondary Energy|Electricity,conditional_scenario_not_forecast,2026-03-20,ngfs-phase5-world-electricity-2020-2100.json
DS-NGFS-PHASE5.1,SRC-NGFS-PHASE5.1,scenario,REMIND-MAgPIE 3.3-4.8,Delayed transition,NGFS Phase 5.1,World,World,world,2090,final_electricity_consumption,total,all_end_uses,final_energy_electricity_consumption,87535.759083333,TWh,point,315.1287327,EJ_per_year,Final Energy|Electricity,conditional_scenario_not_forecast,2026-03-20,ngfs-phase5-world-electricity-demand-2020-2100.json
DS-NGFS-PHASE5.1,SRC-NGFS-PHASE5.1,scenario,REMIND-MAgPIE 3.3-4.8,Delayed transition,NGFS Phase 5.1,World,World,world,2090,generation_minus_final_consumption,total,accounting_gap,secondary_generation_minus_final_consumption; includes_model_specific_grid_loss_own_use_and_accounting_effects; not_technical_transmission_loss,33241.425694445,TWh,derived_point,33241.425694445,TWh_derived,Secondary Energy|Electricity - Final Energy|Electricity,derived_from_conditional_scenario,2026-03-20,ngfs-phase5-world-electricity-2020-2100.json + ngfs-phase5-world-electricity-demand-2020-2100.json
DS-NGFS-PHASE5.1,SRC-NGFS-PHASE5.1,scenario,REMIND-MAgPIE 3.3-4.8,Delayed transition,NGFS Phase 5.1,World,World,world,2100,electricity_generation,total,all_sources,secondary_energy_electricity_generation,129810.534527778,TWh,point,467.3179243,EJ/yr,Secondary Energy|Electricity,conditional_scenario_not_forecast,2026-03-20,ngfs-phase5-world-electricity-2020-2100.json
DS-NGFS-PHASE5.1,SRC-NGFS-PHASE5.1,scenario,REMIND-MAgPIE 3.3-4.8,Delayed transition,NGFS Phase 5.1,World,World,world,2100,final_electricity_consumption,total,all_end_uses,final_energy_electricity_consumption,89808.871305556,TWh,point,323.3119367,EJ_per_year,Final Energy|Electricity,conditional_scenario_not_forecast,2026-03-20,ngfs-phase5-world-electricity-demand-2020-2100.json
DS-NGFS-PHASE5.1,SRC-NGFS-PHASE5.1,scenario,REMIND-MAgPIE 3.3-4.8,Delayed transition,NGFS Phase 5.1,World,World,world,2100,generation_minus_final_consumption,total,accounting_gap,secondary_generation_minus_final_consumption; includes_model_specific_grid_loss_own_use_and_accounting_effects; not_technical_transmission_loss,40001.663222222,TWh,derived_point,40001.663222222,TWh_derived,Secondary Energy|Electricity - Final Energy|Electricity,derived_from_conditional_scenario,2026-03-20,ngfs-phase5-world-electricity-2020-2100.json + ngfs-phase5-world-electricity-demand-2020-2100.json
DS-NGFS-PHASE5.1,SRC-NGFS-PHASE5.1,scenario,REMIND-MAgPIE 3.3-4.8,Fragmented World,NGFS Phase 5.1,World,World,world,2020,electricity_generation,total,all_sources,secondary_energy_electricity_generation,28364.417555556,TWh,point,102.1119032,EJ/yr,Secondary Energy|Electricity,conditional_scenario_not_forecast,2026-03-20,ngfs-phase5-world-electricity-2020-2100.json
DS-NGFS-PHASE5.1,SRC-NGFS-PHASE5.1,scenario,REMIND-MAgPIE 3.3-4.8,Fragmented World,NGFS Phase 5.1,World,World,world,2020,final_electricity_consumption,total,all_end_uses,final_energy_electricity_consumption,23794.961277778,TWh,point,85.6618606,EJ_per_year,Final Energy|Electricity,conditional_scenario_not_forecast,2026-03-20,ngfs-phase5-world-electricity-demand-2020-2100.json
DS-NGFS-PHASE5.1,SRC-NGFS-PHASE5.1,scenario,REMIND-MAgPIE 3.3-4.8,Fragmented World,NGFS Phase 5.1,World,World,world,2020,generation_minus_final_consumption,total,accounting_gap,secondary_generation_minus_final_consumption; includes_model_specific_grid_loss_own_use_and_accounting_effects; not_technical_transmission_loss,4569.456277778,TWh,derived_point,4569.456277778,TWh_derived,Secondary Energy|Electricity - Final Energy|Electricity,derived_from_conditional_scenario,2026-03-20,ngfs-phase5-world-electricity-2020-2100.json + ngfs-phase5-world-electricity-demand-2020-2100.json
DS-NGFS-PHASE5.1,SRC-NGFS-PHASE5.1,scenario,REMIND-MAgPIE 3.3-4.8,Fragmented World,NGFS Phase 5.1,World,World,world,2025,electricity_generation,total,all_sources,secondary_energy_electricity_generation,32724.519083333,TWh,point,117.8082687,EJ/yr,Secondary Energy|Electricity,conditional_scenario_not_forecast,2026-03-20,ngfs-phase5-world-electricity-2020-2100.json
DS-NGFS-PHASE5.1,SRC-NGFS-PHASE5.1,scenario,REMIND-MAgPIE 3.3-4.8,Fragmented World,NGFS Phase 5.1,World,World,world,2025,final_electricity_consumption,total,all_end_uses,final_energy_electricity_consumption,27890.122694444,TWh,point,100.4044417,EJ_per_year,Final Energy|Electricity,conditional_scenario_not_forecast,2026-03-20,ngfs-phase5-world-electricity-demand-2020-2100.json
DS-NGFS-PHASE5.1,SRC-NGFS-PHASE5.1,scenario,REMIND-MAgPIE 3.3-4.8,Fragmented World,NGFS Phase 5.1,World,World,world,2025,generation_minus_final_consumption,total,accounting_gap,secondary_generation_minus_final_consumption; includes_model_specific_grid_loss_own_use_and_accounting_effects; not_technical_transmission_loss,4834.396388889,TWh,derived_point,4834.396388889,TWh_derived,Secondary Energy|Electricity - Final Energy|Electricity,derived_from_conditional_scenario,2026-03-20,ngfs-phase5-world-electricity-2020-2100.json + ngfs-phase5-world-electricity-demand-2020-2100.json
DS-NGFS-PHASE5.1,SRC-NGFS-PHASE5.1,scenario,REMIND-MAgPIE 3.3-4.8,Fragmented World,NGFS Phase 5.1,World,World,world,2030,electricity_generation,total,all_sources,secondary_energy_electricity_generation,37775.850472222,TWh,point,135.9930617,EJ/yr,Secondary Energy|Electricity,conditional_scenario_not_forecast,2026-03-20,ngfs-phase5-world-electricity-2020-2100.json
DS-NGFS-PHASE5.1,SRC-NGFS-PHASE5.1,scenario,REMIND-MAgPIE 3.3-4.8,Fragmented World,NGFS Phase 5.1,World,World,world,2030,final_electricity_consumption,total,all_end_uses,final_energy_electricity_consumption,32772.042888889,TWh,point,117.9793544,EJ_per_year,Final Energy|Electricity,conditional_scenario_not_forecast,2026-03-20,ngfs-phase5-world-electricity-demand-2020-2100.json
DS-NGFS-PHASE5.1,SRC-NGFS-PHASE5.1,scenario,REMIND-MAgPIE 3.3-4.8,Fragmented World,NGFS Phase 5.1,World,World,world,2030,generation_minus_final_consumption,total,accounting_gap,secondary_generation_minus_final_consumption; includes_model_specific_grid_loss_own_use_and_accounting_effects; not_technical_transmission_loss,5003.807583333,TWh,derived_point,5003.807583333,TWh_derived,Secondary Energy|Electricity - Final Energy|Electricity,derived_from_conditional_scenario,2026-03-20,ngfs-phase5-world-electricity-2020-2100.json + ngfs-phase5-world-electricity-demand-2020-2100.json
DS-NGFS-PHASE5.1,SRC-NGFS-PHASE5.1,scenario,REMIND-MAgPIE 3.3-4.8,Fragmented World,NGFS Phase 5.1,World,World,world,2035,electricity_generation,total,all_sources,secondary_energy_electricity_generation,43886.162222222,TWh,point,157.990184,EJ/yr,Secondary Energy|Electricity,conditional_scenario_not_forecast,2026-03-20,ngfs-phase5-world-electricity-2020-2100.json
DS-NGFS-PHASE5.1,SRC-NGFS-PHASE5.1,scenario,REMIND-MAgPIE 3.3-4.8,Fragmented World,NGFS Phase 5.1,World,World,world,2035,final_electricity_consumption,total,all_end_uses,final_energy_electricity_consumption,38766.520166667,TWh,point,139.5594726,EJ_per_year,Final Energy|Electricity,conditional_scenario_not_forecast,2026-03-20,ngfs-phase5-world-electricity-demand-2020-2100.json
DS-NGFS-PHASE5.1,SRC-NGFS-PHASE5.1,scenario,REMIND-MAgPIE 3.3-4.8,Fragmented World,NGFS Phase 5.1,World,World,world,2035,generation_minus_final_consumption,total,accounting_gap,secondary_generation_minus_final_consumption; includes_model_specific_grid_loss_own_use_and_accounting_effects; not_technical_transmission_loss,5119.642055555,TWh,derived_point,5119.642055555,TWh_derived,Secondary Energy|Electricity - Final Energy|Electricity,derived_from_conditional_scenario,2026-03-20,ngfs-phase5-world-electricity-2020-2100.json + ngfs-phase5-world-electricity-demand-2020-2100.json
DS-NGFS-PHASE5.1,SRC-NGFS-PHASE5.1,scenario,REMIND-MAgPIE 3.3-4.8,Fragmented World,NGFS Phase 5.1,World,World,world,2040,electricity_generation,total,all_sources,secondary_energy_electricity_generation,48805.341333333,TWh,point,175.6992288,EJ/yr,Secondary Energy|Electricity,conditional_scenario_not_forecast,2026-03-20,ngfs-phase5-world-electricity-2020-2100.json
DS-NGFS-PHASE5.1,SRC-NGFS-PHASE5.1,scenario,REMIND-MAgPIE 3.3-4.8,Fragmented World,NGFS Phase 5.1,World,World,world,2040,final_electricity_consumption,total,all_end_uses,final_energy_electricity_consumption,43672.471916667,TWh,point,157.2208989,EJ_per_year,Final Energy|Electricity,conditional_scenario_not_forecast,2026-03-20,ngfs-phase5-world-electricity-demand-2020-2100.json
DS-NGFS-PHASE5.1,SRC-NGFS-PHASE5.1,scenario,REMIND-MAgPIE 3.3-4.8,Fragmented World,NGFS Phase 5.1,World,World,world,2040,generation_minus_final_consumption,total,accounting_gap,secondary_generation_minus_final_consumption; includes_model_specific_grid_loss_own_use_and_accounting_effects; not_technical_transmission_loss,5132.869416666,TWh,derived_point,5132.869416666,TWh_derived,Secondary Energy|Electricity - Final Energy|Electricity,derived_from_conditional_scenario,2026-03-20,ngfs-phase5-world-electricity-2020-2100.json + ngfs-phase5-world-electricity-demand-2020-2100.json
DS-NGFS-PHASE5.1,SRC-NGFS-PHASE5.1,scenario,REMIND-MAgPIE 3.3-4.8,Fragmented World,NGFS Phase 5.1,World,World,world,2045,electricity_generation,total,all_sources,secondary_energy_electricity_generation,53920.517916667,TWh,point,194.1138645,EJ/yr,Secondary Energy|Electricity,conditional_scenario_not_forecast,2026-03-20,ngfs-phase5-world-electricity-2020-2100.json
DS-NGFS-PHASE5.1,SRC-NGFS-PHASE5.1,scenario,REMIND-MAgPIE 3.3-4.8,Fragmented World,NGFS Phase 5.1,World,World,world,2045,final_electricity_consumption,total,all_end_uses,final_energy_electricity_consumption,48418.357944444,TWh,point,174.3060886,EJ_per_year,Final Energy|Electricity,conditional_scenario_not_forecast,2026-03-20,ngfs-phase5-world-electricity-demand-2020-2100.json
DS-NGFS-PHASE5.1,SRC-NGFS-PHASE5.1,scenario,REMIND-MAgPIE 3.3-4.8,Fragmented World,NGFS Phase 5.1,World,World,world,2045,generation_minus_final_consumption,total,accounting_gap,secondary_generation_minus_final_consumption; includes_model_specific_grid_loss_own_use_and_accounting_effects; not_technical_transmission_loss,5502.159972223,TWh,derived_point,5502.159972223,TWh_derived,Secondary Energy|Electricity - Final Energy|Electricity,derived_from_conditional_scenario,2026-03-20,ngfs-phase5-world-electricity-2020-2100.json + ngfs-phase5-world-electricity-demand-2020-2100.json
DS-NGFS-PHASE5.1,SRC-NGFS-PHASE5.1,scenario,REMIND-MAgPIE 3.3-4.8,Fragmented World,NGFS Phase 5.1,World,World,world,2050,electricity_generation,total,all_sources,secondary_energy_electricity_generation,59100.984611111,TWh,point,212.7635446,EJ/yr,Secondary Energy|Electricity,conditional_scenario_not_forecast,2026-03-20,ngfs-phase5-world-electricity-2020-2100.json
DS-NGFS-PHASE5.1,SRC-NGFS-PHASE5.1,scenario,REMIND-MAgPIE 3.3-4.8,Fragmented World,NGFS Phase 5.1,World,World,world,2050,final_electricity_consumption,total,all_end_uses,final_energy_electricity_consumption,52916.017111111,TWh,point,190.4976616,EJ_per_year,Final Energy|Electricity,conditional_scenario_not_forecast,2026-03-20,ngfs-phase5-world-electricity-demand-2020-2100.json
DS-NGFS-PHASE5.1,SRC-NGFS-PHASE5.1,scenario,REMIND-MAgPIE 3.3-4.8,Fragmented World,NGFS Phase 5.1,World,World,world,2050,generation_minus_final_consumption,total,accounting_gap,secondary_generation_minus_final_consumption; includes_model_specific_grid_loss_own_use_and_accounting_effects; not_technical_transmission_loss,6184.9675,TWh,derived_point,6184.9675,TWh_derived,Secondary Energy|Electricity - Final Energy|Electricity,derived_from_conditional_scenario,2026-03-20,ngfs-phase5-world-electricity-2020-2100.json + ngfs-phase5-world-electricity-demand-2020-2100.json
DS-NGFS-PHASE5.1,SRC-NGFS-PHASE5.1,scenario,REMIND-MAgPIE 3.3-4.8,Fragmented World,NGFS Phase 5.1,World,World,world,2055,electricity_generation,total,all_sources,secondary_energy_electricity_generation,64036.946138889,TWh,point,230.5330061,EJ/yr,Secondary Energy|Electricity,conditional_scenario_not_forecast,2026-03-20,ngfs-phase5-world-electricity-2020-2100.json
DS-NGFS-PHASE5.1,SRC-NGFS-PHASE5.1,scenario,REMIND-MAgPIE 3.3-4.8,Fragmented World,NGFS Phase 5.1,World,World,world,2055,final_electricity_consumption,total,all_end_uses,final_energy_electricity_consumption,56591.508138889,TWh,point,203.7294293,EJ_per_year,Final Energy|Electricity,conditional_scenario_not_forecast,2026-03-20,ngfs-phase5-world-electricity-demand-2020-2100.json
DS-NGFS-PHASE5.1,SRC-NGFS-PHASE5.1,scenario,REMIND-MAgPIE 3.3-4.8,Fragmented World,NGFS Phase 5.1,World,World,world,2055,generation_minus_final_consumption,total,accounting_gap,secondary_generation_minus_final_consumption; includes_model_specific_grid_loss_own_use_and_accounting_effects; not_technical_transmission_loss,7445.438,TWh,derived_point,7445.438,TWh_derived,Secondary Energy|Electricity - Final Energy|Electricity,derived_from_conditional_scenario,2026-03-20,ngfs-phase5-world-electricity-2020-2100.json + ngfs-phase5-world-electricity-demand-2020-2100.json
DS-NGFS-PHASE5.1,SRC-NGFS-PHASE5.1,scenario,REMIND-MAgPIE 3.3-4.8,Fragmented World,NGFS Phase 5.1,World,World,world,2060,electricity_generation,total,all_sources,secondary_energy_electricity_generation,71458.587583333,TWh,point,257.2509153,EJ/yr,Secondary Energy|Electricity,conditional_scenario_not_forecast,2026-03-20,ngfs-phase5-world-electricity-2020-2100.json
DS-NGFS-PHASE5.1,SRC-NGFS-PHASE5.1,scenario,REMIND-MAgPIE 3.3-4.8,Fragmented World,NGFS Phase 5.1,World,World,world,2060,final_electricity_consumption,total,all_end_uses,final_energy_electricity_consumption,61681.530472222,TWh,point,222.0535097,EJ_per_year,Final Energy|Electricity,conditional_scenario_not_forecast,2026-03-20,ngfs-phase5-world-electricity-demand-2020-2100.json
DS-NGFS-PHASE5.1,SRC-NGFS-PHASE5.1,scenario,REMIND-MAgPIE 3.3-4.8,Fragmented World,NGFS Phase 5.1,World,World,world,2060,generation_minus_final_consumption,total,accounting_gap,secondary_generation_minus_final_consumption; includes_model_specific_grid_loss_own_use_and_accounting_effects; not_technical_transmission_loss,9777.057111111,TWh,derived_point,9777.057111111,TWh_derived,Secondary Energy|Electricity - Final Energy|Electricity,derived_from_conditional_scenario,2026-03-20,ngfs-phase5-world-electricity-2020-2100.json + ngfs-phase5-world-electricity-demand-2020-2100.json
DS-NGFS-PHASE5.1,SRC-NGFS-PHASE5.1,scenario,REMIND-MAgPIE 3.3-4.8,Fragmented World,NGFS Phase 5.1,World,World,world,2070,electricity_generation,total,all_sources,secondary_energy_electricity_generation,79824.951333333,TWh,point,287.3698248,EJ/yr,Secondary Energy|Electricity,conditional_scenario_not_forecast,2026-03-20,ngfs-phase5-world-electricity-2020-2100.json
DS-NGFS-PHASE5.1,SRC-NGFS-PHASE5.1,scenario,REMIND-MAgPIE 3.3-4.8,Fragmented World,NGFS Phase 5.1,World,World,world,2070,final_electricity_consumption,total,all_end_uses,final_energy_electricity_consumption,67766.029666667,TWh,point,243.9577068,EJ_per_year,Final Energy|Electricity,conditional_scenario_not_forecast,2026-03-20,ngfs-phase5-world-electricity-demand-2020-2100.json
DS-NGFS-PHASE5.1,SRC-NGFS-PHASE5.1,scenario,REMIND-MAgPIE 3.3-4.8,Fragmented World,NGFS Phase 5.1,World,World,world,2070,generation_minus_final_consumption,total,accounting_gap,secondary_generation_minus_final_consumption; includes_model_specific_grid_loss_own_use_and_accounting_effects; not_technical_transmission_loss,12058.921666666,TWh,derived_point,12058.921666666,TWh_derived,Secondary Energy|Electricity - Final Energy|Electricity,derived_from_conditional_scenario,2026-03-20,ngfs-phase5-world-electricity-2020-2100.json + ngfs-phase5-world-electricity-demand-2020-2100.json
DS-NGFS-PHASE5.1,SRC-NGFS-PHASE5.1,scenario,REMIND-MAgPIE 3.3-4.8,Fragmented World,NGFS Phase 5.1,World,World,world,2080,electricity_generation,total,all_sources,secondary_energy_electricity_generation,89801.943,TWh,point,323.2869948,EJ/yr,Secondary Energy|Electricity,conditional_scenario_not_forecast,2026-03-20,ngfs-phase5-world-electricity-2020-2100.json
DS-NGFS-PHASE5.1,SRC-NGFS-PHASE5.1,scenario,REMIND-MAgPIE 3.3-4.8,Fragmented World,NGFS Phase 5.1,World,World,world,2080,final_electricity_consumption,total,all_end_uses,final_energy_electricity_consumption,75704.544416667,TWh,point,272.5363599,EJ_per_year,Final Energy|Electricity,conditional_scenario_not_forecast,2026-03-20,ngfs-phase5-world-electricity-demand-2020-2100.json
DS-NGFS-PHASE5.1,SRC-NGFS-PHASE5.1,scenario,REMIND-MAgPIE 3.3-4.8,Fragmented World,NGFS Phase 5.1,World,World,world,2080,generation_minus_final_consumption,total,accounting_gap,secondary_generation_minus_final_consumption; includes_model_specific_grid_loss_own_use_and_accounting_effects; not_technical_transmission_loss,14097.398583333,TWh,derived_point,14097.398583333,TWh_derived,Secondary Energy|Electricity - Final Energy|Electricity,derived_from_conditional_scenario,2026-03-20,ngfs-phase5-world-electricity-2020-2100.json + ngfs-phase5-world-electricity-demand-2020-2100.json
DS-NGFS-PHASE5.1,SRC-NGFS-PHASE5.1,scenario,REMIND-MAgPIE 3.3-4.8,Fragmented World,NGFS Phase 5.1,World,World,world,2090,electricity_generation,total,all_sources,secondary_energy_electricity_generation,98059.501444444,TWh,point,353.0142052,EJ/yr,Secondary Energy|Electricity,conditional_scenario_not_forecast,2026-03-20,ngfs-phase5-world-electricity-2020-2100.json
DS-NGFS-PHASE5.1,SRC-NGFS-PHASE5.1,scenario,REMIND-MAgPIE 3.3-4.8,Fragmented World,NGFS Phase 5.1,World,World,world,2090,final_electricity_consumption,total,all_end_uses,final_energy_electricity_consumption,81860.497833333,TWh,point,294.6977922,EJ_per_year,Final Energy|Electricity,conditional_scenario_not_forecast,2026-03-20,ngfs-phase5-world-electricity-demand-2020-2100.json
DS-NGFS-PHASE5.1,SRC-NGFS-PHASE5.1,scenario,REMIND-MAgPIE 3.3-4.8,Fragmented World,NGFS Phase 5.1,World,World,world,2090,generation_minus_final_consumption,total,accounting_gap,secondary_generation_minus_final_consumption; includes_model_specific_grid_loss_own_use_and_accounting_effects; not_technical_transmission_loss,16199.003611111,TWh,derived_point,16199.003611111,TWh_derived,Secondary Energy|Electricity - Final Energy|Electricity,derived_from_conditional_scenario,2026-03-20,ngfs-phase5-world-electricity-2020-2100.json + ngfs-phase5-world-electricity-demand-2020-2100.json
DS-NGFS-PHASE5.1,SRC-NGFS-PHASE5.1,scenario,REMIND-MAgPIE 3.3-4.8,Fragmented World,NGFS Phase 5.1,World,World,world,2100,electricity_generation,total,all_sources,secondary_energy_electricity_generation,102835.672972222,TWh,point,370.2084227,EJ/yr,Secondary Energy|Electricity,conditional_scenario_not_forecast,2026-03-20,ngfs-phase5-world-electricity-2020-2100.json
DS-NGFS-PHASE5.1,SRC-NGFS-PHASE5.1,scenario,REMIND-MAgPIE 3.3-4.8,Fragmented World,NGFS Phase 5.1,World,World,world,2100,final_electricity_consumption,total,all_end_uses,final_energy_electricity_consumption,83896.227555556,TWh,point,302.0264192,EJ_per_year,Final Energy|Electricity,conditional_scenario_not_forecast,2026-03-20,ngfs-phase5-world-electricity-demand-2020-2100.json
DS-NGFS-PHASE5.1,SRC-NGFS-PHASE5.1,scenario,REMIND-MAgPIE 3.3-4.8,Fragmented World,NGFS Phase 5.1,World,World,world,2100,generation_minus_final_consumption,total,accounting_gap,secondary_generation_minus_final_consumption; includes_model_specific_grid_loss_own_use_and_accounting_effects; not_technical_transmission_loss,18939.445416666,TWh,derived_point,18939.445416666,TWh_derived,Secondary Energy|Electricity - Final Energy|Electricity,derived_from_conditional_scenario,2026-03-20,ngfs-phase5-world-electricity-2020-2100.json + ngfs-phase5-world-electricity-demand-2020-2100.json
DS-NGFS-PHASE5.1,SRC-NGFS-PHASE5.1,scenario,REMIND-MAgPIE 3.3-4.8,Low demand,NGFS Phase 5.1,World,World,world,2020,electricity_generation,total,all_sources,secondary_energy_electricity_generation,28364.417555556,TWh,point,102.1119032,EJ/yr,Secondary Energy|Electricity,conditional_scenario_not_forecast,2026-03-20,ngfs-phase5-world-electricity-2020-2100.json
DS-NGFS-PHASE5.1,SRC-NGFS-PHASE5.1,scenario,REMIND-MAgPIE 3.3-4.8,Low demand,NGFS Phase 5.1,World,World,world,2020,final_electricity_consumption,total,all_end_uses,final_energy_electricity_consumption,23794.961277778,TWh,point,85.6618606,EJ_per_year,Final Energy|Electricity,conditional_scenario_not_forecast,2026-03-20,ngfs-phase5-world-electricity-demand-2020-2100.json
DS-NGFS-PHASE5.1,SRC-NGFS-PHASE5.1,scenario,REMIND-MAgPIE 3.3-4.8,Low demand,NGFS Phase 5.1,World,World,world,2020,generation_minus_final_consumption,total,accounting_gap,secondary_generation_minus_final_consumption; includes_model_specific_grid_loss_own_use_and_accounting_effects; not_technical_transmission_loss,4569.456277778,TWh,derived_point,4569.456277778,TWh_derived,Secondary Energy|Electricity - Final Energy|Electricity,derived_from_conditional_scenario,2026-03-20,ngfs-phase5-world-electricity-2020-2100.json + ngfs-phase5-world-electricity-demand-2020-2100.json
DS-NGFS-PHASE5.1,SRC-NGFS-PHASE5.1,scenario,REMIND-MAgPIE 3.3-4.8,Low demand,NGFS Phase 5.1,World,World,world,2025,electricity_generation,total,all_sources,secondary_energy_electricity_generation,31538.734083333,TWh,point,113.5394427,EJ/yr,Secondary Energy|Electricity,conditional_scenario_not_forecast,2026-03-20,ngfs-phase5-world-electricity-2020-2100.json
DS-NGFS-PHASE5.1,SRC-NGFS-PHASE5.1,scenario,REMIND-MAgPIE 3.3-4.8,Low demand,NGFS Phase 5.1,World,World,world,2025,final_electricity_consumption,total,all_end_uses,final_energy_electricity_consumption,26887.181555556,TWh,point,96.7938536,EJ_per_year,Final Energy|Electricity,conditional_scenario_not_forecast,2026-03-20,ngfs-phase5-world-electricity-demand-2020-2100.json
DS-NGFS-PHASE5.1,SRC-NGFS-PHASE5.1,scenario,REMIND-MAgPIE 3.3-4.8,Low demand,NGFS Phase 5.1,World,World,world,2025,generation_minus_final_consumption,total,accounting_gap,secondary_generation_minus_final_consumption; includes_model_specific_grid_loss_own_use_and_accounting_effects; not_technical_transmission_loss,4651.552527777,TWh,derived_point,4651.552527777,TWh_derived,Secondary Energy|Electricity - Final Energy|Electricity,derived_from_conditional_scenario,2026-03-20,ngfs-phase5-world-electricity-2020-2100.json + ngfs-phase5-world-electricity-demand-2020-2100.json
DS-NGFS-PHASE5.1,SRC-NGFS-PHASE5.1,scenario,REMIND-MAgPIE 3.3-4.8,Low demand,NGFS Phase 5.1,World,World,world,2030,electricity_generation,total,all_sources,secondary_energy_electricity_generation,31738.22175,TWh,point,114.2575983,EJ/yr,Secondary Energy|Electricity,conditional_scenario_not_forecast,2026-03-20,ngfs-phase5-world-electricity-2020-2100.json
DS-NGFS-PHASE5.1,SRC-NGFS-PHASE5.1,scenario,REMIND-MAgPIE 3.3-4.8,Low demand,NGFS Phase 5.1,World,World,world,2030,final_electricity_consumption,total,all_end_uses,final_energy_electricity_consumption,27729.7385,TWh,point,99.8270586,EJ_per_year,Final Energy|Electricity,conditional_scenario_not_forecast,2026-03-20,ngfs-phase5-world-electricity-demand-2020-2100.json
DS-NGFS-PHASE5.1,SRC-NGFS-PHASE5.1,scenario,REMIND-MAgPIE 3.3-4.8,Low demand,NGFS Phase 5.1,World,World,world,2030,generation_minus_final_consumption,total,accounting_gap,secondary_generation_minus_final_consumption; includes_model_specific_grid_loss_own_use_and_accounting_effects; not_technical_transmission_loss,4008.48325,TWh,derived_point,4008.48325,TWh_derived,Secondary Energy|Electricity - Final Energy|Electricity,derived_from_conditional_scenario,2026-03-20,ngfs-phase5-world-electricity-2020-2100.json + ngfs-phase5-world-electricity-demand-2020-2100.json
DS-NGFS-PHASE5.1,SRC-NGFS-PHASE5.1,scenario,REMIND-MAgPIE 3.3-4.8,Low demand,NGFS Phase 5.1,World,World,world,2035,electricity_generation,total,all_sources,secondary_energy_electricity_generation,35601.753888889,TWh,point,128.166314,EJ/yr,Secondary Energy|Electricity,conditional_scenario_not_forecast,2026-03-20,ngfs-phase5-world-electricity-2020-2100.json
DS-NGFS-PHASE5.1,SRC-NGFS-PHASE5.1,scenario,REMIND-MAgPIE 3.3-4.8,Low demand,NGFS Phase 5.1,World,World,world,2035,final_electricity_consumption,total,all_end_uses,final_energy_electricity_consumption,31404.073861111,TWh,point,113.0546659,EJ_per_year,Final Energy|Electricity,conditional_scenario_not_forecast,2026-03-20,ngfs-phase5-world-electricity-demand-2020-2100.json
DS-NGFS-PHASE5.1,SRC-NGFS-PHASE5.1,scenario,REMIND-MAgPIE 3.3-4.8,Low demand,NGFS Phase 5.1,World,World,world,2035,generation_minus_final_consumption,total,accounting_gap,secondary_generation_minus_final_consumption; includes_model_specific_grid_loss_own_use_and_accounting_effects; not_technical_transmission_loss,4197.680027778,TWh,derived_point,4197.680027778,TWh_derived,Secondary Energy|Electricity - Final Energy|Electricity,derived_from_conditional_scenario,2026-03-20,ngfs-phase5-world-electricity-2020-2100.json + ngfs-phase5-world-electricity-demand-2020-2100.json
DS-NGFS-PHASE5.1,SRC-NGFS-PHASE5.1,scenario,REMIND-MAgPIE 3.3-4.8,Low demand,NGFS Phase 5.1,World,World,world,2040,electricity_generation,total,all_sources,secondary_energy_electricity_generation,40772.047638889,TWh,point,146.7793715,EJ/yr,Secondary Energy|Electricity,conditional_scenario_not_forecast,2026-03-20,ngfs-phase5-world-electricity-2020-2100.json
DS-NGFS-PHASE5.1,SRC-NGFS-PHASE5.1,scenario,REMIND-MAgPIE 3.3-4.8,Low demand,NGFS Phase 5.1,World,World,world,2040,final_electricity_consumption,total,all_end_uses,final_energy_electricity_consumption,36053.313611111,TWh,point,129.791929,EJ_per_year,Final Energy|Electricity,conditional_scenario_not_forecast,2026-03-20,ngfs-phase5-world-electricity-demand-2020-2100.json
DS-NGFS-PHASE5.1,SRC-NGFS-PHASE5.1,scenario,REMIND-MAgPIE 3.3-4.8,Low demand,NGFS Phase 5.1,World,World,world,2040,generation_minus_final_consumption,total,accounting_gap,secondary_generation_minus_final_consumption; includes_model_specific_grid_loss_own_use_and_accounting_effects; not_technical_transmission_loss,4718.734027778,TWh,derived_point,4718.734027778,TWh_derived,Secondary Energy|Electricity - Final Energy|Electricity,derived_from_conditional_scenario,2026-03-20,ngfs-phase5-world-electricity-2020-2100.json + ngfs-phase5-world-electricity-demand-2020-2100.json
DS-NGFS-PHASE5.1,SRC-NGFS-PHASE5.1,scenario,REMIND-MAgPIE 3.3-4.8,Low demand,NGFS Phase 5.1,World,World,world,2045,electricity_generation,total,all_sources,secondary_energy_electricity_generation,45044.53175,TWh,point,162.1603143,EJ/yr,Secondary Energy|Electricity,conditional_scenario_not_forecast,2026-03-20,ngfs-phase5-world-electricity-2020-2100.json
DS-NGFS-PHASE5.1,SRC-NGFS-PHASE5.1,scenario,REMIND-MAgPIE 3.3-4.8,Low demand,NGFS Phase 5.1,World,World,world,2045,final_electricity_consumption,total,all_end_uses,final_energy_electricity_consumption,39768.106472222,TWh,point,143.1651833,EJ_per_year,Final Energy|Electricity,conditional_scenario_not_forecast,2026-03-20,ngfs-phase5-world-electricity-demand-2020-2100.json
DS-NGFS-PHASE5.1,SRC-NGFS-PHASE5.1,scenario,REMIND-MAgPIE 3.3-4.8,Low demand,NGFS Phase 5.1,World,World,world,2045,generation_minus_final_consumption,total,accounting_gap,secondary_generation_minus_final_consumption; includes_model_specific_grid_loss_own_use_and_accounting_effects; not_technical_transmission_loss,5276.425277778,TWh,derived_point,5276.425277778,TWh_derived,Secondary Energy|Electricity - Final Energy|Electricity,derived_from_conditional_scenario,2026-03-20,ngfs-phase5-world-electricity-2020-2100.json + ngfs-phase5-world-electricity-demand-2020-2100.json
DS-NGFS-PHASE5.1,SRC-NGFS-PHASE5.1,scenario,REMIND-MAgPIE 3.3-4.8,Low demand,NGFS Phase 5.1,World,World,world,2050,electricity_generation,total,all_sources,secondary_energy_electricity_generation,48390.869833333,TWh,point,174.2071314,EJ/yr,Secondary Energy|Electricity,conditional_scenario_not_forecast,2026-03-20,ngfs-phase5-world-electricity-2020-2100.json
DS-NGFS-PHASE5.1,SRC-NGFS-PHASE5.1,scenario,REMIND-MAgPIE 3.3-4.8,Low demand,NGFS Phase 5.1,World,World,world,2050,final_electricity_consumption,total,all_end_uses,final_energy_electricity_consumption,42569.586194444,TWh,point,153.2505103,EJ_per_year,Final Energy|Electricity,conditional_scenario_not_forecast,2026-03-20,ngfs-phase5-world-electricity-demand-2020-2100.json
DS-NGFS-PHASE5.1,SRC-NGFS-PHASE5.1,scenario,REMIND-MAgPIE 3.3-4.8,Low demand,NGFS Phase 5.1,World,World,world,2050,generation_minus_final_consumption,total,accounting_gap,secondary_generation_minus_final_consumption; includes_model_specific_grid_loss_own_use_and_accounting_effects; not_technical_transmission_loss,5821.283638889,TWh,derived_point,5821.283638889,TWh_derived,Secondary Energy|Electricity - Final Energy|Electricity,derived_from_conditional_scenario,2026-03-20,ngfs-phase5-world-electricity-2020-2100.json + ngfs-phase5-world-electricity-demand-2020-2100.json
DS-NGFS-PHASE5.1,SRC-NGFS-PHASE5.1,scenario,REMIND-MAgPIE 3.3-4.8,Low demand,NGFS Phase 5.1,World,World,world,2055,electricity_generation,total,all_sources,secondary_energy_electricity_generation,50843.708083333,TWh,point,183.0373491,EJ/yr,Secondary Energy|Electricity,conditional_scenario_not_forecast,2026-03-20,ngfs-phase5-world-electricity-2020-2100.json
DS-NGFS-PHASE5.1,SRC-NGFS-PHASE5.1,scenario,REMIND-MAgPIE 3.3-4.8,Low demand,NGFS Phase 5.1,World,World,world,2055,final_electricity_consumption,total,all_end_uses,final_energy_electricity_consumption,43825.113472222,TWh,point,157.7704085,EJ_per_year,Final Energy|Electricity,conditional_scenario_not_forecast,2026-03-20,ngfs-phase5-world-electricity-demand-2020-2100.json
DS-NGFS-PHASE5.1,SRC-NGFS-PHASE5.1,scenario,REMIND-MAgPIE 3.3-4.8,Low demand,NGFS Phase 5.1,World,World,world,2055,generation_minus_final_consumption,total,accounting_gap,secondary_generation_minus_final_consumption; includes_model_specific_grid_loss_own_use_and_accounting_effects; not_technical_transmission_loss,7018.594611111,TWh,derived_point,7018.594611111,TWh_derived,Secondary Energy|Electricity - Final Energy|Electricity,derived_from_conditional_scenario,2026-03-20,ngfs-phase5-world-electricity-2020-2100.json + ngfs-phase5-world-electricity-demand-2020-2100.json
DS-NGFS-PHASE5.1,SRC-NGFS-PHASE5.1,scenario,REMIND-MAgPIE 3.3-4.8,Low demand,NGFS Phase 5.1,World,World,world,2060,electricity_generation,total,all_sources,secondary_energy_electricity_generation,55751.137222222,TWh,point,200.704094,EJ/yr,Secondary Energy|Electricity,conditional_scenario_not_forecast,2026-03-20,ngfs-phase5-world-electricity-2020-2100.json
DS-NGFS-PHASE5.1,SRC-NGFS-PHASE5.1,scenario,REMIND-MAgPIE 3.3-4.8,Low demand,NGFS Phase 5.1,World,World,world,2060,final_electricity_consumption,total,all_end_uses,final_energy_electricity_consumption,46509.495194444,TWh,point,167.4341827,EJ_per_year,Final Energy|Electricity,conditional_scenario_not_forecast,2026-03-20,ngfs-phase5-world-electricity-demand-2020-2100.json
DS-NGFS-PHASE5.1,SRC-NGFS-PHASE5.1,scenario,REMIND-MAgPIE 3.3-4.8,Low demand,NGFS Phase 5.1,World,World,world,2060,generation_minus_final_consumption,total,accounting_gap,secondary_generation_minus_final_consumption; includes_model_specific_grid_loss_own_use_and_accounting_effects; not_technical_transmission_loss,9241.642027778,TWh,derived_point,9241.642027778,TWh_derived,Secondary Energy|Electricity - Final Energy|Electricity,derived_from_conditional_scenario,2026-03-20,ngfs-phase5-world-electricity-2020-2100.json + ngfs-phase5-world-electricity-demand-2020-2100.json
DS-NGFS-PHASE5.1,SRC-NGFS-PHASE5.1,scenario,REMIND-MAgPIE 3.3-4.8,Low demand,NGFS Phase 5.1,World,World,world,2070,electricity_generation,total,all_sources,secondary_energy_electricity_generation,61212.3545,TWh,point,220.3644762,EJ/yr,Secondary Energy|Electricity,conditional_scenario_not_forecast,2026-03-20,ngfs-phase5-world-electricity-2020-2100.json
DS-NGFS-PHASE5.1,SRC-NGFS-PHASE5.1,scenario,REMIND-MAgPIE 3.3-4.8,Low demand,NGFS Phase 5.1,World,World,world,2070,final_electricity_consumption,total,all_end_uses,final_energy_electricity_consumption,49492.701222222,TWh,point,178.1737244,EJ_per_year,Final Energy|Electricity,conditional_scenario_not_forecast,2026-03-20,ngfs-phase5-world-electricity-demand-2020-2100.json
DS-NGFS-PHASE5.1,SRC-NGFS-PHASE5.1,scenario,REMIND-MAgPIE 3.3-4.8,Low demand,NGFS Phase 5.1,World,World,world,2070,generation_minus_final_consumption,total,accounting_gap,secondary_generation_minus_final_consumption; includes_model_specific_grid_loss_own_use_and_accounting_effects; not_technical_transmission_loss,11719.653277778,TWh,derived_point,11719.653277778,TWh_derived,Secondary Energy|Electricity - Final Energy|Electricity,derived_from_conditional_scenario,2026-03-20,ngfs-phase5-world-electricity-2020-2100.json + ngfs-phase5-world-electricity-demand-2020-2100.json
DS-NGFS-PHASE5.1,SRC-NGFS-PHASE5.1,scenario,REMIND-MAgPIE 3.3-4.8,Low demand,NGFS Phase 5.1,World,World,world,2080,electricity_generation,total,all_sources,secondary_energy_electricity_generation,69907.753194444,TWh,point,251.6679115,EJ/yr,Secondary Energy|Electricity,conditional_scenario_not_forecast,2026-03-20,ngfs-phase5-world-electricity-2020-2100.json
DS-NGFS-PHASE5.1,SRC-NGFS-PHASE5.1,scenario,REMIND-MAgPIE 3.3-4.8,Low demand,NGFS Phase 5.1,World,World,world,2080,final_electricity_consumption,total,all_end_uses,final_energy_electricity_consumption,55620.841194444,TWh,point,200.2350283,EJ_per_year,Final Energy|Electricity,conditional_scenario_not_forecast,2026-03-20,ngfs-phase5-world-electricity-demand-2020-2100.json
DS-NGFS-PHASE5.1,SRC-NGFS-PHASE5.1,scenario,REMIND-MAgPIE 3.3-4.8,Low demand,NGFS Phase 5.1,World,World,world,2080,generation_minus_final_consumption,total,accounting_gap,secondary_generation_minus_final_consumption; includes_model_specific_grid_loss_own_use_and_accounting_effects; not_technical_transmission_loss,14286.912,TWh,derived_point,14286.912,TWh_derived,Secondary Energy|Electricity - Final Energy|Electricity,derived_from_conditional_scenario,2026-03-20,ngfs-phase5-world-electricity-2020-2100.json + ngfs-phase5-world-electricity-demand-2020-2100.json
DS-NGFS-PHASE5.1,SRC-NGFS-PHASE5.1,scenario,REMIND-MAgPIE 3.3-4.8,Low demand,NGFS Phase 5.1,World,World,world,2090,electricity_generation,total,all_sources,secondary_energy_electricity_generation,77913.390638889,TWh,point,280.4882063,EJ/yr,Secondary Energy|Electricity,conditional_scenario_not_forecast,2026-03-20,ngfs-phase5-world-electricity-2020-2100.json
DS-NGFS-PHASE5.1,SRC-NGFS-PHASE5.1,scenario,REMIND-MAgPIE 3.3-4.8,Low demand,NGFS Phase 5.1,World,World,world,2090,final_electricity_consumption,total,all_end_uses,final_energy_electricity_consumption,60636.973444444,TWh,point,218.2931044,EJ_per_year,Final Energy|Electricity,conditional_scenario_not_forecast,2026-03-20,ngfs-phase5-world-electricity-demand-2020-2100.json
DS-NGFS-PHASE5.1,SRC-NGFS-PHASE5.1,scenario,REMIND-MAgPIE 3.3-4.8,Low demand,NGFS Phase 5.1,World,World,world,2090,generation_minus_final_consumption,total,accounting_gap,secondary_generation_minus_final_consumption; includes_model_specific_grid_loss_own_use_and_accounting_effects; not_technical_transmission_loss,17276.417194445,TWh,derived_point,17276.417194445,TWh_derived,Secondary Energy|Electricity - Final Energy|Electricity,derived_from_conditional_scenario,2026-03-20,ngfs-phase5-world-electricity-2020-2100.json + ngfs-phase5-world-electricity-demand-2020-2100.json
DS-NGFS-PHASE5.1,SRC-NGFS-PHASE5.1,scenario,REMIND-MAgPIE 3.3-4.8,Low demand,NGFS Phase 5.1,World,World,world,2100,electricity_generation,total,all_sources,secondary_energy_electricity_generation,84294.551027778,TWh,point,303.4603837,EJ/yr,Secondary Energy|Electricity,conditional_scenario_not_forecast,2026-03-20,ngfs-phase5-world-electricity-2020-2100.json
DS-NGFS-PHASE5.1,SRC-NGFS-PHASE5.1,scenario,REMIND-MAgPIE 3.3-4.8,Low demand,NGFS Phase 5.1,World,World,world,2100,final_electricity_consumption,total,all_end_uses,final_energy_electricity_consumption,64067.116861111,TWh,point,230.6416207,EJ_per_year,Final Energy|Electricity,conditional_scenario_not_forecast,2026-03-20,ngfs-phase5-world-electricity-demand-2020-2100.json
DS-NGFS-PHASE5.1,SRC-NGFS-PHASE5.1,scenario,REMIND-MAgPIE 3.3-4.8,Low demand,NGFS Phase 5.1,World,World,world,2100,generation_minus_final_consumption,total,accounting_gap,secondary_generation_minus_final_consumption; includes_model_specific_grid_loss_own_use_and_accounting_effects; not_technical_transmission_loss,20227.434166667,TWh,derived_point,20227.434166667,TWh_derived,Secondary Energy|Electricity - Final Energy|Electricity,derived_from_conditional_scenario,2026-03-20,ngfs-phase5-world-electricity-2020-2100.json + ngfs-phase5-world-electricity-demand-2020-2100.json
DS-NGFS-PHASE5.1,SRC-NGFS-PHASE5.1,scenario,REMIND-MAgPIE 3.3-4.8,Nationally Determined Contributions (NDCs),NGFS Phase 5.1,World,World,world,2020,electricity_generation,total,all_sources,secondary_energy_electricity_generation,28364.417555556,TWh,point,102.1119032,EJ/yr,Secondary Energy|Electricity,conditional_scenario_not_forecast,2026-03-20,ngfs-phase5-world-electricity-2020-2100.json
DS-NGFS-PHASE5.1,SRC-NGFS-PHASE5.1,scenario,REMIND-MAgPIE 3.3-4.8,Nationally Determined Contributions (NDCs),NGFS Phase 5.1,World,World,world,2020,final_electricity_consumption,total,all_end_uses,final_energy_electricity_consumption,23794.961277778,TWh,point,85.6618606,EJ_per_year,Final Energy|Electricity,conditional_scenario_not_forecast,2026-03-20,ngfs-phase5-world-electricity-demand-2020-2100.json
DS-NGFS-PHASE5.1,SRC-NGFS-PHASE5.1,scenario,REMIND-MAgPIE 3.3-4.8,Nationally Determined Contributions (NDCs),NGFS Phase 5.1,World,World,world,2020,generation_minus_final_consumption,total,accounting_gap,secondary_generation_minus_final_consumption; includes_model_specific_grid_loss_own_use_and_accounting_effects; not_technical_transmission_loss,4569.456277778,TWh,derived_point,4569.456277778,TWh_derived,Secondary Energy|Electricity - Final Energy|Electricity,derived_from_conditional_scenario,2026-03-20,ngfs-phase5-world-electricity-2020-2100.json + ngfs-phase5-world-electricity-demand-2020-2100.json
DS-NGFS-PHASE5.1,SRC-NGFS-PHASE5.1,scenario,REMIND-MAgPIE 3.3-4.8,Nationally Determined Contributions (NDCs),NGFS Phase 5.1,World,World,world,2025,electricity_generation,total,all_sources,secondary_energy_electricity_generation,32912.602,TWh,point,118.4853672,EJ/yr,Secondary Energy|Electricity,conditional_scenario_not_forecast,2026-03-20,ngfs-phase5-world-electricity-2020-2100.json
DS-NGFS-PHASE5.1,SRC-NGFS-PHASE5.1,scenario,REMIND-MAgPIE 3.3-4.8,Nationally Determined Contributions (NDCs),NGFS Phase 5.1,World,World,world,2025,final_electricity_consumption,total,all_end_uses,final_energy_electricity_consumption,28061.558472222,TWh,point,101.0216105,EJ_per_year,Final Energy|Electricity,conditional_scenario_not_forecast,2026-03-20,ngfs-phase5-world-electricity-demand-2020-2100.json
DS-NGFS-PHASE5.1,SRC-NGFS-PHASE5.1,scenario,REMIND-MAgPIE 3.3-4.8,Nationally Determined Contributions (NDCs),NGFS Phase 5.1,World,World,world,2025,generation_minus_final_consumption,total,accounting_gap,secondary_generation_minus_final_consumption; includes_model_specific_grid_loss_own_use_and_accounting_effects; not_technical_transmission_loss,4851.043527778,TWh,derived_point,4851.043527778,TWh_derived,Secondary Energy|Electricity - Final Energy|Electricity,derived_from_conditional_scenario,2026-03-20,ngfs-phase5-world-electricity-2020-2100.json + ngfs-phase5-world-electricity-demand-2020-2100.json
DS-NGFS-PHASE5.1,SRC-NGFS-PHASE5.1,scenario,REMIND-MAgPIE 3.3-4.8,Nationally Determined Contributions (NDCs),NGFS Phase 5.1,World,World,world,2030,electricity_generation,total,all_sources,secondary_energy_electricity_generation,38751.284694444,TWh,point,139.5046249,EJ/yr,Secondary Energy|Electricity,conditional_scenario_not_forecast,2026-03-20,ngfs-phase5-world-electricity-2020-2100.json
DS-NGFS-PHASE5.1,SRC-NGFS-PHASE5.1,scenario,REMIND-MAgPIE 3.3-4.8,Nationally Determined Contributions (NDCs),NGFS Phase 5.1,World,World,world,2030,final_electricity_consumption,total,all_end_uses,final_energy_electricity_consumption,33654.16825,TWh,point,121.1550057,EJ_per_year,Final Energy|Electricity,conditional_scenario_not_forecast,2026-03-20,ngfs-phase5-world-electricity-demand-2020-2100.json
DS-NGFS-PHASE5.1,SRC-NGFS-PHASE5.1,scenario,REMIND-MAgPIE 3.3-4.8,Nationally Determined Contributions (NDCs),NGFS Phase 5.1,World,World,world,2030,generation_minus_final_consumption,total,accounting_gap,secondary_generation_minus_final_consumption; includes_model_specific_grid_loss_own_use_and_accounting_effects; not_technical_transmission_loss,5097.116444444,TWh,derived_point,5097.116444444,TWh_derived,Secondary Energy|Electricity - Final Energy|Electricity,derived_from_conditional_scenario,2026-03-20,ngfs-phase5-world-electricity-2020-2100.json + ngfs-phase5-world-electricity-demand-2020-2100.json
DS-NGFS-PHASE5.1,SRC-NGFS-PHASE5.1,scenario,REMIND-MAgPIE 3.3-4.8,Nationally Determined Contributions (NDCs),NGFS Phase 5.1,World,World,world,2035,electricity_generation,total,all_sources,secondary_energy_electricity_generation,45574.137361111,TWh,point,164.0668945,EJ/yr,Secondary Energy|Electricity,conditional_scenario_not_forecast,2026-03-20,ngfs-phase5-world-electricity-2020-2100.json
DS-NGFS-PHASE5.1,SRC-NGFS-PHASE5.1,scenario,REMIND-MAgPIE 3.3-4.8,Nationally Determined Contributions (NDCs),NGFS Phase 5.1,World,World,world,2035,final_electricity_consumption,total,all_end_uses,final_energy_electricity_consumption,40098.984583333,TWh,point,144.3563445,EJ_per_year,Final Energy|Electricity,conditional_scenario_not_forecast,2026-03-20,ngfs-phase5-world-electricity-demand-2020-2100.json
DS-NGFS-PHASE5.1,SRC-NGFS-PHASE5.1,scenario,REMIND-MAgPIE 3.3-4.8,Nationally Determined Contributions (NDCs),NGFS Phase 5.1,World,World,world,2035,generation_minus_final_consumption,total,accounting_gap,secondary_generation_minus_final_consumption; includes_model_specific_grid_loss_own_use_and_accounting_effects; not_technical_transmission_loss,5475.152777778,TWh,derived_point,5475.152777778,TWh_derived,Secondary Energy|Electricity - Final Energy|Electricity,derived_from_conditional_scenario,2026-03-20,ngfs-phase5-world-electricity-2020-2100.json + ngfs-phase5-world-electricity-demand-2020-2100.json
DS-NGFS-PHASE5.1,SRC-NGFS-PHASE5.1,scenario,REMIND-MAgPIE 3.3-4.8,Nationally Determined Contributions (NDCs),NGFS Phase 5.1,World,World,world,2040,electricity_generation,total,all_sources,secondary_energy_electricity_generation,51960.004444444,TWh,point,187.056016,EJ/yr,Secondary Energy|Electricity,conditional_scenario_not_forecast,2026-03-20,ngfs-phase5-world-electricity-2020-2100.json
DS-NGFS-PHASE5.1,SRC-NGFS-PHASE5.1,scenario,REMIND-MAgPIE 3.3-4.8,Nationally Determined Contributions (NDCs),NGFS Phase 5.1,World,World,world,2040,final_electricity_consumption,total,all_end_uses,final_energy_electricity_consumption,45969.487888889,TWh,point,165.4901564,EJ_per_year,Final Energy|Electricity,conditional_scenario_not_forecast,2026-03-20,ngfs-phase5-world-electricity-demand-2020-2100.json
DS-NGFS-PHASE5.1,SRC-NGFS-PHASE5.1,scenario,REMIND-MAgPIE 3.3-4.8,Nationally Determined Contributions (NDCs),NGFS Phase 5.1,World,World,world,2040,generation_minus_final_consumption,total,accounting_gap,secondary_generation_minus_final_consumption; includes_model_specific_grid_loss_own_use_and_accounting_effects; not_technical_transmission_loss,5990.516555555,TWh,derived_point,5990.516555555,TWh_derived,Secondary Energy|Electricity - Final Energy|Electricity,derived_from_conditional_scenario,2026-03-20,ngfs-phase5-world-electricity-2020-2100.json + ngfs-phase5-world-electricity-demand-2020-2100.json
DS-NGFS-PHASE5.1,SRC-NGFS-PHASE5.1,scenario,REMIND-MAgPIE 3.3-4.8,Nationally Determined Contributions (NDCs),NGFS Phase 5.1,World,World,world,2045,electricity_generation,total,all_sources,secondary_energy_electricity_generation,57781.134222222,TWh,point,208.0120832,EJ/yr,Secondary Energy|Electricity,conditional_scenario_not_forecast,2026-03-20,ngfs-phase5-world-electricity-2020-2100.json
DS-NGFS-PHASE5.1,SRC-NGFS-PHASE5.1,scenario,REMIND-MAgPIE 3.3-4.8,Nationally Determined Contributions (NDCs),NGFS Phase 5.1,World,World,world,2045,final_electricity_consumption,total,all_end_uses,final_energy_electricity_consumption,50982.470277778,TWh,point,183.536893,EJ_per_year,Final Energy|Electricity,conditional_scenario_not_forecast,2026-03-20,ngfs-phase5-world-electricity-demand-2020-2100.json
DS-NGFS-PHASE5.1,SRC-NGFS-PHASE5.1,scenario,REMIND-MAgPIE 3.3-4.8,Nationally Determined Contributions (NDCs),NGFS Phase 5.1,World,World,world,2045,generation_minus_final_consumption,total,accounting_gap,secondary_generation_minus_final_consumption; includes_model_specific_grid_loss_own_use_and_accounting_effects; not_technical_transmission_loss,6798.663944444,TWh,derived_point,6798.663944444,TWh_derived,Secondary Energy|Electricity - Final Energy|Electricity,derived_from_conditional_scenario,2026-03-20,ngfs-phase5-world-electricity-2020-2100.json + ngfs-phase5-world-electricity-demand-2020-2100.json
DS-NGFS-PHASE5.1,SRC-NGFS-PHASE5.1,scenario,REMIND-MAgPIE 3.3-4.8,Nationally Determined Contributions (NDCs),NGFS Phase 5.1,World,World,world,2050,electricity_generation,total,all_sources,secondary_energy_electricity_generation,62990.523083333,TWh,point,226.7658831,EJ/yr,Secondary Energy|Electricity,conditional_scenario_not_forecast,2026-03-20,ngfs-phase5-world-electricity-2020-2100.json
DS-NGFS-PHASE5.1,SRC-NGFS-PHASE5.1,scenario,REMIND-MAgPIE 3.3-4.8,Nationally Determined Contributions (NDCs),NGFS Phase 5.1,World,World,world,2050,final_electricity_consumption,total,all_end_uses,final_energy_electricity_consumption,55309.60125,TWh,point,199.1145645,EJ_per_year,Final Energy|Electricity,conditional_scenario_not_forecast,2026-03-20,ngfs-phase5-world-electricity-demand-2020-2100.json
DS-NGFS-PHASE5.1,SRC-NGFS-PHASE5.1,scenario,REMIND-MAgPIE 3.3-4.8,Nationally Determined Contributions (NDCs),NGFS Phase 5.1,World,World,world,2050,generation_minus_final_consumption,total,accounting_gap,secondary_generation_minus_final_consumption; includes_model_specific_grid_loss_own_use_and_accounting_effects; not_technical_transmission_loss,7680.921833333,TWh,derived_point,7680.921833333,TWh_derived,Secondary Energy|Electricity - Final Energy|Electricity,derived_from_conditional_scenario,2026-03-20,ngfs-phase5-world-electricity-2020-2100.json + ngfs-phase5-world-electricity-demand-2020-2100.json
DS-NGFS-PHASE5.1,SRC-NGFS-PHASE5.1,scenario,REMIND-MAgPIE 3.3-4.8,Nationally Determined Contributions (NDCs),NGFS Phase 5.1,World,World,world,2055,electricity_generation,total,all_sources,secondary_energy_electricity_generation,67893.703527778,TWh,point,244.4173327,EJ/yr,Secondary Energy|Electricity,conditional_scenario_not_forecast,2026-03-20,ngfs-phase5-world-electricity-2020-2100.json
DS-NGFS-PHASE5.1,SRC-NGFS-PHASE5.1,scenario,REMIND-MAgPIE 3.3-4.8,Nationally Determined Contributions (NDCs),NGFS Phase 5.1,World,World,world,2055,final_electricity_consumption,total,all_end_uses,final_energy_electricity_consumption,58871.198388889,TWh,point,211.9363142,EJ_per_year,Final Energy|Electricity,conditional_scenario_not_forecast,2026-03-20,ngfs-phase5-world-electricity-demand-2020-2100.json
DS-NGFS-PHASE5.1,SRC-NGFS-PHASE5.1,scenario,REMIND-MAgPIE 3.3-4.8,Nationally Determined Contributions (NDCs),NGFS Phase 5.1,World,World,world,2055,generation_minus_final_consumption,total,accounting_gap,secondary_generation_minus_final_consumption; includes_model_specific_grid_loss_own_use_and_accounting_effects; not_technical_transmission_loss,9022.505138889,TWh,derived_point,9022.505138889,TWh_derived,Secondary Energy|Electricity - Final Energy|Electricity,derived_from_conditional_scenario,2026-03-20,ngfs-phase5-world-electricity-2020-2100.json + ngfs-phase5-world-electricity-demand-2020-2100.json
DS-NGFS-PHASE5.1,SRC-NGFS-PHASE5.1,scenario,REMIND-MAgPIE 3.3-4.8,Nationally Determined Contributions (NDCs),NGFS Phase 5.1,World,World,world,2060,electricity_generation,total,all_sources,secondary_energy_electricity_generation,75270.24025,TWh,point,270.9728649,EJ/yr,Secondary Energy|Electricity,conditional_scenario_not_forecast,2026-03-20,ngfs-phase5-world-electricity-2020-2100.json
DS-NGFS-PHASE5.1,SRC-NGFS-PHASE5.1,scenario,REMIND-MAgPIE 3.3-4.8,Nationally Determined Contributions (NDCs),NGFS Phase 5.1,World,World,world,2060,final_electricity_consumption,total,all_end_uses,final_energy_electricity_consumption,63681.050777778,TWh,point,229.2517828,EJ_per_year,Final Energy|Electricity,conditional_scenario_not_forecast,2026-03-20,ngfs-phase5-world-electricity-demand-2020-2100.json
DS-NGFS-PHASE5.1,SRC-NGFS-PHASE5.1,scenario,REMIND-MAgPIE 3.3-4.8,Nationally Determined Contributions (NDCs),NGFS Phase 5.1,World,World,world,2060,generation_minus_final_consumption,total,accounting_gap,secondary_generation_minus_final_consumption; includes_model_specific_grid_loss_own_use_and_accounting_effects; not_technical_transmission_loss,11589.189472222,TWh,derived_point,11589.189472222,TWh_derived,Secondary Energy|Electricity - Final Energy|Electricity,derived_from_conditional_scenario,2026-03-20,ngfs-phase5-world-electricity-2020-2100.json + ngfs-phase5-world-electricity-demand-2020-2100.json
DS-NGFS-PHASE5.1,SRC-NGFS-PHASE5.1,scenario,REMIND-MAgPIE 3.3-4.8,Nationally Determined Contributions (NDCs),NGFS Phase 5.1,World,World,world,2070,electricity_generation,total,all_sources,secondary_energy_electricity_generation,83048.179805556,TWh,point,298.9734473,EJ/yr,Secondary Energy|Electricity,conditional_scenario_not_forecast,2026-03-20,ngfs-phase5-world-electricity-2020-2100.json
DS-NGFS-PHASE5.1,SRC-NGFS-PHASE5.1,scenario,REMIND-MAgPIE 3.3-4.8,Nationally Determined Contributions (NDCs),NGFS Phase 5.1,World,World,world,2070,final_electricity_consumption,total,all_end_uses,final_energy_electricity_consumption,69178.69575,TWh,point,249.0433047,EJ_per_year,Final Energy|Electricity,conditional_scenario_not_forecast,2026-03-20,ngfs-phase5-world-electricity-demand-2020-2100.json
DS-NGFS-PHASE5.1,SRC-NGFS-PHASE5.1,scenario,REMIND-MAgPIE 3.3-4.8,Nationally Determined Contributions (NDCs),NGFS Phase 5.1,World,World,world,2070,generation_minus_final_consumption,total,accounting_gap,secondary_generation_minus_final_consumption; includes_model_specific_grid_loss_own_use_and_accounting_effects; not_technical_transmission_loss,13869.484055556,TWh,derived_point,13869.484055556,TWh_derived,Secondary Energy|Electricity - Final Energy|Electricity,derived_from_conditional_scenario,2026-03-20,ngfs-phase5-world-electricity-2020-2100.json + ngfs-phase5-world-electricity-demand-2020-2100.json
DS-NGFS-PHASE5.1,SRC-NGFS-PHASE5.1,scenario,REMIND-MAgPIE 3.3-4.8,Nationally Determined Contributions (NDCs),NGFS Phase 5.1,World,World,world,2080,electricity_generation,total,all_sources,secondary_energy_electricity_generation,93528.08475,TWh,point,336.7011051,EJ/yr,Secondary Energy|Electricity,conditional_scenario_not_forecast,2026-03-20,ngfs-phase5-world-electricity-2020-2100.json
DS-NGFS-PHASE5.1,SRC-NGFS-PHASE5.1,scenario,REMIND-MAgPIE 3.3-4.8,Nationally Determined Contributions (NDCs),NGFS Phase 5.1,World,World,world,2080,final_electricity_consumption,total,all_end_uses,final_energy_electricity_consumption,77362.500638889,TWh,point,278.5050023,EJ_per_year,Final Energy|Electricity,conditional_scenario_not_forecast,2026-03-20,ngfs-phase5-world-electricity-demand-2020-2100.json
DS-NGFS-PHASE5.1,SRC-NGFS-PHASE5.1,scenario,REMIND-MAgPIE 3.3-4.8,Nationally Determined Contributions (NDCs),NGFS Phase 5.1,World,World,world,2080,generation_minus_final_consumption,total,accounting_gap,secondary_generation_minus_final_consumption; includes_model_specific_grid_loss_own_use_and_accounting_effects; not_technical_transmission_loss,16165.584111111,TWh,derived_point,16165.584111111,TWh_derived,Secondary Energy|Electricity - Final Energy|Electricity,derived_from_conditional_scenario,2026-03-20,ngfs-phase5-world-electricity-2020-2100.json + ngfs-phase5-world-electricity-demand-2020-2100.json
DS-NGFS-PHASE5.1,SRC-NGFS-PHASE5.1,scenario,REMIND-MAgPIE 3.3-4.8,Nationally Determined Contributions (NDCs),NGFS Phase 5.1,World,World,world,2090,electricity_generation,total,all_sources,secondary_energy_electricity_generation,102597.482666667,TWh,point,369.3509376,EJ/yr,Secondary Energy|Electricity,conditional_scenario_not_forecast,2026-03-20,ngfs-phase5-world-electricity-2020-2100.json
DS-NGFS-PHASE5.1,SRC-NGFS-PHASE5.1,scenario,REMIND-MAgPIE 3.3-4.8,Nationally Determined Contributions (NDCs),NGFS Phase 5.1,World,World,world,2090,final_electricity_consumption,total,all_end_uses,final_energy_electricity_consumption,83326.347583333,TWh,point,299.9748513,EJ_per_year,Final Energy|Electricity,conditional_scenario_not_forecast,2026-03-20,ngfs-phase5-world-electricity-demand-2020-2100.json
DS-NGFS-PHASE5.1,SRC-NGFS-PHASE5.1,scenario,REMIND-MAgPIE 3.3-4.8,Nationally Determined Contributions (NDCs),NGFS Phase 5.1,World,World,world,2090,generation_minus_final_consumption,total,accounting_gap,secondary_generation_minus_final_consumption; includes_model_specific_grid_loss_own_use_and_accounting_effects; not_technical_transmission_loss,19271.135083334,TWh,derived_point,19271.135083334,TWh_derived,Secondary Energy|Electricity - Final Energy|Electricity,derived_from_conditional_scenario,2026-03-20,ngfs-phase5-world-electricity-2020-2100.json + ngfs-phase5-world-electricity-demand-2020-2100.json
DS-NGFS-PHASE5.1,SRC-NGFS-PHASE5.1,scenario,REMIND-MAgPIE 3.3-4.8,Nationally Determined Contributions (NDCs),NGFS Phase 5.1,World,World,world,2100,electricity_generation,total,all_sources,secondary_energy_electricity_generation,107930.850166667,TWh,point,388.5510606,EJ/yr,Secondary Energy|Electricity,conditional_scenario_not_forecast,2026-03-20,ngfs-phase5-world-electricity-2020-2100.json
DS-NGFS-PHASE5.1,SRC-NGFS-PHASE5.1,scenario,REMIND-MAgPIE 3.3-4.8,Nationally Determined Contributions (NDCs),NGFS Phase 5.1,World,World,world,2100,final_electricity_consumption,total,all_end_uses,final_energy_electricity_consumption,85467.462388889,TWh,point,307.6828646,EJ_per_year,Final Energy|Electricity,conditional_scenario_not_forecast,2026-03-20,ngfs-phase5-world-electricity-demand-2020-2100.json
DS-NGFS-PHASE5.1,SRC-NGFS-PHASE5.1,scenario,REMIND-MAgPIE 3.3-4.8,Nationally Determined Contributions (NDCs),NGFS Phase 5.1,World,World,world,2100,generation_minus_final_consumption,total,accounting_gap,secondary_generation_minus_final_consumption; includes_model_specific_grid_loss_own_use_and_accounting_effects; not_technical_transmission_loss,22463.387777778,TWh,derived_point,22463.387777778,TWh_derived,Secondary Energy|Electricity - Final Energy|Electricity,derived_from_conditional_scenario,2026-03-20,ngfs-phase5-world-electricity-2020-2100.json + ngfs-phase5-world-electricity-demand-2020-2100.json
DS-NGFS-PHASE5.1,SRC-NGFS-PHASE5.1,scenario,REMIND-MAgPIE 3.3-4.8,Net Zero 2050,NGFS Phase 5.1,World,World,world,2020,electricity_generation,total,all_sources,secondary_energy_electricity_generation,28364.417555556,TWh,point,102.1119032,EJ/yr,Secondary Energy|Electricity,conditional_scenario_not_forecast,2026-03-20,ngfs-phase5-world-electricity-2020-2100.json
DS-NGFS-PHASE5.1,SRC-NGFS-PHASE5.1,scenario,REMIND-MAgPIE 3.3-4.8,Net Zero 2050,NGFS Phase 5.1,World,World,world,2020,final_electricity_consumption,total,all_end_uses,final_energy_electricity_consumption,23794.961277778,TWh,point,85.6618606,EJ_per_year,Final Energy|Electricity,conditional_scenario_not_forecast,2026-03-20,ngfs-phase5-world-electricity-demand-2020-2100.json
DS-NGFS-PHASE5.1,SRC-NGFS-PHASE5.1,scenario,REMIND-MAgPIE 3.3-4.8,Net Zero 2050,NGFS Phase 5.1,World,World,world,2020,generation_minus_final_consumption,total,accounting_gap,secondary_generation_minus_final_consumption; includes_model_specific_grid_loss_own_use_and_accounting_effects; not_technical_transmission_loss,4569.456277778,TWh,derived_point,4569.456277778,TWh_derived,Secondary Energy|Electricity - Final Energy|Electricity,derived_from_conditional_scenario,2026-03-20,ngfs-phase5-world-electricity-2020-2100.json + ngfs-phase5-world-electricity-demand-2020-2100.json
DS-NGFS-PHASE5.1,SRC-NGFS-PHASE5.1,scenario,REMIND-MAgPIE 3.3-4.8,Net Zero 2050,NGFS Phase 5.1,World,World,world,2025,electricity_generation,total,all_sources,secondary_energy_electricity_generation,32962.421138889,TWh,point,118.6647161,EJ/yr,Secondary Energy|Electricity,conditional_scenario_not_forecast,2026-03-20,ngfs-phase5-world-electricity-2020-2100.json
DS-NGFS-PHASE5.1,SRC-NGFS-PHASE5.1,scenario,REMIND-MAgPIE 3.3-4.8,Net Zero 2050,NGFS Phase 5.1,World,World,world,2025,final_electricity_consumption,total,all_end_uses,final_energy_electricity_consumption,28075.395527778,TWh,point,101.0714239,EJ_per_year,Final Energy|Electricity,conditional_scenario_not_forecast,2026-03-20,ngfs-phase5-world-electricity-demand-2020-2100.json
DS-NGFS-PHASE5.1,SRC-NGFS-PHASE5.1,scenario,REMIND-MAgPIE 3.3-4.8,Net Zero 2050,NGFS Phase 5.1,World,World,world,2025,generation_minus_final_consumption,total,accounting_gap,secondary_generation_minus_final_consumption; includes_model_specific_grid_loss_own_use_and_accounting_effects; not_technical_transmission_loss,4887.025611111,TWh,derived_point,4887.025611111,TWh_derived,Secondary Energy|Electricity - Final Energy|Electricity,derived_from_conditional_scenario,2026-03-20,ngfs-phase5-world-electricity-2020-2100.json + ngfs-phase5-world-electricity-demand-2020-2100.json
DS-NGFS-PHASE5.1,SRC-NGFS-PHASE5.1,scenario,REMIND-MAgPIE 3.3-4.8,Net Zero 2050,NGFS Phase 5.1,World,World,world,2030,electricity_generation,total,all_sources,secondary_energy_electricity_generation,38067.457777778,TWh,point,137.042848,EJ/yr,Secondary Energy|Electricity,conditional_scenario_not_forecast,2026-03-20,ngfs-phase5-world-electricity-2020-2100.json
DS-NGFS-PHASE5.1,SRC-NGFS-PHASE5.1,scenario,REMIND-MAgPIE 3.3-4.8,Net Zero 2050,NGFS Phase 5.1,World,World,world,2030,final_electricity_consumption,total,all_end_uses,final_energy_electricity_consumption,32722.759083333,TWh,point,117.8019327,EJ_per_year,Final Energy|Electricity,conditional_scenario_not_forecast,2026-03-20,ngfs-phase5-world-electricity-demand-2020-2100.json
DS-NGFS-PHASE5.1,SRC-NGFS-PHASE5.1,scenario,REMIND-MAgPIE 3.3-4.8,Net Zero 2050,NGFS Phase 5.1,World,World,world,2030,generation_minus_final_consumption,total,accounting_gap,secondary_generation_minus_final_consumption; includes_model_specific_grid_loss_own_use_and_accounting_effects; not_technical_transmission_loss,5344.698694445,TWh,derived_point,5344.698694445,TWh_derived,Secondary Energy|Electricity - Final Energy|Electricity,derived_from_conditional_scenario,2026-03-20,ngfs-phase5-world-electricity-2020-2100.json + ngfs-phase5-world-electricity-demand-2020-2100.json
DS-NGFS-PHASE5.1,SRC-NGFS-PHASE5.1,scenario,REMIND-MAgPIE 3.3-4.8,Net Zero 2050,NGFS Phase 5.1,World,World,world,2035,electricity_generation,total,all_sources,secondary_energy_electricity_generation,47929.871777778,TWh,point,172.5475384,EJ/yr,Secondary Energy|Electricity,conditional_scenario_not_forecast,2026-03-20,ngfs-phase5-world-electricity-2020-2100.json
DS-NGFS-PHASE5.1,SRC-NGFS-PHASE5.1,scenario,REMIND-MAgPIE 3.3-4.8,Net Zero 2050,NGFS Phase 5.1,World,World,world,2035,final_electricity_consumption,total,all_end_uses,final_energy_electricity_consumption,40771.790972222,TWh,point,146.7784475,EJ_per_year,Final Energy|Electricity,conditional_scenario_not_forecast,2026-03-20,ngfs-phase5-world-electricity-demand-2020-2100.json
DS-NGFS-PHASE5.1,SRC-NGFS-PHASE5.1,scenario,REMIND-MAgPIE 3.3-4.8,Net Zero 2050,NGFS Phase 5.1,World,World,world,2035,generation_minus_final_consumption,total,accounting_gap,secondary_generation_minus_final_consumption; includes_model_specific_grid_loss_own_use_and_accounting_effects; not_technical_transmission_loss,7158.080805556,TWh,derived_point,7158.080805556,TWh_derived,Secondary Energy|Electricity - Final Energy|Electricity,derived_from_conditional_scenario,2026-03-20,ngfs-phase5-world-electricity-2020-2100.json + ngfs-phase5-world-electricity-demand-2020-2100.json
DS-NGFS-PHASE5.1,SRC-NGFS-PHASE5.1,scenario,REMIND-MAgPIE 3.3-4.8,Net Zero 2050,NGFS Phase 5.1,World,World,world,2040,electricity_generation,total,all_sources,secondary_energy_electricity_generation,59544.53325,TWh,point,214.3603197,EJ/yr,Secondary Energy|Electricity,conditional_scenario_not_forecast,2026-03-20,ngfs-phase5-world-electricity-2020-2100.json
DS-NGFS-PHASE5.1,SRC-NGFS-PHASE5.1,scenario,REMIND-MAgPIE 3.3-4.8,Net Zero 2050,NGFS Phase 5.1,World,World,world,2040,final_electricity_consumption,total,all_end_uses,final_energy_electricity_consumption,49794.077722222,TWh,point,179.2586798,EJ_per_year,Final Energy|Electricity,conditional_scenario_not_forecast,2026-03-20,ngfs-phase5-world-electricity-demand-2020-2100.json
DS-NGFS-PHASE5.1,SRC-NGFS-PHASE5.1,scenario,REMIND-MAgPIE 3.3-4.8,Net Zero 2050,NGFS Phase 5.1,World,World,world,2040,generation_minus_final_consumption,total,accounting_gap,secondary_generation_minus_final_consumption; includes_model_specific_grid_loss_own_use_and_accounting_effects; not_technical_transmission_loss,9750.455527778,TWh,derived_point,9750.455527778,TWh_derived,Secondary Energy|Electricity - Final Energy|Electricity,derived_from_conditional_scenario,2026-03-20,ngfs-phase5-world-electricity-2020-2100.json + ngfs-phase5-world-electricity-demand-2020-2100.json
DS-NGFS-PHASE5.1,SRC-NGFS-PHASE5.1,scenario,REMIND-MAgPIE 3.3-4.8,Net Zero 2050,NGFS Phase 5.1,World,World,world,2045,electricity_generation,total,all_sources,secondary_energy_electricity_generation,68545.846777778,TWh,point,246.7650484,EJ/yr,Secondary Energy|Electricity,conditional_scenario_not_forecast,2026-03-20,ngfs-phase5-world-electricity-2020-2100.json
DS-NGFS-PHASE5.1,SRC-NGFS-PHASE5.1,scenario,REMIND-MAgPIE 3.3-4.8,Net Zero 2050,NGFS Phase 5.1,World,World,world,2045,final_electricity_consumption,total,all_end_uses,final_energy_electricity_consumption,56659.658666667,TWh,point,203.9747712,EJ_per_year,Final Energy|Electricity,conditional_scenario_not_forecast,2026-03-20,ngfs-phase5-world-electricity-demand-2020-2100.json
DS-NGFS-PHASE5.1,SRC-NGFS-PHASE5.1,scenario,REMIND-MAgPIE 3.3-4.8,Net Zero 2050,NGFS Phase 5.1,World,World,world,2045,generation_minus_final_consumption,total,accounting_gap,secondary_generation_minus_final_consumption; includes_model_specific_grid_loss_own_use_and_accounting_effects; not_technical_transmission_loss,11886.188111111,TWh,derived_point,11886.188111111,TWh_derived,Secondary Energy|Electricity - Final Energy|Electricity,derived_from_conditional_scenario,2026-03-20,ngfs-phase5-world-electricity-2020-2100.json + ngfs-phase5-world-electricity-demand-2020-2100.json
DS-NGFS-PHASE5.1,SRC-NGFS-PHASE5.1,scenario,REMIND-MAgPIE 3.3-4.8,Net Zero 2050,NGFS Phase 5.1,World,World,world,2050,electricity_generation,total,all_sources,secondary_energy_electricity_generation,74989.235222222,TWh,point,269.9612468,EJ/yr,Secondary Energy|Electricity,conditional_scenario_not_forecast,2026-03-20,ngfs-phase5-world-electricity-2020-2100.json
DS-NGFS-PHASE5.1,SRC-NGFS-PHASE5.1,scenario,REMIND-MAgPIE 3.3-4.8,Net Zero 2050,NGFS Phase 5.1,World,World,world,2050,final_electricity_consumption,total,all_end_uses,final_energy_electricity_consumption,61253.853027778,TWh,point,220.5138709,EJ_per_year,Final Energy|Electricity,conditional_scenario_not_forecast,2026-03-20,ngfs-phase5-world-electricity-demand-2020-2100.json
DS-NGFS-PHASE5.1,SRC-NGFS-PHASE5.1,scenario,REMIND-MAgPIE 3.3-4.8,Net Zero 2050,NGFS Phase 5.1,World,World,world,2050,generation_minus_final_consumption,total,accounting_gap,secondary_generation_minus_final_consumption; includes_model_specific_grid_loss_own_use_and_accounting_effects; not_technical_transmission_loss,13735.382194444,TWh,derived_point,13735.382194444,TWh_derived,Secondary Energy|Electricity - Final Energy|Electricity,derived_from_conditional_scenario,2026-03-20,ngfs-phase5-world-electricity-2020-2100.json + ngfs-phase5-world-electricity-demand-2020-2100.json
DS-NGFS-PHASE5.1,SRC-NGFS-PHASE5.1,scenario,REMIND-MAgPIE 3.3-4.8,Net Zero 2050,NGFS Phase 5.1,World,World,world,2055,electricity_generation,total,all_sources,secondary_energy_electricity_generation,79683.686305556,TWh,point,286.8612707,EJ/yr,Secondary Energy|Electricity,conditional_scenario_not_forecast,2026-03-20,ngfs-phase5-world-electricity-2020-2100.json
DS-NGFS-PHASE5.1,SRC-NGFS-PHASE5.1,scenario,REMIND-MAgPIE 3.3-4.8,Net Zero 2050,NGFS Phase 5.1,World,World,world,2055,final_electricity_consumption,total,all_end_uses,final_energy_electricity_consumption,63780.6015,TWh,point,229.6101654,EJ_per_year,Final Energy|Electricity,conditional_scenario_not_forecast,2026-03-20,ngfs-phase5-world-electricity-demand-2020-2100.json
DS-NGFS-PHASE5.1,SRC-NGFS-PHASE5.1,scenario,REMIND-MAgPIE 3.3-4.8,Net Zero 2050,NGFS Phase 5.1,World,World,world,2055,generation_minus_final_consumption,total,accounting_gap,secondary_generation_minus_final_consumption; includes_model_specific_grid_loss_own_use_and_accounting_effects; not_technical_transmission_loss,15903.084805556,TWh,derived_point,15903.084805556,TWh_derived,Secondary Energy|Electricity - Final Energy|Electricity,derived_from_conditional_scenario,2026-03-20,ngfs-phase5-world-electricity-2020-2100.json + ngfs-phase5-world-electricity-demand-2020-2100.json
DS-NGFS-PHASE5.1,SRC-NGFS-PHASE5.1,scenario,REMIND-MAgPIE 3.3-4.8,Net Zero 2050,NGFS Phase 5.1,World,World,world,2060,electricity_generation,total,all_sources,secondary_energy_electricity_generation,87631.250222222,TWh,point,315.4725008,EJ/yr,Secondary Energy|Electricity,conditional_scenario_not_forecast,2026-03-20,ngfs-phase5-world-electricity-2020-2100.json
DS-NGFS-PHASE5.1,SRC-NGFS-PHASE5.1,scenario,REMIND-MAgPIE 3.3-4.8,Net Zero 2050,NGFS Phase 5.1,World,World,world,2060,final_electricity_consumption,total,all_end_uses,final_energy_electricity_consumption,67871.072555556,TWh,point,244.3358612,EJ_per_year,Final Energy|Electricity,conditional_scenario_not_forecast,2026-03-20,ngfs-phase5-world-electricity-demand-2020-2100.json
DS-NGFS-PHASE5.1,SRC-NGFS-PHASE5.1,scenario,REMIND-MAgPIE 3.3-4.8,Net Zero 2050,NGFS Phase 5.1,World,World,world,2060,generation_minus_final_consumption,total,accounting_gap,secondary_generation_minus_final_consumption; includes_model_specific_grid_loss_own_use_and_accounting_effects; not_technical_transmission_loss,19760.177666666,TWh,derived_point,19760.177666666,TWh_derived,Secondary Energy|Electricity - Final Energy|Electricity,derived_from_conditional_scenario,2026-03-20,ngfs-phase5-world-electricity-2020-2100.json + ngfs-phase5-world-electricity-demand-2020-2100.json
DS-NGFS-PHASE5.1,SRC-NGFS-PHASE5.1,scenario,REMIND-MAgPIE 3.3-4.8,Net Zero 2050,NGFS Phase 5.1,World,World,world,2070,electricity_generation,total,all_sources,secondary_energy_electricity_generation,95126.395388889,TWh,point,342.4550234,EJ/yr,Secondary Energy|Electricity,conditional_scenario_not_forecast,2026-03-20,ngfs-phase5-world-electricity-2020-2100.json
DS-NGFS-PHASE5.1,SRC-NGFS-PHASE5.1,scenario,REMIND-MAgPIE 3.3-4.8,Net Zero 2050,NGFS Phase 5.1,World,World,world,2070,final_electricity_consumption,total,all_end_uses,final_energy_electricity_consumption,73116.322861111,TWh,point,263.2187623,EJ_per_year,Final Energy|Electricity,conditional_scenario_not_forecast,2026-03-20,ngfs-phase5-world-electricity-demand-2020-2100.json
DS-NGFS-PHASE5.1,SRC-NGFS-PHASE5.1,scenario,REMIND-MAgPIE 3.3-4.8,Net Zero 2050,NGFS Phase 5.1,World,World,world,2070,generation_minus_final_consumption,total,accounting_gap,secondary_generation_minus_final_consumption; includes_model_specific_grid_loss_own_use_and_accounting_effects; not_technical_transmission_loss,22010.072527778,TWh,derived_point,22010.072527778,TWh_derived,Secondary Energy|Electricity - Final Energy|Electricity,derived_from_conditional_scenario,2026-03-20,ngfs-phase5-world-electricity-2020-2100.json + ngfs-phase5-world-electricity-demand-2020-2100.json
DS-NGFS-PHASE5.1,SRC-NGFS-PHASE5.1,scenario,REMIND-MAgPIE 3.3-4.8,Net Zero 2050,NGFS Phase 5.1,World,World,world,2080,electricity_generation,total,all_sources,secondary_energy_electricity_generation,106990.755666667,TWh,point,385.1667204,EJ/yr,Secondary Energy|Electricity,conditional_scenario_not_forecast,2026-03-20,ngfs-phase5-world-electricity-2020-2100.json
DS-NGFS-PHASE5.1,SRC-NGFS-PHASE5.1,scenario,REMIND-MAgPIE 3.3-4.8,Net Zero 2050,NGFS Phase 5.1,World,World,world,2080,final_electricity_consumption,total,all_end_uses,final_energy_electricity_consumption,81592.040888889,TWh,point,293.7313472,EJ_per_year,Final Energy|Electricity,conditional_scenario_not_forecast,2026-03-20,ngfs-phase5-world-electricity-demand-2020-2100.json
DS-NGFS-PHASE5.1,SRC-NGFS-PHASE5.1,scenario,REMIND-MAgPIE 3.3-4.8,Net Zero 2050,NGFS Phase 5.1,World,World,world,2080,generation_minus_final_consumption,total,accounting_gap,secondary_generation_minus_final_consumption; includes_model_specific_grid_loss_own_use_and_accounting_effects; not_technical_transmission_loss,25398.714777778,TWh,derived_point,25398.714777778,TWh_derived,Secondary Energy|Electricity - Final Energy|Electricity,derived_from_conditional_scenario,2026-03-20,ngfs-phase5-world-electricity-2020-2100.json + ngfs-phase5-world-electricity-demand-2020-2100.json
DS-NGFS-PHASE5.1,SRC-NGFS-PHASE5.1,scenario,REMIND-MAgPIE 3.3-4.8,Net Zero 2050,NGFS Phase 5.1,World,World,world,2090,electricity_generation,total,all_sources,secondary_energy_electricity_generation,117003.615722222,TWh,point,421.2130166,EJ/yr,Secondary Energy|Electricity,conditional_scenario_not_forecast,2026-03-20,ngfs-phase5-world-electricity-2020-2100.json
DS-NGFS-PHASE5.1,SRC-NGFS-PHASE5.1,scenario,REMIND-MAgPIE 3.3-4.8,Net Zero 2050,NGFS Phase 5.1,World,World,world,2090,final_electricity_consumption,total,all_end_uses,final_energy_electricity_consumption,88182.510805556,TWh,point,317.4570389,EJ_per_year,Final Energy|Electricity,conditional_scenario_not_forecast,2026-03-20,ngfs-phase5-world-electricity-demand-2020-2100.json
DS-NGFS-PHASE5.1,SRC-NGFS-PHASE5.1,scenario,REMIND-MAgPIE 3.3-4.8,Net Zero 2050,NGFS Phase 5.1,World,World,world,2090,generation_minus_final_consumption,total,accounting_gap,secondary_generation_minus_final_consumption; includes_model_specific_grid_loss_own_use_and_accounting_effects; not_technical_transmission_loss,28821.104916666,TWh,derived_point,28821.104916666,TWh_derived,Secondary Energy|Electricity - Final Energy|Electricity,derived_from_conditional_scenario,2026-03-20,ngfs-phase5-world-electricity-2020-2100.json + ngfs-phase5-world-electricity-demand-2020-2100.json
DS-NGFS-PHASE5.1,SRC-NGFS-PHASE5.1,scenario,REMIND-MAgPIE 3.3-4.8,Net Zero 2050,NGFS Phase 5.1,World,World,world,2100,electricity_generation,total,all_sources,secondary_energy_electricity_generation,123192.733277778,TWh,point,443.4938398,EJ/yr,Secondary Energy|Electricity,conditional_scenario_not_forecast,2026-03-20,ngfs-phase5-world-electricity-2020-2100.json
DS-NGFS-PHASE5.1,SRC-NGFS-PHASE5.1,scenario,REMIND-MAgPIE 3.3-4.8,Net Zero 2050,NGFS Phase 5.1,World,World,world,2100,final_electricity_consumption,total,all_end_uses,final_energy_electricity_consumption,90859.307888889,TWh,point,327.0935084,EJ_per_year,Final Energy|Electricity,conditional_scenario_not_forecast,2026-03-20,ngfs-phase5-world-electricity-demand-2020-2100.json
DS-NGFS-PHASE5.1,SRC-NGFS-PHASE5.1,scenario,REMIND-MAgPIE 3.3-4.8,Net Zero 2050,NGFS Phase 5.1,World,World,world,2100,generation_minus_final_consumption,total,accounting_gap,secondary_generation_minus_final_consumption; includes_model_specific_grid_loss_own_use_and_accounting_effects; not_technical_transmission_loss,32333.425388889,TWh,derived_point,32333.425388889,TWh_derived,Secondary Energy|Electricity - Final Energy|Electricity,derived_from_conditional_scenario,2026-03-20,ngfs-phase5-world-electricity-2020-2100.json + ngfs-phase5-world-electricity-demand-2020-2100.json
