dataset_id,source_id,record_type,model,scenario,scenario_family,geography,geography_code,region_level,year,metric,sector,end_use,accounting_scope,value,unit,value_semantics,source_value,source_unit,source_variable,upstream_status,source_vintage,source_file
DS-EIA-MER-7.6,SRC-EIA-MER-7.6,historical,,,,United States,USA,country,1949,electricity_sales,commercial,all_end_uses,sales_to_ultimate_customers,58.647204,TWh,point,58647.204,million_kWh,ESCCPUS,reported,2026-07,eia-mer-table-7.6.csv
DS-EIA-MER-7.6,SRC-EIA-MER-7.6,historical,,,,United States,USA,country,1949,electricity_sales,industrial,all_end_uses,sales_to_ultimate_customers,122.590923,TWh,point,122590.923,million_kWh,ESICPUS,reported,2026-07,eia-mer-table-7.6.csv
DS-EIA-MER-7.6,SRC-EIA-MER-7.6,historical,,,,United States,USA,country,1949,electricity_sales,residential,all_end_uses,sales_to_ultimate_customers,66.791968,TWh,point,66791.968,million_kWh,ESRCPUS,reported,2026-07,eia-mer-table-7.6.csv
DS-EIA-MER-7.6,SRC-EIA-MER-7.6,historical,,,,United States,USA,country,1949,electricity_sales,total,all_end_uses,sales_to_ultimate_customers,254.511334,TWh,point,254511.334,million_kWh,ESTCPUS,reported,2026-07,eia-mer-table-7.6.csv
DS-EIA-MER-7.6,SRC-EIA-MER-7.6,historical,,,,United States,USA,country,1949,electricity_sales,transportation,all_end_uses,sales_to_ultimate_customers,6.481239,TWh,point,6481.239,million_kWh,ESACPUS,reported,2026-07,eia-mer-table-7.6.csv
DS-EIA-MER-7.6,SRC-EIA-MER-7.6,historical,,,,United States,USA,country,1949,electricity_use,total,all_end_uses,sales_plus_direct_use,254.511334,TWh,point,254511.334,million_kWh,ELTCPUS,reported,2026-07,eia-mer-table-7.6.csv
DS-EIA-MER-7.6,SRC-EIA-MER-7.6,historical,,,,United States,USA,country,1950,electricity_sales,commercial,all_end_uses,sales_to_ultimate_customers,65.971215,TWh,point,65971.215,million_kWh,ESCCPUS,reported,2026-07,eia-mer-table-7.6.csv
DS-EIA-MER-7.6,SRC-EIA-MER-7.6,historical,,,,United States,USA,country,1950,electricity_sales,industrial,all_end_uses,sales_to_ultimate_customers,146.478732,TWh,point,146478.732,million_kWh,ESICPUS,reported,2026-07,eia-mer-table-7.6.csv
DS-EIA-MER-7.6,SRC-EIA-MER-7.6,historical,,,,United States,USA,country,1950,electricity_sales,residential,all_end_uses,sales_to_ultimate_customers,72.20034,TWh,point,72200.34,million_kWh,ESRCPUS,reported,2026-07,eia-mer-table-7.6.csv
DS-EIA-MER-7.6,SRC-EIA-MER-7.6,historical,,,,United States,USA,country,1950,electricity_sales,total,all_end_uses,sales_to_ultimate_customers,291.443326,TWh,point,291443.326,million_kWh,ESTCPUS,reported,2026-07,eia-mer-table-7.6.csv
DS-EIA-MER-7.6,SRC-EIA-MER-7.6,historical,,,,United States,USA,country,1950,electricity_sales,transportation,all_end_uses,sales_to_ultimate_customers,6.793039,TWh,point,6793.039,million_kWh,ESACPUS,reported,2026-07,eia-mer-table-7.6.csv
DS-EIA-MER-7.6,SRC-EIA-MER-7.6,historical,,,,United States,USA,country,1950,electricity_use,total,all_end_uses,sales_plus_direct_use,291.443326,TWh,point,291443.326,million_kWh,ELTCPUS,reported,2026-07,eia-mer-table-7.6.csv
DS-EIA-MER-7.6,SRC-EIA-MER-7.6,historical,,,,United States,USA,country,1951,electricity_sales,commercial,all_end_uses,sales_to_ultimate_customers,73.962588,TWh,point,73962.588,million_kWh,ESCCPUS,reported,2026-07,eia-mer-table-7.6.csv
DS-EIA-MER-7.6,SRC-EIA-MER-7.6,historical,,,,United States,USA,country,1951,electricity_sales,industrial,all_end_uses,sales_to_ultimate_customers,166.16806,TWh,point,166168.06,million_kWh,ESICPUS,reported,2026-07,eia-mer-table-7.6.csv
DS-EIA-MER-7.6,SRC-EIA-MER-7.6,historical,,,,United States,USA,country,1951,electricity_sales,residential,all_end_uses,sales_to_ultimate_customers,83.092821,TWh,point,83092.821,million_kWh,ESRCPUS,reported,2026-07,eia-mer-table-7.6.csv
DS-EIA-MER-7.6,SRC-EIA-MER-7.6,historical,,,,United States,USA,country,1951,electricity_sales,total,all_end_uses,sales_to_ultimate_customers,330.284583,TWh,point,330284.583,million_kWh,ESTCPUS,reported,2026-07,eia-mer-table-7.6.csv
DS-EIA-MER-7.6,SRC-EIA-MER-7.6,historical,,,,United States,USA,country,1951,electricity_sales,transportation,all_end_uses,sales_to_ultimate_customers,7.061114,TWh,point,7061.114,million_kWh,ESACPUS,reported,2026-07,eia-mer-table-7.6.csv
DS-EIA-MER-7.6,SRC-EIA-MER-7.6,historical,,,,United States,USA,country,1951,electricity_use,total,all_end_uses,sales_plus_direct_use,330.284583,TWh,point,330284.583,million_kWh,ELTCPUS,reported,2026-07,eia-mer-table-7.6.csv
DS-EIA-MER-7.6,SRC-EIA-MER-7.6,historical,,,,United States,USA,country,1952,electricity_sales,commercial,all_end_uses,sales_to_ultimate_customers,80.095756,TWh,point,80095.756,million_kWh,ESCCPUS,reported,2026-07,eia-mer-table-7.6.csv
DS-EIA-MER-7.6,SRC-EIA-MER-7.6,historical,,,,United States,USA,country,1952,electricity_sales,industrial,all_end_uses,sales_to_ultimate_customers,176.127494,TWh,point,176127.494,million_kWh,ESICPUS,reported,2026-07,eia-mer-table-7.6.csv
DS-EIA-MER-7.6,SRC-EIA-MER-7.6,historical,,,,United States,USA,country,1952,electricity_sales,residential,all_end_uses,sales_to_ultimate_customers,93.544873,TWh,point,93544.873,million_kWh,ESRCPUS,reported,2026-07,eia-mer-table-7.6.csv
DS-EIA-MER-7.6,SRC-EIA-MER-7.6,historical,,,,United States,USA,country,1952,electricity_sales,total,all_end_uses,sales_to_ultimate_customers,356.16396,TWh,point,356163.96,million_kWh,ESTCPUS,reported,2026-07,eia-mer-table-7.6.csv
DS-EIA-MER-7.6,SRC-EIA-MER-7.6,historical,,,,United States,USA,country,1952,electricity_sales,transportation,all_end_uses,sales_to_ultimate_customers,6.395837,TWh,point,6395.837,million_kWh,ESACPUS,reported,2026-07,eia-mer-table-7.6.csv
DS-EIA-MER-7.6,SRC-EIA-MER-7.6,historical,,,,United States,USA,country,1952,electricity_use,total,all_end_uses,sales_plus_direct_use,356.16396,TWh,point,356163.96,million_kWh,ELTCPUS,reported,2026-07,eia-mer-table-7.6.csv
DS-EIA-MER-7.6,SRC-EIA-MER-7.6,historical,,,,United States,USA,country,1953,electricity_sales,commercial,all_end_uses,sales_to_ultimate_customers,87.02449,TWh,point,87024.49,million_kWh,ESCCPUS,reported,2026-07,eia-mer-table-7.6.csv
DS-EIA-MER-7.6,SRC-EIA-MER-7.6,historical,,,,United States,USA,country,1953,electricity_sales,industrial,all_end_uses,sales_to_ultimate_customers,198.618114,TWh,point,198618.114,million_kWh,ESICPUS,reported,2026-07,eia-mer-table-7.6.csv
DS-EIA-MER-7.6,SRC-EIA-MER-7.6,historical,,,,United States,USA,country,1953,electricity_sales,residential,all_end_uses,sales_to_ultimate_customers,104.14629,TWh,point,104146.29,million_kWh,ESRCPUS,reported,2026-07,eia-mer-table-7.6.csv
DS-EIA-MER-7.6,SRC-EIA-MER-7.6,historical,,,,United States,USA,country,1953,electricity_sales,total,all_end_uses,sales_to_ultimate_customers,396.216896,TWh,point,396216.896,million_kWh,ESTCPUS,reported,2026-07,eia-mer-table-7.6.csv
DS-EIA-MER-7.6,SRC-EIA-MER-7.6,historical,,,,United States,USA,country,1953,electricity_sales,transportation,all_end_uses,sales_to_ultimate_customers,6.428002,TWh,point,6428.002,million_kWh,ESACPUS,reported,2026-07,eia-mer-table-7.6.csv
DS-EIA-MER-7.6,SRC-EIA-MER-7.6,historical,,,,United States,USA,country,1953,electricity_use,total,all_end_uses,sales_plus_direct_use,396.216896,TWh,point,396216.896,million_kWh,ELTCPUS,reported,2026-07,eia-mer-table-7.6.csv
DS-EIA-MER-7.6,SRC-EIA-MER-7.6,historical,,,,United States,USA,country,1954,electricity_sales,commercial,all_end_uses,sales_to_ultimate_customers,93.594893,TWh,point,93594.893,million_kWh,ESCCPUS,reported,2026-07,eia-mer-table-7.6.csv
DS-EIA-MER-7.6,SRC-EIA-MER-7.6,historical,,,,United States,USA,country,1954,electricity_sales,industrial,all_end_uses,sales_to_ultimate_customers,208.464736,TWh,point,208464.736,million_kWh,ESICPUS,reported,2026-07,eia-mer-table-7.6.csv
DS-EIA-MER-7.6,SRC-EIA-MER-7.6,historical,,,,United States,USA,country,1954,electricity_sales,residential,all_end_uses,sales_to_ultimate_customers,116.228286,TWh,point,116228.286,million_kWh,ESRCPUS,reported,2026-07,eia-mer-table-7.6.csv
DS-EIA-MER-7.6,SRC-EIA-MER-7.6,historical,,,,United States,USA,country,1954,electricity_sales,total,all_end_uses,sales_to_ultimate_customers,424.163792,TWh,point,424163.792,million_kWh,ESTCPUS,reported,2026-07,eia-mer-table-7.6.csv
DS-EIA-MER-7.6,SRC-EIA-MER-7.6,historical,,,,United States,USA,country,1954,electricity_sales,transportation,all_end_uses,sales_to_ultimate_customers,5.875877,TWh,point,5875.877,million_kWh,ESACPUS,reported,2026-07,eia-mer-table-7.6.csv
DS-EIA-MER-7.6,SRC-EIA-MER-7.6,historical,,,,United States,USA,country,1954,electricity_use,total,all_end_uses,sales_plus_direct_use,424.163792,TWh,point,424163.792,million_kWh,ELTCPUS,reported,2026-07,eia-mer-table-7.6.csv
DS-EIA-MER-7.6,SRC-EIA-MER-7.6,historical,,,,United States,USA,country,1955,electricity_sales,commercial,all_end_uses,sales_to_ultimate_customers,102.547316,TWh,point,102547.316,million_kWh,ESCCPUS,reported,2026-07,eia-mer-table-7.6.csv
DS-EIA-MER-7.6,SRC-EIA-MER-7.6,historical,,,,United States,USA,country,1955,electricity_sales,industrial,all_end_uses,sales_to_ultimate_customers,259.974388,TWh,point,259974.388,million_kWh,ESICPUS,reported,2026-07,eia-mer-table-7.6.csv
DS-EIA-MER-7.6,SRC-EIA-MER-7.6,historical,,,,United States,USA,country,1955,electricity_sales,residential,all_end_uses,sales_to_ultimate_customers,128.400614,TWh,point,128400.614,million_kWh,ESRCPUS,reported,2026-07,eia-mer-table-7.6.csv
DS-EIA-MER-7.6,SRC-EIA-MER-7.6,historical,,,,United States,USA,country,1955,electricity_sales,total,all_end_uses,sales_to_ultimate_customers,496.748053,TWh,point,496748.053,million_kWh,ESTCPUS,reported,2026-07,eia-mer-table-7.6.csv
DS-EIA-MER-7.6,SRC-EIA-MER-7.6,historical,,,,United States,USA,country,1955,electricity_sales,transportation,all_end_uses,sales_to_ultimate_customers,5.825735,TWh,point,5825.735,million_kWh,ESACPUS,reported,2026-07,eia-mer-table-7.6.csv
DS-EIA-MER-7.6,SRC-EIA-MER-7.6,historical,,,,United States,USA,country,1955,electricity_use,total,all_end_uses,sales_plus_direct_use,496.748053,TWh,point,496748.053,million_kWh,ELTCPUS,reported,2026-07,eia-mer-table-7.6.csv
DS-EIA-MER-7.6,SRC-EIA-MER-7.6,historical,,,,United States,USA,country,1956,electricity_sales,commercial,all_end_uses,sales_to_ultimate_customers,111.423632,TWh,point,111423.632,million_kWh,ESCCPUS,reported,2026-07,eia-mer-table-7.6.csv
DS-EIA-MER-7.6,SRC-EIA-MER-7.6,historical,,,,United States,USA,country,1956,electricity_sales,industrial,all_end_uses,sales_to_ultimate_customers,285.947447,TWh,point,285947.447,million_kWh,ESICPUS,reported,2026-07,eia-mer-table-7.6.csv
DS-EIA-MER-7.6,SRC-EIA-MER-7.6,historical,,,,United States,USA,country,1956,electricity_sales,residential,all_end_uses,sales_to_ultimate_customers,143.476453,TWh,point,143476.453,million_kWh,ESRCPUS,reported,2026-07,eia-mer-table-7.6.csv
DS-EIA-MER-7.6,SRC-EIA-MER-7.6,historical,,,,United States,USA,country,1956,electricity_sales,total,all_end_uses,sales_to_ultimate_customers,546.280491,TWh,point,546280.491,million_kWh,ESTCPUS,reported,2026-07,eia-mer-table-7.6.csv
DS-EIA-MER-7.6,SRC-EIA-MER-7.6,historical,,,,United States,USA,country,1956,electricity_sales,transportation,all_end_uses,sales_to_ultimate_customers,5.432959,TWh,point,5432.959,million_kWh,ESACPUS,reported,2026-07,eia-mer-table-7.6.csv
DS-EIA-MER-7.6,SRC-EIA-MER-7.6,historical,,,,United States,USA,country,1956,electricity_use,total,all_end_uses,sales_plus_direct_use,546.280491,TWh,point,546280.491,million_kWh,ELTCPUS,reported,2026-07,eia-mer-table-7.6.csv
DS-EIA-MER-7.6,SRC-EIA-MER-7.6,historical,,,,United States,USA,country,1957,electricity_sales,commercial,all_end_uses,sales_to_ultimate_customers,120.363169,TWh,point,120363.169,million_kWh,ESCCPUS,reported,2026-07,eia-mer-table-7.6.csv
DS-EIA-MER-7.6,SRC-EIA-MER-7.6,historical,,,,United States,USA,country,1957,electricity_sales,industrial,all_end_uses,sales_to_ultimate_customers,293.989661,TWh,point,293989.661,million_kWh,ESICPUS,reported,2026-07,eia-mer-table-7.6.csv
DS-EIA-MER-7.6,SRC-EIA-MER-7.6,historical,,,,United States,USA,country,1957,electricity_sales,residential,all_end_uses,sales_to_ultimate_customers,156.723271,TWh,point,156723.271,million_kWh,ESRCPUS,reported,2026-07,eia-mer-table-7.6.csv
DS-EIA-MER-7.6,SRC-EIA-MER-7.6,historical,,,,United States,USA,country,1957,electricity_sales,total,all_end_uses,sales_to_ultimate_customers,575.820175,TWh,point,575820.175,million_kWh,ESTCPUS,reported,2026-07,eia-mer-table-7.6.csv
DS-EIA-MER-7.6,SRC-EIA-MER-7.6,historical,,,,United States,USA,country,1957,electricity_sales,transportation,all_end_uses,sales_to_ultimate_customers,4.744074,TWh,point,4744.074,million_kWh,ESACPUS,reported,2026-07,eia-mer-table-7.6.csv
DS-EIA-MER-7.6,SRC-EIA-MER-7.6,historical,,,,United States,USA,country,1957,electricity_use,total,all_end_uses,sales_plus_direct_use,575.820175,TWh,point,575820.175,million_kWh,ELTCPUS,reported,2026-07,eia-mer-table-7.6.csv
DS-EIA-MER-7.6,SRC-EIA-MER-7.6,historical,,,,United States,USA,country,1958,electricity_sales,commercial,all_end_uses,sales_to_ultimate_customers,127.56618,TWh,point,127566.18,million_kWh,ESCCPUS,reported,2026-07,eia-mer-table-7.6.csv
DS-EIA-MER-7.6,SRC-EIA-MER-7.6,historical,,,,United States,USA,country,1958,electricity_sales,industrial,all_end_uses,sales_to_ultimate_customers,286.549905,TWh,point,286549.905,million_kWh,ESICPUS,reported,2026-07,eia-mer-table-7.6.csv
DS-EIA-MER-7.6,SRC-EIA-MER-7.6,historical,,,,United States,USA,country,1958,electricity_sales,residential,all_end_uses,sales_to_ultimate_customers,169.492241,TWh,point,169492.241,million_kWh,ESRCPUS,reported,2026-07,eia-mer-table-7.6.csv
DS-EIA-MER-7.6,SRC-EIA-MER-7.6,historical,,,,United States,USA,country,1958,electricity_sales,total,all_end_uses,sales_to_ultimate_customers,587.863052,TWh,point,587863.052,million_kWh,ESTCPUS,reported,2026-07,eia-mer-table-7.6.csv
DS-EIA-MER-7.6,SRC-EIA-MER-7.6,historical,,,,United States,USA,country,1958,electricity_sales,transportation,all_end_uses,sales_to_ultimate_customers,4.254726,TWh,point,4254.726,million_kWh,ESACPUS,reported,2026-07,eia-mer-table-7.6.csv
DS-EIA-MER-7.6,SRC-EIA-MER-7.6,historical,,,,United States,USA,country,1958,electricity_use,total,all_end_uses,sales_plus_direct_use,587.863052,TWh,point,587863.052,million_kWh,ELTCPUS,reported,2026-07,eia-mer-table-7.6.csv
DS-EIA-MER-7.6,SRC-EIA-MER-7.6,historical,,,,United States,USA,country,1959,electricity_sales,commercial,all_end_uses,sales_to_ultimate_customers,142.983473,TWh,point,142983.473,million_kWh,ESCCPUS,reported,2026-07,eia-mer-table-7.6.csv
DS-EIA-MER-7.6,SRC-EIA-MER-7.6,historical,,,,United States,USA,country,1959,electricity_sales,industrial,all_end_uses,sales_to_ultimate_customers,315.134503,TWh,point,315134.503,million_kWh,ESICPUS,reported,2026-07,eia-mer-table-7.6.csv
DS-EIA-MER-7.6,SRC-EIA-MER-7.6,historical,,,,United States,USA,country,1959,electricity_sales,residential,all_end_uses,sales_to_ultimate_customers,184.544088,TWh,point,184544.088,million_kWh,ESRCPUS,reported,2026-07,eia-mer-table-7.6.csv
DS-EIA-MER-7.6,SRC-EIA-MER-7.6,historical,,,,United States,USA,country,1959,electricity_sales,total,all_end_uses,sales_to_ultimate_customers,646.887877,TWh,point,646887.877,million_kWh,ESTCPUS,reported,2026-07,eia-mer-table-7.6.csv
DS-EIA-MER-7.6,SRC-EIA-MER-7.6,historical,,,,United States,USA,country,1959,electricity_sales,transportation,all_end_uses,sales_to_ultimate_customers,4.225813,TWh,point,4225.813,million_kWh,ESACPUS,reported,2026-07,eia-mer-table-7.6.csv
DS-EIA-MER-7.6,SRC-EIA-MER-7.6,historical,,,,United States,USA,country,1959,electricity_use,total,all_end_uses,sales_plus_direct_use,646.887877,TWh,point,646887.877,million_kWh,ELTCPUS,reported,2026-07,eia-mer-table-7.6.csv
DS-EIA-MER-7.6,SRC-EIA-MER-7.6,historical,,,,United States,USA,country,1960,electricity_sales,commercial,all_end_uses,sales_to_ultimate_customers,159.143787,TWh,point,159143.787,million_kWh,ESCCPUS,reported,2026-07,eia-mer-table-7.6.csv
DS-EIA-MER-7.6,SRC-EIA-MER-7.6,historical,,,,United States,USA,country,1960,electricity_sales,industrial,all_end_uses,sales_to_ultimate_customers,324.401907,TWh,point,324401.907,million_kWh,ESICPUS,reported,2026-07,eia-mer-table-7.6.csv
DS-EIA-MER-7.6,SRC-EIA-MER-7.6,historical,,,,United States,USA,country,1960,electricity_sales,residential,all_end_uses,sales_to_ultimate_customers,201.463381,TWh,point,201463.381,million_kWh,ESRCPUS,reported,2026-07,eia-mer-table-7.6.csv
DS-EIA-MER-7.6,SRC-EIA-MER-7.6,historical,,,,United States,USA,country,1960,electricity_sales,total,all_end_uses,sales_to_ultimate_customers,688.074762,TWh,point,688074.762,million_kWh,ESTCPUS,reported,2026-07,eia-mer-table-7.6.csv
DS-EIA-MER-7.6,SRC-EIA-MER-7.6,historical,,,,United States,USA,country,1960,electricity_sales,transportation,all_end_uses,sales_to_ultimate_customers,3.065687,TWh,point,3065.687,million_kWh,ESACPUS,reported,2026-07,eia-mer-table-7.6.csv
DS-EIA-MER-7.6,SRC-EIA-MER-7.6,historical,,,,United States,USA,country,1960,electricity_use,total,all_end_uses,sales_plus_direct_use,688.074762,TWh,point,688074.762,million_kWh,ELTCPUS,reported,2026-07,eia-mer-table-7.6.csv
DS-EIA-MER-7.6,SRC-EIA-MER-7.6,historical,,,,United States,USA,country,1961,electricity_sales,commercial,all_end_uses,sales_to_ultimate_customers,167.655999,TWh,point,167655.999,million_kWh,ESCCPUS,reported,2026-07,eia-mer-table-7.6.csv
DS-EIA-MER-7.6,SRC-EIA-MER-7.6,historical,,,,United States,USA,country,1961,electricity_sales,industrial,all_end_uses,sales_to_ultimate_customers,336.825958,TWh,point,336825.958,million_kWh,ESICPUS,reported,2026-07,eia-mer-table-7.6.csv
DS-EIA-MER-7.6,SRC-EIA-MER-7.6,historical,,,,United States,USA,country,1961,electricity_sales,residential,all_end_uses,sales_to_ultimate_customers,214.444853,TWh,point,214444.853,million_kWh,ESRCPUS,reported,2026-07,eia-mer-table-7.6.csv
DS-EIA-MER-7.6,SRC-EIA-MER-7.6,historical,,,,United States,USA,country,1961,electricity_sales,total,all_end_uses,sales_to_ultimate_customers,721.950183,TWh,point,721950.183,million_kWh,ESTCPUS,reported,2026-07,eia-mer-table-7.6.csv
DS-EIA-MER-7.6,SRC-EIA-MER-7.6,historical,,,,United States,USA,country,1961,electricity_sales,transportation,all_end_uses,sales_to_ultimate_customers,3.023373,TWh,point,3023.373,million_kWh,ESACPUS,reported,2026-07,eia-mer-table-7.6.csv
DS-EIA-MER-7.6,SRC-EIA-MER-7.6,historical,,,,United States,USA,country,1961,electricity_use,total,all_end_uses,sales_plus_direct_use,721.950183,TWh,point,721950.183,million_kWh,ELTCPUS,reported,2026-07,eia-mer-table-7.6.csv
DS-EIA-MER-7.6,SRC-EIA-MER-7.6,historical,,,,United States,USA,country,1962,electricity_sales,commercial,all_end_uses,sales_to_ultimate_customers,181.964471,TWh,point,181964.471,million_kWh,ESCCPUS,reported,2026-07,eia-mer-table-7.6.csv
DS-EIA-MER-7.6,SRC-EIA-MER-7.6,historical,,,,United States,USA,country,1962,electricity_sales,industrial,all_end_uses,sales_to_ultimate_customers,359.853731,TWh,point,359853.731,million_kWh,ESICPUS,reported,2026-07,eia-mer-table-7.6.csv
DS-EIA-MER-7.6,SRC-EIA-MER-7.6,historical,,,,United States,USA,country,1962,electricity_sales,residential,all_end_uses,sales_to_ultimate_customers,232.801889,TWh,point,232801.889,million_kWh,ESRCPUS,reported,2026-07,eia-mer-table-7.6.csv
DS-EIA-MER-7.6,SRC-EIA-MER-7.6,historical,,,,United States,USA,country,1962,electricity_sales,total,all_end_uses,sales_to_ultimate_customers,777.599729,TWh,point,777599.729,million_kWh,ESTCPUS,reported,2026-07,eia-mer-table-7.6.csv
DS-EIA-MER-7.6,SRC-EIA-MER-7.6,historical,,,,United States,USA,country,1962,electricity_sales,transportation,all_end_uses,sales_to_ultimate_customers,2.979638,TWh,point,2979.638,million_kWh,ESACPUS,reported,2026-07,eia-mer-table-7.6.csv
DS-EIA-MER-7.6,SRC-EIA-MER-7.6,historical,,,,United States,USA,country,1962,electricity_use,total,all_end_uses,sales_plus_direct_use,777.599729,TWh,point,777599.729,million_kWh,ELTCPUS,reported,2026-07,eia-mer-table-7.6.csv
DS-EIA-MER-7.6,SRC-EIA-MER-7.6,historical,,,,United States,USA,country,1963,electricity_sales,commercial,all_end_uses,sales_to_ultimate_customers,201.513284,TWh,point,201513.284,million_kWh,ESCCPUS,reported,2026-07,eia-mer-table-7.6.csv
DS-EIA-MER-7.6,SRC-EIA-MER-7.6,historical,,,,United States,USA,country,1963,electricity_sales,industrial,all_end_uses,sales_to_ultimate_customers,377.429639,TWh,point,377429.639,million_kWh,ESICPUS,reported,2026-07,eia-mer-table-7.6.csv
DS-EIA-MER-7.6,SRC-EIA-MER-7.6,historical,,,,United States,USA,country,1963,electricity_sales,residential,all_end_uses,sales_to_ultimate_customers,250.752651,TWh,point,250752.651,million_kWh,ESRCPUS,reported,2026-07,eia-mer-table-7.6.csv
DS-EIA-MER-7.6,SRC-EIA-MER-7.6,historical,,,,United States,USA,country,1963,electricity_sales,total,all_end_uses,sales_to_ultimate_customers,832.613108,TWh,point,832613.108,million_kWh,ESTCPUS,reported,2026-07,eia-mer-table-7.6.csv
DS-EIA-MER-7.6,SRC-EIA-MER-7.6,historical,,,,United States,USA,country,1963,electricity_sales,transportation,all_end_uses,sales_to_ultimate_customers,2.917534,TWh,point,2917.534,million_kWh,ESACPUS,reported,2026-07,eia-mer-table-7.6.csv
DS-EIA-MER-7.6,SRC-EIA-MER-7.6,historical,,,,United States,USA,country,1963,electricity_use,total,all_end_uses,sales_plus_direct_use,832.613108,TWh,point,832613.108,million_kWh,ELTCPUS,reported,2026-07,eia-mer-table-7.6.csv
DS-EIA-MER-7.6,SRC-EIA-MER-7.6,historical,,,,United States,USA,country,1964,electricity_sales,commercial,all_end_uses,sales_to_ultimate_customers,216.233909,TWh,point,216233.909,million_kWh,ESCCPUS,reported,2026-07,eia-mer-table-7.6.csv
DS-EIA-MER-7.6,SRC-EIA-MER-7.6,historical,,,,United States,USA,country,1964,electricity_sales,industrial,all_end_uses,sales_to_ultimate_customers,405.049062,TWh,point,405049.062,million_kWh,ESICPUS,reported,2026-07,eia-mer-table-7.6.csv
DS-EIA-MER-7.6,SRC-EIA-MER-7.6,historical,,,,United States,USA,country,1964,electricity_sales,residential,all_end_uses,sales_to_ultimate_customers,271.842079,TWh,point,271842.079,million_kWh,ESRCPUS,reported,2026-07,eia-mer-table-7.6.csv
DS-EIA-MER-7.6,SRC-EIA-MER-7.6,historical,,,,United States,USA,country,1964,electricity_sales,total,all_end_uses,sales_to_ultimate_customers,896.059014,TWh,point,896059.014,million_kWh,ESTCPUS,reported,2026-07,eia-mer-table-7.6.csv
DS-EIA-MER-7.6,SRC-EIA-MER-7.6,historical,,,,United States,USA,country,1964,electricity_sales,transportation,all_end_uses,sales_to_ultimate_customers,2.933964,TWh,point,2933.964,million_kWh,ESACPUS,reported,2026-07,eia-mer-table-7.6.csv
DS-EIA-MER-7.6,SRC-EIA-MER-7.6,historical,,,,United States,USA,country,1964,electricity_use,total,all_end_uses,sales_plus_direct_use,896.059014,TWh,point,896059.014,million_kWh,ELTCPUS,reported,2026-07,eia-mer-table-7.6.csv
DS-EIA-MER-7.6,SRC-EIA-MER-7.6,historical,,,,United States,USA,country,1965,electricity_sales,commercial,all_end_uses,sales_to_ultimate_customers,231.126287,TWh,point,231126.287,million_kWh,ESCCPUS,reported,2026-07,eia-mer-table-7.6.csv
DS-EIA-MER-7.6,SRC-EIA-MER-7.6,historical,,,,United States,USA,country,1965,electricity_sales,industrial,all_end_uses,sales_to_ultimate_customers,428.727266,TWh,point,428727.266,million_kWh,ESICPUS,reported,2026-07,eia-mer-table-7.6.csv
DS-EIA-MER-7.6,SRC-EIA-MER-7.6,historical,,,,United States,USA,country,1965,electricity_sales,residential,all_end_uses,sales_to_ultimate_customers,291.012652,TWh,point,291012.652,million_kWh,ESRCPUS,reported,2026-07,eia-mer-table-7.6.csv
DS-EIA-MER-7.6,SRC-EIA-MER-7.6,historical,,,,United States,USA,country,1965,electricity_sales,total,all_end_uses,sales_to_ultimate_customers,953.789313,TWh,point,953789.313,million_kWh,ESTCPUS,reported,2026-07,eia-mer-table-7.6.csv
DS-EIA-MER-7.6,SRC-EIA-MER-7.6,historical,,,,United States,USA,country,1965,electricity_sales,transportation,all_end_uses,sales_to_ultimate_customers,2.923108,TWh,point,2923.108,million_kWh,ESACPUS,reported,2026-07,eia-mer-table-7.6.csv
DS-EIA-MER-7.6,SRC-EIA-MER-7.6,historical,,,,United States,USA,country,1965,electricity_use,total,all_end_uses,sales_plus_direct_use,953.789313,TWh,point,953789.313,million_kWh,ELTCPUS,reported,2026-07,eia-mer-table-7.6.csv
DS-EIA-MER-7.6,SRC-EIA-MER-7.6,historical,,,,United States,USA,country,1966,electricity_sales,commercial,all_end_uses,sales_to_ultimate_customers,251.826893,TWh,point,251826.893,million_kWh,ESCCPUS,reported,2026-07,eia-mer-table-7.6.csv
DS-EIA-MER-7.6,SRC-EIA-MER-7.6,historical,,,,United States,USA,country,1966,electricity_sales,industrial,all_end_uses,sales_to_ultimate_customers,463.603406,TWh,point,463603.406,million_kWh,ESICPUS,reported,2026-07,eia-mer-table-7.6.csv
DS-EIA-MER-7.6,SRC-EIA-MER-7.6,historical,,,,United States,USA,country,1966,electricity_sales,residential,all_end_uses,sales_to_ultimate_customers,316.88836,TWh,point,316888.36,million_kWh,ESRCPUS,reported,2026-07,eia-mer-table-7.6.csv
DS-EIA-MER-7.6,SRC-EIA-MER-7.6,historical,,,,United States,USA,country,1966,electricity_sales,total,all_end_uses,sales_to_ultimate_customers,1035.1446,TWh,point,1035144.6,million_kWh,ESTCPUS,reported,2026-07,eia-mer-table-7.6.csv
DS-EIA-MER-7.6,SRC-EIA-MER-7.6,historical,,,,United States,USA,country,1966,electricity_sales,transportation,all_end_uses,sales_to_ultimate_customers,2.825941,TWh,point,2825.941,million_kWh,ESACPUS,reported,2026-07,eia-mer-table-7.6.csv
DS-EIA-MER-7.6,SRC-EIA-MER-7.6,historical,,,,United States,USA,country,1966,electricity_use,total,all_end_uses,sales_plus_direct_use,1035.1446,TWh,point,1035144.6,million_kWh,ELTCPUS,reported,2026-07,eia-mer-table-7.6.csv
DS-EIA-MER-7.6,SRC-EIA-MER-7.6,historical,,,,United States,USA,country,1967,electricity_sales,commercial,all_end_uses,sales_to_ultimate_customers,271.154289,TWh,point,271154.289,million_kWh,ESCCPUS,reported,2026-07,eia-mer-table-7.6.csv
DS-EIA-MER-7.6,SRC-EIA-MER-7.6,historical,,,,United States,USA,country,1967,electricity_sales,industrial,all_end_uses,sales_to_ultimate_customers,485.015199,TWh,point,485015.199,million_kWh,ESICPUS,reported,2026-07,eia-mer-table-7.6.csv
DS-EIA-MER-7.6,SRC-EIA-MER-7.6,historical,,,,United States,USA,country,1967,electricity_sales,residential,all_end_uses,sales_to_ultimate_customers,340.113936,TWh,point,340113.936,million_kWh,ESRCPUS,reported,2026-07,eia-mer-table-7.6.csv
DS-EIA-MER-7.6,SRC-EIA-MER-7.6,historical,,,,United States,USA,country,1967,electricity_sales,total,all_end_uses,sales_to_ultimate_customers,1099.217266,TWh,point,1099217.266,million_kWh,ESTCPUS,reported,2026-07,eia-mer-table-7.6.csv
DS-EIA-MER-7.6,SRC-EIA-MER-7.6,historical,,,,United States,USA,country,1967,electricity_sales,transportation,all_end_uses,sales_to_ultimate_customers,2.933842,TWh,point,2933.842,million_kWh,ESACPUS,reported,2026-07,eia-mer-table-7.6.csv
DS-EIA-MER-7.6,SRC-EIA-MER-7.6,historical,,,,United States,USA,country,1967,electricity_use,total,all_end_uses,sales_plus_direct_use,1099.217266,TWh,point,1099217.266,million_kWh,ELTCPUS,reported,2026-07,eia-mer-table-7.6.csv
DS-EIA-MER-7.6,SRC-EIA-MER-7.6,historical,,,,United States,USA,country,1968,electricity_sales,commercial,all_end_uses,sales_to_ultimate_customers,297.174471,TWh,point,297174.471,million_kWh,ESCCPUS,reported,2026-07,eia-mer-table-7.6.csv
DS-EIA-MER-7.6,SRC-EIA-MER-7.6,historical,,,,United States,USA,country,1968,electricity_sales,industrial,all_end_uses,sales_to_ultimate_customers,521.132904,TWh,point,521132.904,million_kWh,ESICPUS,reported,2026-07,eia-mer-table-7.6.csv
DS-EIA-MER-7.6,SRC-EIA-MER-7.6,historical,,,,United States,USA,country,1968,electricity_sales,residential,all_end_uses,sales_to_ultimate_customers,381.569847,TWh,point,381569.847,million_kWh,ESRCPUS,reported,2026-07,eia-mer-table-7.6.csv
DS-EIA-MER-7.6,SRC-EIA-MER-7.6,historical,,,,United States,USA,country,1968,electricity_sales,total,all_end_uses,sales_to_ultimate_customers,1202.871017,TWh,point,1202871.017,million_kWh,ESTCPUS,reported,2026-07,eia-mer-table-7.6.csv
DS-EIA-MER-7.6,SRC-EIA-MER-7.6,historical,,,,United States,USA,country,1968,electricity_sales,transportation,all_end_uses,sales_to_ultimate_customers,2.993795,TWh,point,2993.795,million_kWh,ESACPUS,reported,2026-07,eia-mer-table-7.6.csv
DS-EIA-MER-7.6,SRC-EIA-MER-7.6,historical,,,,United States,USA,country,1968,electricity_use,total,all_end_uses,sales_plus_direct_use,1202.871017,TWh,point,1202871.017,million_kWh,ELTCPUS,reported,2026-07,eia-mer-table-7.6.csv
DS-EIA-MER-7.6,SRC-EIA-MER-7.6,historical,,,,United States,USA,country,1969,electricity_sales,commercial,all_end_uses,sales_to_ultimate_customers,324.657857,TWh,point,324657.857,million_kWh,ESCCPUS,reported,2026-07,eia-mer-table-7.6.csv
DS-EIA-MER-7.6,SRC-EIA-MER-7.6,historical,,,,United States,USA,country,1969,electricity_sales,industrial,all_end_uses,sales_to_ultimate_customers,559.38527,TWh,point,559385.27,million_kWh,ESICPUS,reported,2026-07,eia-mer-table-7.6.csv
DS-EIA-MER-7.6,SRC-EIA-MER-7.6,historical,,,,United States,USA,country,1969,electricity_sales,residential,all_end_uses,sales_to_ultimate_customers,426.736084,TWh,point,426736.084,million_kWh,ESRCPUS,reported,2026-07,eia-mer-table-7.6.csv
DS-EIA-MER-7.6,SRC-EIA-MER-7.6,historical,,,,United States,USA,country,1969,electricity_sales,total,all_end_uses,sales_to_ultimate_customers,1313.833246,TWh,point,1313833.246,million_kWh,ESTCPUS,reported,2026-07,eia-mer-table-7.6.csv
DS-EIA-MER-7.6,SRC-EIA-MER-7.6,historical,,,,United States,USA,country,1969,electricity_sales,transportation,all_end_uses,sales_to_ultimate_customers,3.054035,TWh,point,3054.035,million_kWh,ESACPUS,reported,2026-07,eia-mer-table-7.6.csv
DS-EIA-MER-7.6,SRC-EIA-MER-7.6,historical,,,,United States,USA,country,1969,electricity_use,total,all_end_uses,sales_plus_direct_use,1313.833246,TWh,point,1313833.246,million_kWh,ELTCPUS,reported,2026-07,eia-mer-table-7.6.csv
DS-EIA-MER-7.6,SRC-EIA-MER-7.6,historical,,,,United States,USA,country,1970,electricity_sales,commercial,all_end_uses,sales_to_ultimate_customers,352.040593,TWh,point,352040.593,million_kWh,ESCCPUS,reported,2026-07,eia-mer-table-7.6.csv
DS-EIA-MER-7.6,SRC-EIA-MER-7.6,historical,,,,United States,USA,country,1970,electricity_sales,industrial,all_end_uses,sales_to_ultimate_customers,570.854195,TWh,point,570854.195,million_kWh,ESICPUS,reported,2026-07,eia-mer-table-7.6.csv
DS-EIA-MER-7.6,SRC-EIA-MER-7.6,historical,,,,United States,USA,country,1970,electricity_sales,residential,all_end_uses,sales_to_ultimate_customers,466.290588,TWh,point,466290.588,million_kWh,ESRCPUS,reported,2026-07,eia-mer-table-7.6.csv
DS-EIA-MER-7.6,SRC-EIA-MER-7.6,historical,,,,United States,USA,country,1970,electricity_sales,total,all_end_uses,sales_to_ultimate_customers,1392.2999,TWh,point,1392299.9,million_kWh,ESTCPUS,reported,2026-07,eia-mer-table-7.6.csv
DS-EIA-MER-7.6,SRC-EIA-MER-7.6,historical,,,,United States,USA,country,1970,electricity_sales,transportation,all_end_uses,sales_to_ultimate_customers,3.114524,TWh,point,3114.524,million_kWh,ESACPUS,reported,2026-07,eia-mer-table-7.6.csv
DS-EIA-MER-7.6,SRC-EIA-MER-7.6,historical,,,,United States,USA,country,1970,electricity_use,total,all_end_uses,sales_plus_direct_use,1392.2999,TWh,point,1392299.9,million_kWh,ELTCPUS,reported,2026-07,eia-mer-table-7.6.csv
DS-EIA-MER-7.6,SRC-EIA-MER-7.6,historical,,,,United States,USA,country,1971,electricity_sales,commercial,all_end_uses,sales_to_ultimate_customers,377.493933,TWh,point,377493.933,million_kWh,ESCCPUS,reported,2026-07,eia-mer-table-7.6.csv
DS-EIA-MER-7.6,SRC-EIA-MER-7.6,historical,,,,United States,USA,country,1971,electricity_sales,industrial,all_end_uses,sales_to_ultimate_customers,589.44799,TWh,point,589447.99,million_kWh,ESICPUS,reported,2026-07,eia-mer-table-7.6.csv
DS-EIA-MER-7.6,SRC-EIA-MER-7.6,historical,,,,United States,USA,country,1971,electricity_sales,residential,all_end_uses,sales_to_ultimate_customers,499.531999,TWh,point,499531.999,million_kWh,ESRCPUS,reported,2026-07,eia-mer-table-7.6.csv
DS-EIA-MER-7.6,SRC-EIA-MER-7.6,historical,,,,United States,USA,country,1971,electricity_sales,total,all_end_uses,sales_to_ultimate_customers,1469.540277,TWh,point,1469540.277,million_kWh,ESTCPUS,reported,2026-07,eia-mer-table-7.6.csv
DS-EIA-MER-7.6,SRC-EIA-MER-7.6,historical,,,,United States,USA,country,1971,electricity_sales,transportation,all_end_uses,sales_to_ultimate_customers,3.066355,TWh,point,3066.355,million_kWh,ESACPUS,reported,2026-07,eia-mer-table-7.6.csv
DS-EIA-MER-7.6,SRC-EIA-MER-7.6,historical,,,,United States,USA,country,1971,electricity_use,total,all_end_uses,sales_plus_direct_use,1469.540277,TWh,point,1469540.277,million_kWh,ELTCPUS,reported,2026-07,eia-mer-table-7.6.csv
DS-EIA-MER-7.6,SRC-EIA-MER-7.6,historical,,,,United States,USA,country,1972,electricity_sales,commercial,all_end_uses,sales_to_ultimate_customers,412.534052,TWh,point,412534.052,million_kWh,ESCCPUS,reported,2026-07,eia-mer-table-7.6.csv
DS-EIA-MER-7.6,SRC-EIA-MER-7.6,historical,,,,United States,USA,country,1972,electricity_sales,industrial,all_end_uses,sales_to_ultimate_customers,640.977918,TWh,point,640977.918,million_kWh,ESICPUS,reported,2026-07,eia-mer-table-7.6.csv
DS-EIA-MER-7.6,SRC-EIA-MER-7.6,historical,,,,United States,USA,country,1972,electricity_sales,residential,all_end_uses,sales_to_ultimate_customers,538.609184,TWh,point,538609.184,million_kWh,ESRCPUS,reported,2026-07,eia-mer-table-7.6.csv
DS-EIA-MER-7.6,SRC-EIA-MER-7.6,historical,,,,United States,USA,country,1972,electricity_sales,total,all_end_uses,sales_to_ultimate_customers,1595.160691,TWh,point,1595160.691,million_kWh,ESTCPUS,reported,2026-07,eia-mer-table-7.6.csv
DS-EIA-MER-7.6,SRC-EIA-MER-7.6,historical,,,,United States,USA,country,1972,electricity_sales,transportation,all_end_uses,sales_to_ultimate_customers,3.039537,TWh,point,3039.537,million_kWh,ESACPUS,reported,2026-07,eia-mer-table-7.6.csv
DS-EIA-MER-7.6,SRC-EIA-MER-7.6,historical,,,,United States,USA,country,1972,electricity_use,total,all_end_uses,sales_plus_direct_use,1595.160691,TWh,point,1595160.691,million_kWh,ELTCPUS,reported,2026-07,eia-mer-table-7.6.csv
DS-EIA-MER-7.6,SRC-EIA-MER-7.6,historical,,,,United States,USA,country,1973,electricity_sales,commercial,all_end_uses,sales_to_ultimate_customers,444.505477,TWh,point,444505.477,million_kWh,ESCCPUS,reported,2026-07,eia-mer-table-7.6.csv
DS-EIA-MER-7.6,SRC-EIA-MER-7.6,historical,,,,United States,USA,country,1973,electricity_sales,industrial,all_end_uses,sales_to_ultimate_customers,686.08518,TWh,point,686085.18,million_kWh,ESICPUS,reported,2026-07,eia-mer-table-7.6.csv
DS-EIA-MER-7.6,SRC-EIA-MER-7.6,historical,,,,United States,USA,country,1973,electricity_sales,residential,all_end_uses,sales_to_ultimate_customers,579.231374,TWh,point,579231.374,million_kWh,ESRCPUS,reported,2026-07,eia-mer-table-7.6.csv
DS-EIA-MER-7.6,SRC-EIA-MER-7.6,historical,,,,United States,USA,country,1973,electricity_sales,total,all_end_uses,sales_to_ultimate_customers,1712.908781,TWh,point,1712908.781,million_kWh,ESTCPUS,reported,2026-07,eia-mer-table-7.6.csv
DS-EIA-MER-7.6,SRC-EIA-MER-7.6,historical,,,,United States,USA,country,1973,electricity_sales,transportation,all_end_uses,sales_to_ultimate_customers,3.08675,TWh,point,3086.75,million_kWh,ESACPUS,reported,2026-07,eia-mer-table-7.6.csv
DS-EIA-MER-7.6,SRC-EIA-MER-7.6,historical,,,,United States,USA,country,1973,electricity_use,total,all_end_uses,sales_plus_direct_use,1712.908781,TWh,point,1712908.781,million_kWh,ELTCPUS,reported,2026-07,eia-mer-table-7.6.csv
DS-EIA-MER-7.6,SRC-EIA-MER-7.6,historical,,,,United States,USA,country,1974,electricity_sales,commercial,all_end_uses,sales_to_ultimate_customers,440.015803,TWh,point,440015.803,million_kWh,ESCCPUS,reported,2026-07,eia-mer-table-7.6.csv
DS-EIA-MER-7.6,SRC-EIA-MER-7.6,historical,,,,United States,USA,country,1974,electricity_sales,industrial,all_end_uses,sales_to_ultimate_customers,684.875074,TWh,point,684875.074,million_kWh,ESICPUS,reported,2026-07,eia-mer-table-7.6.csv
DS-EIA-MER-7.6,SRC-EIA-MER-7.6,historical,,,,United States,USA,country,1974,electricity_sales,residential,all_end_uses,sales_to_ultimate_customers,578.183693,TWh,point,578183.693,million_kWh,ESRCPUS,reported,2026-07,eia-mer-table-7.6.csv
DS-EIA-MER-7.6,SRC-EIA-MER-7.6,historical,,,,United States,USA,country,1974,electricity_sales,total,all_end_uses,sales_to_ultimate_customers,1705.923726,TWh,point,1705923.726,million_kWh,ESTCPUS,reported,2026-07,eia-mer-table-7.6.csv
DS-EIA-MER-7.6,SRC-EIA-MER-7.6,historical,,,,United States,USA,country,1974,electricity_sales,transportation,all_end_uses,sales_to_ultimate_customers,2.849156,TWh,point,2849.156,million_kWh,ESACPUS,reported,2026-07,eia-mer-table-7.6.csv
DS-EIA-MER-7.6,SRC-EIA-MER-7.6,historical,,,,United States,USA,country,1974,electricity_use,total,all_end_uses,sales_plus_direct_use,1705.923726,TWh,point,1705923.726,million_kWh,ELTCPUS,reported,2026-07,eia-mer-table-7.6.csv
DS-EIA-MER-7.6,SRC-EIA-MER-7.6,historical,,,,United States,USA,country,1975,electricity_sales,commercial,all_end_uses,sales_to_ultimate_customers,468.296099,TWh,point,468296.099,million_kWh,ESCCPUS,reported,2026-07,eia-mer-table-7.6.csv
DS-EIA-MER-7.6,SRC-EIA-MER-7.6,historical,,,,United States,USA,country,1975,electricity_sales,industrial,all_end_uses,sales_to_ultimate_customers,687.679652,TWh,point,687679.652,million_kWh,ESICPUS,reported,2026-07,eia-mer-table-7.6.csv
DS-EIA-MER-7.6,SRC-EIA-MER-7.6,historical,,,,United States,USA,country,1975,electricity_sales,residential,all_end_uses,sales_to_ultimate_customers,588.140393,TWh,point,588140.393,million_kWh,ESRCPUS,reported,2026-07,eia-mer-table-7.6.csv
DS-EIA-MER-7.6,SRC-EIA-MER-7.6,historical,,,,United States,USA,country,1975,electricity_sales,total,all_end_uses,sales_to_ultimate_customers,1747.090627,TWh,point,1747090.627,million_kWh,ESTCPUS,reported,2026-07,eia-mer-table-7.6.csv
DS-EIA-MER-7.6,SRC-EIA-MER-7.6,historical,,,,United States,USA,country,1975,electricity_sales,transportation,all_end_uses,sales_to_ultimate_customers,2.974483,TWh,point,2974.483,million_kWh,ESACPUS,reported,2026-07,eia-mer-table-7.6.csv
DS-EIA-MER-7.6,SRC-EIA-MER-7.6,historical,,,,United States,USA,country,1975,electricity_use,total,all_end_uses,sales_plus_direct_use,1747.090627,TWh,point,1747090.627,million_kWh,ELTCPUS,reported,2026-07,eia-mer-table-7.6.csv
DS-EIA-MER-7.6,SRC-EIA-MER-7.6,historical,,,,United States,USA,country,1976,electricity_sales,commercial,all_end_uses,sales_to_ultimate_customers,491.77696,TWh,point,491776.96,million_kWh,ESCCPUS,reported,2026-07,eia-mer-table-7.6.csv
DS-EIA-MER-7.6,SRC-EIA-MER-7.6,historical,,,,United States,USA,country,1976,electricity_sales,industrial,all_end_uses,sales_to_ultimate_customers,754.068873,TWh,point,754068.873,million_kWh,ESICPUS,reported,2026-07,eia-mer-table-7.6.csv
DS-EIA-MER-7.6,SRC-EIA-MER-7.6,historical,,,,United States,USA,country,1976,electricity_sales,residential,all_end_uses,sales_to_ultimate_customers,606.452082,TWh,point,606452.082,million_kWh,ESRCPUS,reported,2026-07,eia-mer-table-7.6.csv
DS-EIA-MER-7.6,SRC-EIA-MER-7.6,historical,,,,United States,USA,country,1976,electricity_sales,total,all_end_uses,sales_to_ultimate_customers,1855.246094,TWh,point,1855246.094,million_kWh,ESTCPUS,reported,2026-07,eia-mer-table-7.6.csv
DS-EIA-MER-7.6,SRC-EIA-MER-7.6,historical,,,,United States,USA,country,1976,electricity_sales,transportation,all_end_uses,sales_to_ultimate_customers,2.948179,TWh,point,2948.179,million_kWh,ESACPUS,reported,2026-07,eia-mer-table-7.6.csv
DS-EIA-MER-7.6,SRC-EIA-MER-7.6,historical,,,,United States,USA,country,1976,electricity_use,total,all_end_uses,sales_plus_direct_use,1855.246094,TWh,point,1855246.094,million_kWh,ELTCPUS,reported,2026-07,eia-mer-table-7.6.csv
DS-EIA-MER-7.6,SRC-EIA-MER-7.6,historical,,,,United States,USA,country,1977,electricity_sales,commercial,all_end_uses,sales_to_ultimate_customers,514.028686,TWh,point,514028.686,million_kWh,ESCCPUS,reported,2026-07,eia-mer-table-7.6.csv
DS-EIA-MER-7.6,SRC-EIA-MER-7.6,historical,,,,United States,USA,country,1977,electricity_sales,industrial,all_end_uses,sales_to_ultimate_customers,786.037126,TWh,point,786037.126,million_kWh,ESICPUS,reported,2026-07,eia-mer-table-7.6.csv
DS-EIA-MER-7.6,SRC-EIA-MER-7.6,historical,,,,United States,USA,country,1977,electricity_sales,residential,all_end_uses,sales_to_ultimate_customers,645.238971,TWh,point,645238.971,million_kWh,ESRCPUS,reported,2026-07,eia-mer-table-7.6.csv
DS-EIA-MER-7.6,SRC-EIA-MER-7.6,historical,,,,United States,USA,country,1977,electricity_sales,total,all_end_uses,sales_to_ultimate_customers,1948.361212,TWh,point,1948361.212,million_kWh,ESTCPUS,reported,2026-07,eia-mer-table-7.6.csv
DS-EIA-MER-7.6,SRC-EIA-MER-7.6,historical,,,,United States,USA,country,1977,electricity_sales,transportation,all_end_uses,sales_to_ultimate_customers,3.056429,TWh,point,3056.429,million_kWh,ESACPUS,reported,2026-07,eia-mer-table-7.6.csv
DS-EIA-MER-7.6,SRC-EIA-MER-7.6,historical,,,,United States,USA,country,1977,electricity_use,total,all_end_uses,sales_plus_direct_use,1948.361212,TWh,point,1948361.212,million_kWh,ELTCPUS,reported,2026-07,eia-mer-table-7.6.csv
DS-EIA-MER-7.6,SRC-EIA-MER-7.6,historical,,,,United States,USA,country,1978,electricity_sales,commercial,all_end_uses,sales_to_ultimate_customers,531.43915,TWh,point,531439.15,million_kWh,ESCCPUS,reported,2026-07,eia-mer-table-7.6.csv
DS-EIA-MER-7.6,SRC-EIA-MER-7.6,historical,,,,United States,USA,country,1978,electricity_sales,industrial,all_end_uses,sales_to_ultimate_customers,809.078,TWh,point,809078.0,million_kWh,ESICPUS,reported,2026-07,eia-mer-table-7.6.csv
DS-EIA-MER-7.6,SRC-EIA-MER-7.6,historical,,,,United States,USA,country,1978,electricity_sales,residential,all_end_uses,sales_to_ultimate_customers,674.466,TWh,point,674466.0,million_kWh,ESRCPUS,reported,2026-07,eia-mer-table-7.6.csv
DS-EIA-MER-7.6,SRC-EIA-MER-7.6,historical,,,,United States,USA,country,1978,electricity_sales,total,all_end_uses,sales_to_ultimate_customers,2017.922,TWh,point,2017922.0,million_kWh,ESTCPUS,reported,2026-07,eia-mer-table-7.6.csv
DS-EIA-MER-7.6,SRC-EIA-MER-7.6,historical,,,,United States,USA,country,1978,electricity_sales,transportation,all_end_uses,sales_to_ultimate_customers,2.93885,TWh,point,2938.85,million_kWh,ESACPUS,reported,2026-07,eia-mer-table-7.6.csv
DS-EIA-MER-7.6,SRC-EIA-MER-7.6,historical,,,,United States,USA,country,1978,electricity_use,total,all_end_uses,sales_plus_direct_use,2017.922,TWh,point,2017922.0,million_kWh,ELTCPUS,reported,2026-07,eia-mer-table-7.6.csv
DS-EIA-MER-7.6,SRC-EIA-MER-7.6,historical,,,,United States,USA,country,1979,electricity_sales,commercial,all_end_uses,sales_to_ultimate_customers,543.411819,TWh,point,543411.819,million_kWh,ESCCPUS,reported,2026-07,eia-mer-table-7.6.csv
DS-EIA-MER-7.6,SRC-EIA-MER-7.6,historical,,,,United States,USA,country,1979,electricity_sales,industrial,all_end_uses,sales_to_ultimate_customers,841.903,TWh,point,841903.0,million_kWh,ESICPUS,reported,2026-07,eia-mer-table-7.6.csv
DS-EIA-MER-7.6,SRC-EIA-MER-7.6,historical,,,,United States,USA,country,1979,electricity_sales,residential,all_end_uses,sales_to_ultimate_customers,682.819,TWh,point,682819.0,million_kWh,ESRCPUS,reported,2026-07,eia-mer-table-7.6.csv
DS-EIA-MER-7.6,SRC-EIA-MER-7.6,historical,,,,United States,USA,country,1979,electricity_sales,total,all_end_uses,sales_to_ultimate_customers,2071.099,TWh,point,2071099.0,million_kWh,ESTCPUS,reported,2026-07,eia-mer-table-7.6.csv
DS-EIA-MER-7.6,SRC-EIA-MER-7.6,historical,,,,United States,USA,country,1979,electricity_sales,transportation,all_end_uses,sales_to_ultimate_customers,2.965181,TWh,point,2965.181,million_kWh,ESACPUS,reported,2026-07,eia-mer-table-7.6.csv
DS-EIA-MER-7.6,SRC-EIA-MER-7.6,historical,,,,United States,USA,country,1979,electricity_use,total,all_end_uses,sales_plus_direct_use,2071.099,TWh,point,2071099.0,million_kWh,ELTCPUS,reported,2026-07,eia-mer-table-7.6.csv
DS-EIA-MER-7.6,SRC-EIA-MER-7.6,historical,,,,United States,USA,country,1980,electricity_sales,commercial,all_end_uses,sales_to_ultimate_customers,558.642792,TWh,point,558642.792,million_kWh,ESCCPUS,reported,2026-07,eia-mer-table-7.6.csv
DS-EIA-MER-7.6,SRC-EIA-MER-7.6,historical,,,,United States,USA,country,1980,electricity_sales,industrial,all_end_uses,sales_to_ultimate_customers,815.067,TWh,point,815067.0,million_kWh,ESICPUS,reported,2026-07,eia-mer-table-7.6.csv
DS-EIA-MER-7.6,SRC-EIA-MER-7.6,historical,,,,United States,USA,country,1980,electricity_sales,residential,all_end_uses,sales_to_ultimate_customers,717.495,TWh,point,717495.0,million_kWh,ESRCPUS,reported,2026-07,eia-mer-table-7.6.csv
DS-EIA-MER-7.6,SRC-EIA-MER-7.6,historical,,,,United States,USA,country,1980,electricity_sales,total,all_end_uses,sales_to_ultimate_customers,2094.449,TWh,point,2094449.0,million_kWh,ESTCPUS,reported,2026-07,eia-mer-table-7.6.csv
DS-EIA-MER-7.6,SRC-EIA-MER-7.6,historical,,,,United States,USA,country,1980,electricity_sales,transportation,all_end_uses,sales_to_ultimate_customers,3.244208,TWh,point,3244.208,million_kWh,ESACPUS,reported,2026-07,eia-mer-table-7.6.csv
DS-EIA-MER-7.6,SRC-EIA-MER-7.6,historical,,,,United States,USA,country,1980,electricity_use,total,all_end_uses,sales_plus_direct_use,2094.449,TWh,point,2094449.0,million_kWh,ELTCPUS,reported,2026-07,eia-mer-table-7.6.csv
DS-EIA-MER-7.6,SRC-EIA-MER-7.6,historical,,,,United States,USA,country,1981,electricity_sales,commercial,all_end_uses,sales_to_ultimate_customers,595.908404,TWh,point,595908.404,million_kWh,ESCCPUS,reported,2026-07,eia-mer-table-7.6.csv
DS-EIA-MER-7.6,SRC-EIA-MER-7.6,historical,,,,United States,USA,country,1981,electricity_sales,industrial,all_end_uses,sales_to_ultimate_customers,825.743449,TWh,point,825743.449,million_kWh,ESICPUS,reported,2026-07,eia-mer-table-7.6.csv
DS-EIA-MER-7.6,SRC-EIA-MER-7.6,historical,,,,United States,USA,country,1981,electricity_sales,residential,all_end_uses,sales_to_ultimate_customers,722.265024,TWh,point,722265.024,million_kWh,ESRCPUS,reported,2026-07,eia-mer-table-7.6.csv
DS-EIA-MER-7.6,SRC-EIA-MER-7.6,historical,,,,United States,USA,country,1981,electricity_sales,total,all_end_uses,sales_to_ultimate_customers,2147.102862,TWh,point,2147102.862,million_kWh,ESTCPUS,reported,2026-07,eia-mer-table-7.6.csv
DS-EIA-MER-7.6,SRC-EIA-MER-7.6,historical,,,,United States,USA,country,1981,electricity_sales,transportation,all_end_uses,sales_to_ultimate_customers,3.185985,TWh,point,3185.985,million_kWh,ESACPUS,reported,2026-07,eia-mer-table-7.6.csv
DS-EIA-MER-7.6,SRC-EIA-MER-7.6,historical,,,,United States,USA,country,1981,electricity_use,total,all_end_uses,sales_plus_direct_use,2147.102862,TWh,point,2147102.862,million_kWh,ELTCPUS,reported,2026-07,eia-mer-table-7.6.csv
DS-EIA-MER-7.6,SRC-EIA-MER-7.6,historical,,,,United States,USA,country,1982,electricity_sales,commercial,all_end_uses,sales_to_ultimate_customers,608.747984,TWh,point,608747.984,million_kWh,ESCCPUS,reported,2026-07,eia-mer-table-7.6.csv
DS-EIA-MER-7.6,SRC-EIA-MER-7.6,historical,,,,United States,USA,country,1982,electricity_sales,industrial,all_end_uses,sales_to_ultimate_customers,744.949124,TWh,point,744949.124,million_kWh,ESICPUS,reported,2026-07,eia-mer-table-7.6.csv
DS-EIA-MER-7.6,SRC-EIA-MER-7.6,historical,,,,United States,USA,country,1982,electricity_sales,residential,all_end_uses,sales_to_ultimate_customers,729.519768,TWh,point,729519.768,million_kWh,ESRCPUS,reported,2026-07,eia-mer-table-7.6.csv
DS-EIA-MER-7.6,SRC-EIA-MER-7.6,historical,,,,United States,USA,country,1982,electricity_sales,total,all_end_uses,sales_to_ultimate_customers,2086.441352,TWh,point,2086441.352,million_kWh,ESTCPUS,reported,2026-07,eia-mer-table-7.6.csv
DS-EIA-MER-7.6,SRC-EIA-MER-7.6,historical,,,,United States,USA,country,1982,electricity_sales,transportation,all_end_uses,sales_to_ultimate_customers,3.224476,TWh,point,3224.476,million_kWh,ESACPUS,reported,2026-07,eia-mer-table-7.6.csv
DS-EIA-MER-7.6,SRC-EIA-MER-7.6,historical,,,,United States,USA,country,1982,electricity_use,total,all_end_uses,sales_plus_direct_use,2086.441352,TWh,point,2086441.352,million_kWh,ELTCPUS,reported,2026-07,eia-mer-table-7.6.csv
DS-EIA-MER-7.6,SRC-EIA-MER-7.6,historical,,,,United States,USA,country,1983,electricity_sales,commercial,all_end_uses,sales_to_ultimate_customers,620.292095,TWh,point,620292.095,million_kWh,ESCCPUS,reported,2026-07,eia-mer-table-7.6.csv
DS-EIA-MER-7.6,SRC-EIA-MER-7.6,historical,,,,United States,USA,country,1983,electricity_sales,industrial,all_end_uses,sales_to_ultimate_customers,775.999288,TWh,point,775999.288,million_kWh,ESICPUS,reported,2026-07,eia-mer-table-7.6.csv
DS-EIA-MER-7.6,SRC-EIA-MER-7.6,historical,,,,United States,USA,country,1983,electricity_sales,residential,all_end_uses,sales_to_ultimate_customers,750.948242,TWh,point,750948.242,million_kWh,ESRCPUS,reported,2026-07,eia-mer-table-7.6.csv
DS-EIA-MER-7.6,SRC-EIA-MER-7.6,historical,,,,United States,USA,country,1983,electricity_sales,total,all_end_uses,sales_to_ultimate_customers,2150.954584,TWh,point,2150954.584,million_kWh,ESTCPUS,reported,2026-07,eia-mer-table-7.6.csv
DS-EIA-MER-7.6,SRC-EIA-MER-7.6,historical,,,,United States,USA,country,1983,electricity_sales,transportation,all_end_uses,sales_to_ultimate_customers,3.714959,TWh,point,3714.959,million_kWh,ESACPUS,reported,2026-07,eia-mer-table-7.6.csv
DS-EIA-MER-7.6,SRC-EIA-MER-7.6,historical,,,,United States,USA,country,1983,electricity_use,total,all_end_uses,sales_plus_direct_use,2150.954584,TWh,point,2150954.584,million_kWh,ELTCPUS,reported,2026-07,eia-mer-table-7.6.csv
DS-EIA-MER-7.6,SRC-EIA-MER-7.6,historical,,,,United States,USA,country,1984,electricity_sales,commercial,all_end_uses,sales_to_ultimate_customers,663.679536,TWh,point,663679.536,million_kWh,ESCCPUS,reported,2026-07,eia-mer-table-7.6.csv
DS-EIA-MER-7.6,SRC-EIA-MER-7.6,historical,,,,United States,USA,country,1984,electricity_sales,industrial,all_end_uses,sales_to_ultimate_customers,837.836126,TWh,point,837836.126,million_kWh,ESICPUS,reported,2026-07,eia-mer-table-7.6.csv
DS-EIA-MER-7.6,SRC-EIA-MER-7.6,historical,,,,United States,USA,country,1984,electricity_sales,residential,all_end_uses,sales_to_ultimate_customers,780.09166,TWh,point,780091.66,million_kWh,ESRCPUS,reported,2026-07,eia-mer-table-7.6.csv
DS-EIA-MER-7.6,SRC-EIA-MER-7.6,historical,,,,United States,USA,country,1984,electricity_sales,total,all_end_uses,sales_to_ultimate_customers,2285.796394,TWh,point,2285796.394,million_kWh,ESTCPUS,reported,2026-07,eia-mer-table-7.6.csv
DS-EIA-MER-7.6,SRC-EIA-MER-7.6,historical,,,,United States,USA,country,1984,electricity_sales,transportation,all_end_uses,sales_to_ultimate_customers,4.189072,TWh,point,4189.072,million_kWh,ESACPUS,reported,2026-07,eia-mer-table-7.6.csv
DS-EIA-MER-7.6,SRC-EIA-MER-7.6,historical,,,,United States,USA,country,1984,electricity_use,total,all_end_uses,sales_plus_direct_use,2285.796394,TWh,point,2285796.394,million_kWh,ELTCPUS,reported,2026-07,eia-mer-table-7.6.csv
DS-EIA-MER-7.6,SRC-EIA-MER-7.6,historical,,,,United States,USA,country,1985,electricity_sales,commercial,all_end_uses,sales_to_ultimate_customers,689.121387,TWh,point,689121.387,million_kWh,ESCCPUS,reported,2026-07,eia-mer-table-7.6.csv
DS-EIA-MER-7.6,SRC-EIA-MER-7.6,historical,,,,United States,USA,country,1985,electricity_sales,industrial,all_end_uses,sales_to_ultimate_customers,836.771997,TWh,point,836771.997,million_kWh,ESICPUS,reported,2026-07,eia-mer-table-7.6.csv
DS-EIA-MER-7.6,SRC-EIA-MER-7.6,historical,,,,United States,USA,country,1985,electricity_sales,residential,all_end_uses,sales_to_ultimate_customers,793.933848,TWh,point,793933.848,million_kWh,ESRCPUS,reported,2026-07,eia-mer-table-7.6.csv
DS-EIA-MER-7.6,SRC-EIA-MER-7.6,historical,,,,United States,USA,country,1985,electricity_sales,total,all_end_uses,sales_to_ultimate_customers,2323.973852,TWh,point,2323973.852,million_kWh,ESTCPUS,reported,2026-07,eia-mer-table-7.6.csv
DS-EIA-MER-7.6,SRC-EIA-MER-7.6,historical,,,,United States,USA,country,1985,electricity_sales,transportation,all_end_uses,sales_to_ultimate_customers,4.14662,TWh,point,4146.62,million_kWh,ESACPUS,reported,2026-07,eia-mer-table-7.6.csv
DS-EIA-MER-7.6,SRC-EIA-MER-7.6,historical,,,,United States,USA,country,1985,electricity_use,total,all_end_uses,sales_plus_direct_use,2323.973852,TWh,point,2323973.852,million_kWh,ELTCPUS,reported,2026-07,eia-mer-table-7.6.csv
DS-EIA-MER-7.6,SRC-EIA-MER-7.6,historical,,,,United States,USA,country,1986,electricity_sales,commercial,all_end_uses,sales_to_ultimate_customers,714.721226,TWh,point,714721.226,million_kWh,ESCCPUS,reported,2026-07,eia-mer-table-7.6.csv
DS-EIA-MER-7.6,SRC-EIA-MER-7.6,historical,,,,United States,USA,country,1986,electricity_sales,industrial,all_end_uses,sales_to_ultimate_customers,830.530503,TWh,point,830530.503,million_kWh,ESICPUS,reported,2026-07,eia-mer-table-7.6.csv
DS-EIA-MER-7.6,SRC-EIA-MER-7.6,historical,,,,United States,USA,country,1986,electricity_sales,residential,all_end_uses,sales_to_ultimate_customers,819.088315,TWh,point,819088.315,million_kWh,ESRCPUS,reported,2026-07,eia-mer-table-7.6.csv
DS-EIA-MER-7.6,SRC-EIA-MER-7.6,historical,,,,United States,USA,country,1986,electricity_sales,total,all_end_uses,sales_to_ultimate_customers,2368.753052,TWh,point,2368753.052,million_kWh,ESTCPUS,reported,2026-07,eia-mer-table-7.6.csv
DS-EIA-MER-7.6,SRC-EIA-MER-7.6,historical,,,,United States,USA,country,1986,electricity_sales,transportation,all_end_uses,sales_to_ultimate_customers,4.413008,TWh,point,4413.008,million_kWh,ESACPUS,reported,2026-07,eia-mer-table-7.6.csv
DS-EIA-MER-7.6,SRC-EIA-MER-7.6,historical,,,,United States,USA,country,1986,electricity_use,total,all_end_uses,sales_plus_direct_use,2368.753052,TWh,point,2368753.052,million_kWh,ELTCPUS,reported,2026-07,eia-mer-table-7.6.csv
DS-EIA-MER-7.6,SRC-EIA-MER-7.6,historical,,,,United States,USA,country,1987,electricity_sales,commercial,all_end_uses,sales_to_ultimate_customers,744.066688,TWh,point,744066.688,million_kWh,ESCCPUS,reported,2026-07,eia-mer-table-7.6.csv
DS-EIA-MER-7.6,SRC-EIA-MER-7.6,historical,,,,United States,USA,country,1987,electricity_sales,industrial,all_end_uses,sales_to_ultimate_customers,858.232919,TWh,point,858232.919,million_kWh,ESICPUS,reported,2026-07,eia-mer-table-7.6.csv
DS-EIA-MER-7.6,SRC-EIA-MER-7.6,historical,,,,United States,USA,country,1987,electricity_sales,residential,all_end_uses,sales_to_ultimate_customers,850.410251,TWh,point,850410.251,million_kWh,ESRCPUS,reported,2026-07,eia-mer-table-7.6.csv
DS-EIA-MER-7.6,SRC-EIA-MER-7.6,historical,,,,United States,USA,country,1987,electricity_sales,total,all_end_uses,sales_to_ultimate_customers,2457.272219,TWh,point,2457272.219,million_kWh,ESTCPUS,reported,2026-07,eia-mer-table-7.6.csv
DS-EIA-MER-7.6,SRC-EIA-MER-7.6,historical,,,,United States,USA,country,1987,electricity_sales,transportation,all_end_uses,sales_to_ultimate_customers,4.562361,TWh,point,4562.361,million_kWh,ESACPUS,reported,2026-07,eia-mer-table-7.6.csv
DS-EIA-MER-7.6,SRC-EIA-MER-7.6,historical,,,,United States,USA,country,1987,electricity_use,total,all_end_uses,sales_plus_direct_use,2457.272219,TWh,point,2457272.219,million_kWh,ELTCPUS,reported,2026-07,eia-mer-table-7.6.csv
DS-EIA-MER-7.6,SRC-EIA-MER-7.6,historical,,,,United States,USA,country,1988,electricity_sales,commercial,all_end_uses,sales_to_ultimate_customers,784.029281,TWh,point,784029.281,million_kWh,ESCCPUS,reported,2026-07,eia-mer-table-7.6.csv
DS-EIA-MER-7.6,SRC-EIA-MER-7.6,historical,,,,United States,USA,country,1988,electricity_sales,industrial,all_end_uses,sales_to_ultimate_customers,896.498117,TWh,point,896498.117,million_kWh,ESICPUS,reported,2026-07,eia-mer-table-7.6.csv
DS-EIA-MER-7.6,SRC-EIA-MER-7.6,historical,,,,United States,USA,country,1988,electricity_sales,residential,all_end_uses,sales_to_ultimate_customers,892.866141,TWh,point,892866.141,million_kWh,ESRCPUS,reported,2026-07,eia-mer-table-7.6.csv
DS-EIA-MER-7.6,SRC-EIA-MER-7.6,historical,,,,United States,USA,country,1988,electricity_sales,total,all_end_uses,sales_to_ultimate_customers,2578.062495,TWh,point,2578062.495,million_kWh,ESTCPUS,reported,2026-07,eia-mer-table-7.6.csv
DS-EIA-MER-7.6,SRC-EIA-MER-7.6,historical,,,,United States,USA,country,1988,electricity_sales,transportation,all_end_uses,sales_to_ultimate_customers,4.668956,TWh,point,4668.956,million_kWh,ESACPUS,reported,2026-07,eia-mer-table-7.6.csv
DS-EIA-MER-7.6,SRC-EIA-MER-7.6,historical,,,,United States,USA,country,1988,electricity_use,total,all_end_uses,sales_plus_direct_use,2578.062495,TWh,point,2578062.495,million_kWh,ELTCPUS,reported,2026-07,eia-mer-table-7.6.csv
DS-EIA-MER-7.6,SRC-EIA-MER-7.6,historical,,,,United States,USA,country,1989,direct_use,total,all_end_uses,electricity_generated_and_used_on_site,108.825821,TWh,point,108825.821,million_kWh,ELDUPUS,reported,2026-07,eia-mer-table-7.6.csv
DS-EIA-MER-7.6,SRC-EIA-MER-7.6,historical,,,,United States,USA,country,1989,electricity_sales,commercial,all_end_uses,sales_to_ultimate_customers,810.855918,TWh,point,810855.918,million_kWh,ESCCPUS,reported,2026-07,eia-mer-table-7.6.csv
DS-EIA-MER-7.6,SRC-EIA-MER-7.6,historical,,,,United States,USA,country,1989,electricity_sales,industrial,all_end_uses,sales_to_ultimate_customers,925.658669,TWh,point,925658.669,million_kWh,ESICPUS,reported,2026-07,eia-mer-table-7.6.csv
DS-EIA-MER-7.6,SRC-EIA-MER-7.6,historical,,,,United States,USA,country,1989,electricity_sales,residential,all_end_uses,sales_to_ultimate_customers,905.524634,TWh,point,905524.634,million_kWh,ESRCPUS,reported,2026-07,eia-mer-table-7.6.csv
DS-EIA-MER-7.6,SRC-EIA-MER-7.6,historical,,,,United States,USA,country,1989,electricity_sales,total,all_end_uses,sales_to_ultimate_customers,2646.809332,TWh,point,2646809.332,million_kWh,ESTCPUS,reported,2026-07,eia-mer-table-7.6.csv
DS-EIA-MER-7.6,SRC-EIA-MER-7.6,historical,,,,United States,USA,country,1989,electricity_sales,transportation,all_end_uses,sales_to_ultimate_customers,4.770111,TWh,point,4770.111,million_kWh,ESACPUS,reported,2026-07,eia-mer-table-7.6.csv
DS-EIA-MER-7.6,SRC-EIA-MER-7.6,historical,,,,United States,USA,country,1989,electricity_use,total,all_end_uses,sales_plus_direct_use,2755.635153,TWh,point,2755635.153,million_kWh,ELTCPUS,reported,2026-07,eia-mer-table-7.6.csv
DS-EIA-MER-7.6,SRC-EIA-MER-7.6,historical,,,,United States,USA,country,1990,direct_use,total,all_end_uses,electricity_generated_and_used_on_site,124.52894,TWh,point,124528.94,million_kWh,ELDUPUS,reported,2026-07,eia-mer-table-7.6.csv
DS-EIA-MER-7.6,SRC-EIA-MER-7.6,historical,,,,United States,USA,country,1990,electricity_sales,commercial,all_end_uses,sales_to_ultimate_customers,838.263106,TWh,point,838263.106,million_kWh,ESCCPUS,reported,2026-07,eia-mer-table-7.6.csv
DS-EIA-MER-7.6,SRC-EIA-MER-7.6,historical,,,,United States,USA,country,1990,electricity_sales,industrial,all_end_uses,sales_to_ultimate_customers,945.521695,TWh,point,945521.695,million_kWh,ESICPUS,reported,2026-07,eia-mer-table-7.6.csv
DS-EIA-MER-7.6,SRC-EIA-MER-7.6,historical,,,,United States,USA,country,1990,electricity_sales,residential,all_end_uses,sales_to_ultimate_customers,924.018699,TWh,point,924018.699,million_kWh,ESRCPUS,reported,2026-07,eia-mer-table-7.6.csv
DS-EIA-MER-7.6,SRC-EIA-MER-7.6,historical,,,,United States,USA,country,1990,electricity_sales,total,all_end_uses,sales_to_ultimate_customers,2712.554665,TWh,point,2712554.665,million_kWh,ESTCPUS,reported,2026-07,eia-mer-table-7.6.csv
DS-EIA-MER-7.6,SRC-EIA-MER-7.6,historical,,,,United States,USA,country,1990,electricity_sales,transportation,all_end_uses,sales_to_ultimate_customers,4.751165,TWh,point,4751.165,million_kWh,ESACPUS,reported,2026-07,eia-mer-table-7.6.csv
DS-EIA-MER-7.6,SRC-EIA-MER-7.6,historical,,,,United States,USA,country,1990,electricity_use,total,all_end_uses,sales_plus_direct_use,2837.083605,TWh,point,2837083.605,million_kWh,ELTCPUS,reported,2026-07,eia-mer-table-7.6.csv
DS-EIA-MER-7.6,SRC-EIA-MER-7.6,historical,,,,United States,USA,country,1991,direct_use,total,all_end_uses,electricity_generated_and_used_on_site,124.057179,TWh,point,124057.179,million_kWh,ELDUPUS,reported,2026-07,eia-mer-table-7.6.csv
DS-EIA-MER-7.6,SRC-EIA-MER-7.6,historical,,,,United States,USA,country,1991,electricity_sales,commercial,all_end_uses,sales_to_ultimate_customers,855.243856,TWh,point,855243.856,million_kWh,ESCCPUS,reported,2026-07,eia-mer-table-7.6.csv
DS-EIA-MER-7.6,SRC-EIA-MER-7.6,historical,,,,United States,USA,country,1991,electricity_sales,industrial,all_end_uses,sales_to_ultimate_customers,946.583391,TWh,point,946583.391,million_kWh,ESICPUS,reported,2026-07,eia-mer-table-7.6.csv
DS-EIA-MER-7.6,SRC-EIA-MER-7.6,historical,,,,United States,USA,country,1991,electricity_sales,residential,all_end_uses,sales_to_ultimate_customers,955.41735,TWh,point,955417.35,million_kWh,ESRCPUS,reported,2026-07,eia-mer-table-7.6.csv
DS-EIA-MER-7.6,SRC-EIA-MER-7.6,historical,,,,United States,USA,country,1991,electricity_sales,total,all_end_uses,sales_to_ultimate_customers,2762.00304,TWh,point,2762003.04,million_kWh,ESTCPUS,reported,2026-07,eia-mer-table-7.6.csv
DS-EIA-MER-7.6,SRC-EIA-MER-7.6,historical,,,,United States,USA,country,1991,electricity_sales,transportation,all_end_uses,sales_to_ultimate_customers,4.758443,TWh,point,4758.443,million_kWh,ESACPUS,reported,2026-07,eia-mer-table-7.6.csv
DS-EIA-MER-7.6,SRC-EIA-MER-7.6,historical,,,,United States,USA,country,1991,electricity_use,total,all_end_uses,sales_plus_direct_use,2886.060219,TWh,point,2886060.219,million_kWh,ELTCPUS,reported,2026-07,eia-mer-table-7.6.csv
DS-EIA-MER-7.6,SRC-EIA-MER-7.6,historical,,,,United States,USA,country,1992,direct_use,total,all_end_uses,electricity_generated_and_used_on_site,133.841244,TWh,point,133841.244,million_kWh,ELDUPUS,reported,2026-07,eia-mer-table-7.6.csv
DS-EIA-MER-7.6,SRC-EIA-MER-7.6,historical,,,,United States,USA,country,1992,electricity_sales,commercial,all_end_uses,sales_to_ultimate_customers,850.006922,TWh,point,850006.922,million_kWh,ESCCPUS,reported,2026-07,eia-mer-table-7.6.csv
DS-EIA-MER-7.6,SRC-EIA-MER-7.6,historical,,,,United States,USA,country,1992,electricity_sales,industrial,all_end_uses,sales_to_ultimate_customers,972.71399,TWh,point,972713.99,million_kWh,ESICPUS,reported,2026-07,eia-mer-table-7.6.csv
DS-EIA-MER-7.6,SRC-EIA-MER-7.6,historical,,,,United States,USA,country,1992,electricity_sales,residential,all_end_uses,sales_to_ultimate_customers,935.938788,TWh,point,935938.788,million_kWh,ESRCPUS,reported,2026-07,eia-mer-table-7.6.csv
DS-EIA-MER-7.6,SRC-EIA-MER-7.6,historical,,,,United States,USA,country,1992,electricity_sales,total,all_end_uses,sales_to_ultimate_customers,2763.365446,TWh,point,2763365.446,million_kWh,ESTCPUS,reported,2026-07,eia-mer-table-7.6.csv
DS-EIA-MER-7.6,SRC-EIA-MER-7.6,historical,,,,United States,USA,country,1992,electricity_sales,transportation,all_end_uses,sales_to_ultimate_customers,4.705746,TWh,point,4705.746,million_kWh,ESACPUS,reported,2026-07,eia-mer-table-7.6.csv
DS-EIA-MER-7.6,SRC-EIA-MER-7.6,historical,,,,United States,USA,country,1992,electricity_use,total,all_end_uses,sales_plus_direct_use,2897.20669,TWh,point,2897206.69,million_kWh,ELTCPUS,reported,2026-07,eia-mer-table-7.6.csv
DS-EIA-MER-7.6,SRC-EIA-MER-7.6,historical,,,,United States,USA,country,1993,direct_use,total,all_end_uses,electricity_generated_and_used_on_site,139.237877,TWh,point,139237.877,million_kWh,ELDUPUS,reported,2026-07,eia-mer-table-7.6.csv
DS-EIA-MER-7.6,SRC-EIA-MER-7.6,historical,,,,United States,USA,country,1993,electricity_sales,commercial,all_end_uses,sales_to_ultimate_customers,884.74634,TWh,point,884746.34,million_kWh,ESCCPUS,reported,2026-07,eia-mer-table-7.6.csv
DS-EIA-MER-7.6,SRC-EIA-MER-7.6,historical,,,,United States,USA,country,1993,electricity_sales,industrial,all_end_uses,sales_to_ultimate_customers,977.16425,TWh,point,977164.25,million_kWh,ESICPUS,reported,2026-07,eia-mer-table-7.6.csv
DS-EIA-MER-7.6,SRC-EIA-MER-7.6,historical,,,,United States,USA,country,1993,electricity_sales,residential,all_end_uses,sales_to_ultimate_customers,994.780818,TWh,point,994780.818,million_kWh,ESRCPUS,reported,2026-07,eia-mer-table-7.6.csv
DS-EIA-MER-7.6,SRC-EIA-MER-7.6,historical,,,,United States,USA,country,1993,electricity_sales,total,all_end_uses,sales_to_ultimate_customers,2861.46234,TWh,point,2861462.34,million_kWh,ESTCPUS,reported,2026-07,eia-mer-table-7.6.csv
DS-EIA-MER-7.6,SRC-EIA-MER-7.6,historical,,,,United States,USA,country,1993,electricity_sales,transportation,all_end_uses,sales_to_ultimate_customers,4.770932,TWh,point,4770.932,million_kWh,ESACPUS,reported,2026-07,eia-mer-table-7.6.csv
DS-EIA-MER-7.6,SRC-EIA-MER-7.6,historical,,,,United States,USA,country,1993,electricity_use,total,all_end_uses,sales_plus_direct_use,3000.700217,TWh,point,3000700.217,million_kWh,ELTCPUS,reported,2026-07,eia-mer-table-7.6.csv
DS-EIA-MER-7.6,SRC-EIA-MER-7.6,historical,,,,United States,USA,country,1994,direct_use,total,all_end_uses,electricity_generated_and_used_on_site,146.325334,TWh,point,146325.334,million_kWh,ELDUPUS,reported,2026-07,eia-mer-table-7.6.csv
DS-EIA-MER-7.6,SRC-EIA-MER-7.6,historical,,,,United States,USA,country,1994,electricity_sales,commercial,all_end_uses,sales_to_ultimate_customers,913.105691,TWh,point,913105.691,million_kWh,ESCCPUS,reported,2026-07,eia-mer-table-7.6.csv
DS-EIA-MER-7.6,SRC-EIA-MER-7.6,historical,,,,United States,USA,country,1994,electricity_sales,industrial,all_end_uses,sales_to_ultimate_customers,1007.981245,TWh,point,1007981.245,million_kWh,ESICPUS,reported,2026-07,eia-mer-table-7.6.csv
DS-EIA-MER-7.6,SRC-EIA-MER-7.6,historical,,,,United States,USA,country,1994,electricity_sales,residential,all_end_uses,sales_to_ultimate_customers,1008.481682,TWh,point,1008481.682,million_kWh,ESRCPUS,reported,2026-07,eia-mer-table-7.6.csv
DS-EIA-MER-7.6,SRC-EIA-MER-7.6,historical,,,,United States,USA,country,1994,electricity_sales,total,all_end_uses,sales_to_ultimate_customers,2934.562864,TWh,point,2934562.864,million_kWh,ESTCPUS,reported,2026-07,eia-mer-table-7.6.csv
DS-EIA-MER-7.6,SRC-EIA-MER-7.6,historical,,,,United States,USA,country,1994,electricity_sales,transportation,all_end_uses,sales_to_ultimate_customers,4.994246,TWh,point,4994.246,million_kWh,ESACPUS,reported,2026-07,eia-mer-table-7.6.csv
DS-EIA-MER-7.6,SRC-EIA-MER-7.6,historical,,,,United States,USA,country,1994,electricity_use,total,all_end_uses,sales_plus_direct_use,3080.888198,TWh,point,3080888.198,million_kWh,ELTCPUS,reported,2026-07,eia-mer-table-7.6.csv
DS-EIA-MER-7.6,SRC-EIA-MER-7.6,historical,,,,United States,USA,country,1995,direct_use,total,all_end_uses,electricity_generated_and_used_on_site,150.67654,TWh,point,150676.54,million_kWh,ELDUPUS,reported,2026-07,eia-mer-table-7.6.csv
DS-EIA-MER-7.6,SRC-EIA-MER-7.6,historical,,,,United States,USA,country,1995,electricity_sales,commercial,all_end_uses,sales_to_ultimate_customers,953.117248,TWh,point,953117.248,million_kWh,ESCCPUS,reported,2026-07,eia-mer-table-7.6.csv
DS-EIA-MER-7.6,SRC-EIA-MER-7.6,historical,,,,United States,USA,country,1995,electricity_sales,industrial,all_end_uses,sales_to_ultimate_customers,1012.69335,TWh,point,1012693.35,million_kWh,ESICPUS,reported,2026-07,eia-mer-table-7.6.csv
DS-EIA-MER-7.6,SRC-EIA-MER-7.6,historical,,,,United States,USA,country,1995,electricity_sales,residential,all_end_uses,sales_to_ultimate_customers,1042.501471,TWh,point,1042501.471,million_kWh,ESRCPUS,reported,2026-07,eia-mer-table-7.6.csv
DS-EIA-MER-7.6,SRC-EIA-MER-7.6,historical,,,,United States,USA,country,1995,electricity_sales,total,all_end_uses,sales_to_ultimate_customers,3013.286589,TWh,point,3013286.589,million_kWh,ESTCPUS,reported,2026-07,eia-mer-table-7.6.csv
DS-EIA-MER-7.6,SRC-EIA-MER-7.6,historical,,,,United States,USA,country,1995,electricity_sales,transportation,all_end_uses,sales_to_ultimate_customers,4.97452,TWh,point,4974.52,million_kWh,ESACPUS,reported,2026-07,eia-mer-table-7.6.csv
DS-EIA-MER-7.6,SRC-EIA-MER-7.6,historical,,,,United States,USA,country,1995,electricity_use,total,all_end_uses,sales_plus_direct_use,3163.963129,TWh,point,3163963.129,million_kWh,ELTCPUS,reported,2026-07,eia-mer-table-7.6.csv
DS-EIA-MER-7.6,SRC-EIA-MER-7.6,historical,,,,United States,USA,country,1996,direct_use,total,all_end_uses,electricity_generated_and_used_on_site,152.638016,TWh,point,152638.016,million_kWh,ELDUPUS,reported,2026-07,eia-mer-table-7.6.csv
DS-EIA-MER-7.6,SRC-EIA-MER-7.6,historical,,,,United States,USA,country,1996,electricity_sales,commercial,all_end_uses,sales_to_ultimate_customers,980.061119,TWh,point,980061.119,million_kWh,ESCCPUS,reported,2026-07,eia-mer-table-7.6.csv
DS-EIA-MER-7.6,SRC-EIA-MER-7.6,historical,,,,United States,USA,country,1996,electricity_sales,industrial,all_end_uses,sales_to_ultimate_customers,1033.631378,TWh,point,1033631.378,million_kWh,ESICPUS,reported,2026-07,eia-mer-table-7.6.csv
DS-EIA-MER-7.6,SRC-EIA-MER-7.6,historical,,,,United States,USA,country,1996,electricity_sales,residential,all_end_uses,sales_to_ultimate_customers,1082.51175,TWh,point,1082511.75,million_kWh,ESRCPUS,reported,2026-07,eia-mer-table-7.6.csv
DS-EIA-MER-7.6,SRC-EIA-MER-7.6,historical,,,,United States,USA,country,1996,electricity_sales,total,all_end_uses,sales_to_ultimate_customers,3101.127025,TWh,point,3101127.025,million_kWh,ESTCPUS,reported,2026-07,eia-mer-table-7.6.csv
DS-EIA-MER-7.6,SRC-EIA-MER-7.6,historical,,,,United States,USA,country,1996,electricity_sales,transportation,all_end_uses,sales_to_ultimate_customers,4.922778,TWh,point,4922.778,million_kWh,ESACPUS,reported,2026-07,eia-mer-table-7.6.csv
DS-EIA-MER-7.6,SRC-EIA-MER-7.6,historical,,,,United States,USA,country,1996,electricity_use,total,all_end_uses,sales_plus_direct_use,3253.765041,TWh,point,3253765.041,million_kWh,ELTCPUS,reported,2026-07,eia-mer-table-7.6.csv
DS-EIA-MER-7.6,SRC-EIA-MER-7.6,historical,,,,United States,USA,country,1997,direct_use,total,all_end_uses,electricity_generated_and_used_on_site,156.238898,TWh,point,156238.898,million_kWh,ELDUPUS,reported,2026-07,eia-mer-table-7.6.csv
DS-EIA-MER-7.6,SRC-EIA-MER-7.6,historical,,,,United States,USA,country,1997,electricity_sales,commercial,all_end_uses,sales_to_ultimate_customers,1026.626105,TWh,point,1026626.105,million_kWh,ESCCPUS,reported,2026-07,eia-mer-table-7.6.csv
DS-EIA-MER-7.6,SRC-EIA-MER-7.6,historical,,,,United States,USA,country,1997,electricity_sales,industrial,all_end_uses,sales_to_ultimate_customers,1038.196892,TWh,point,1038196.892,million_kWh,ESICPUS,reported,2026-07,eia-mer-table-7.6.csv
DS-EIA-MER-7.6,SRC-EIA-MER-7.6,historical,,,,United States,USA,country,1997,electricity_sales,residential,all_end_uses,sales_to_ultimate_customers,1075.880095,TWh,point,1075880.095,million_kWh,ESRCPUS,reported,2026-07,eia-mer-table-7.6.csv
DS-EIA-MER-7.6,SRC-EIA-MER-7.6,historical,,,,United States,USA,country,1997,electricity_sales,total,all_end_uses,sales_to_ultimate_customers,3145.610425,TWh,point,3145610.425,million_kWh,ESTCPUS,reported,2026-07,eia-mer-table-7.6.csv
DS-EIA-MER-7.6,SRC-EIA-MER-7.6,historical,,,,United States,USA,country,1997,electricity_sales,transportation,all_end_uses,sales_to_ultimate_customers,4.907333,TWh,point,4907.333,million_kWh,ESACPUS,reported,2026-07,eia-mer-table-7.6.csv
DS-EIA-MER-7.6,SRC-EIA-MER-7.6,historical,,,,United States,USA,country,1997,electricity_use,total,all_end_uses,sales_plus_direct_use,3301.849323,TWh,point,3301849.323,million_kWh,ELTCPUS,reported,2026-07,eia-mer-table-7.6.csv
DS-EIA-MER-7.6,SRC-EIA-MER-7.6,historical,,,,United States,USA,country,1998,direct_use,total,all_end_uses,electricity_generated_and_used_on_site,160.865884,TWh,point,160865.884,million_kWh,ELDUPUS,reported,2026-07,eia-mer-table-7.6.csv
DS-EIA-MER-7.6,SRC-EIA-MER-7.6,historical,,,,United States,USA,country,1998,electricity_sales,commercial,all_end_uses,sales_to_ultimate_customers,1077.956919,TWh,point,1077956.919,million_kWh,ESCCPUS,reported,2026-07,eia-mer-table-7.6.csv
DS-EIA-MER-7.6,SRC-EIA-MER-7.6,historical,,,,United States,USA,country,1998,electricity_sales,industrial,all_end_uses,sales_to_ultimate_customers,1051.203114,TWh,point,1051203.114,million_kWh,ESICPUS,reported,2026-07,eia-mer-table-7.6.csv
DS-EIA-MER-7.6,SRC-EIA-MER-7.6,historical,,,,United States,USA,country,1998,electricity_sales,residential,all_end_uses,sales_to_ultimate_customers,1130.10912,TWh,point,1130109.12,million_kWh,ESRCPUS,reported,2026-07,eia-mer-table-7.6.csv
DS-EIA-MER-7.6,SRC-EIA-MER-7.6,historical,,,,United States,USA,country,1998,electricity_sales,total,all_end_uses,sales_to_ultimate_customers,3264.230751,TWh,point,3264230.751,million_kWh,ESTCPUS,reported,2026-07,eia-mer-table-7.6.csv
DS-EIA-MER-7.6,SRC-EIA-MER-7.6,historical,,,,United States,USA,country,1998,electricity_sales,transportation,all_end_uses,sales_to_ultimate_customers,4.961598,TWh,point,4961.598,million_kWh,ESACPUS,reported,2026-07,eia-mer-table-7.6.csv
DS-EIA-MER-7.6,SRC-EIA-MER-7.6,historical,,,,United States,USA,country,1998,electricity_use,total,all_end_uses,sales_plus_direct_use,3425.096635,TWh,point,3425096.635,million_kWh,ELTCPUS,reported,2026-07,eia-mer-table-7.6.csv
DS-EIA-MER-7.6,SRC-EIA-MER-7.6,historical,,,,United States,USA,country,1999,direct_use,total,all_end_uses,electricity_generated_and_used_on_site,171.629285,TWh,point,171629.285,million_kWh,ELDUPUS,reported,2026-07,eia-mer-table-7.6.csv
DS-EIA-MER-7.6,SRC-EIA-MER-7.6,historical,,,,United States,USA,country,1999,electricity_sales,commercial,all_end_uses,sales_to_ultimate_customers,1103.82121,TWh,point,1103821.21,million_kWh,ESCCPUS,reported,2026-07,eia-mer-table-7.6.csv
DS-EIA-MER-7.6,SRC-EIA-MER-7.6,historical,,,,United States,USA,country,1999,electricity_sales,industrial,all_end_uses,sales_to_ultimate_customers,1058.216608,TWh,point,1058216.608,million_kWh,ESICPUS,reported,2026-07,eia-mer-table-7.6.csv
DS-EIA-MER-7.6,SRC-EIA-MER-7.6,historical,,,,United States,USA,country,1999,electricity_sales,residential,all_end_uses,sales_to_ultimate_customers,1144.923068,TWh,point,1144923.068,million_kWh,ESRCPUS,reported,2026-07,eia-mer-table-7.6.csv
DS-EIA-MER-7.6,SRC-EIA-MER-7.6,historical,,,,United States,USA,country,1999,electricity_sales,total,all_end_uses,sales_to_ultimate_customers,3312.08708,TWh,point,3312087.08,million_kWh,ESTCPUS,reported,2026-07,eia-mer-table-7.6.csv
DS-EIA-MER-7.6,SRC-EIA-MER-7.6,historical,,,,United States,USA,country,1999,electricity_sales,transportation,all_end_uses,sales_to_ultimate_customers,5.126194,TWh,point,5126.194,million_kWh,ESACPUS,reported,2026-07,eia-mer-table-7.6.csv
DS-EIA-MER-7.6,SRC-EIA-MER-7.6,historical,,,,United States,USA,country,1999,electricity_use,total,all_end_uses,sales_plus_direct_use,3483.716365,TWh,point,3483716.365,million_kWh,ELTCPUS,reported,2026-07,eia-mer-table-7.6.csv
DS-EIA-MER-7.6,SRC-EIA-MER-7.6,historical,,,,United States,USA,country,2000,direct_use,total,all_end_uses,electricity_generated_and_used_on_site,170.942509,TWh,point,170942.509,million_kWh,ELDUPUS,reported,2026-07,eia-mer-table-7.6.csv
DS-EIA-MER-7.6,SRC-EIA-MER-7.6,historical,,,,United States,USA,country,2000,electricity_sales,commercial,all_end_uses,sales_to_ultimate_customers,1159.34664,TWh,point,1159346.64,million_kWh,ESCCPUS,reported,2026-07,eia-mer-table-7.6.csv
DS-EIA-MER-7.6,SRC-EIA-MER-7.6,historical,,,,United States,USA,country,2000,electricity_sales,industrial,all_end_uses,sales_to_ultimate_customers,1064.239394,TWh,point,1064239.394,million_kWh,ESICPUS,reported,2026-07,eia-mer-table-7.6.csv
DS-EIA-MER-7.6,SRC-EIA-MER-7.6,historical,,,,United States,USA,country,2000,electricity_sales,residential,all_end_uses,sales_to_ultimate_customers,1192.446491,TWh,point,1192446.491,million_kWh,ESRCPUS,reported,2026-07,eia-mer-table-7.6.csv
DS-EIA-MER-7.6,SRC-EIA-MER-7.6,historical,,,,United States,USA,country,2000,electricity_sales,total,all_end_uses,sales_to_ultimate_customers,3421.414268,TWh,point,3421414.268,million_kWh,ESTCPUS,reported,2026-07,eia-mer-table-7.6.csv
DS-EIA-MER-7.6,SRC-EIA-MER-7.6,historical,,,,United States,USA,country,2000,electricity_sales,transportation,all_end_uses,sales_to_ultimate_customers,5.381743,TWh,point,5381.743,million_kWh,ESACPUS,reported,2026-07,eia-mer-table-7.6.csv
DS-EIA-MER-7.6,SRC-EIA-MER-7.6,historical,,,,United States,USA,country,2000,electricity_use,total,all_end_uses,sales_plus_direct_use,3592.356777,TWh,point,3592356.777,million_kWh,ELTCPUS,reported,2026-07,eia-mer-table-7.6.csv
DS-EIA-MER-7.6,SRC-EIA-MER-7.6,historical,,,,United States,USA,country,2001,direct_use,total,all_end_uses,electricity_generated_and_used_on_site,162.648615,TWh,point,162648.615,million_kWh,ELDUPUS,reported,2026-07,eia-mer-table-7.6.csv
DS-EIA-MER-7.6,SRC-EIA-MER-7.6,historical,,,,United States,USA,country,2001,electricity_sales,commercial,all_end_uses,sales_to_ultimate_customers,1190.517876,TWh,point,1190517.876,million_kWh,ESCCPUS,reported,2026-07,eia-mer-table-7.6.csv
DS-EIA-MER-7.6,SRC-EIA-MER-7.6,historical,,,,United States,USA,country,2001,electricity_sales,industrial,all_end_uses,sales_to_ultimate_customers,996.60931,TWh,point,996609.31,million_kWh,ESICPUS,reported,2026-07,eia-mer-table-7.6.csv
DS-EIA-MER-7.6,SRC-EIA-MER-7.6,historical,,,,United States,USA,country,2001,electricity_sales,residential,all_end_uses,sales_to_ultimate_customers,1201.606593,TWh,point,1201606.593,million_kWh,ESRCPUS,reported,2026-07,eia-mer-table-7.6.csv
DS-EIA-MER-7.6,SRC-EIA-MER-7.6,historical,,,,United States,USA,country,2001,electricity_sales,total,all_end_uses,sales_to_ultimate_customers,3394.458104,TWh,point,3394458.104,million_kWh,ESTCPUS,reported,2026-07,eia-mer-table-7.6.csv
DS-EIA-MER-7.6,SRC-EIA-MER-7.6,historical,,,,United States,USA,country,2001,electricity_sales,transportation,all_end_uses,sales_to_ultimate_customers,5.724325,TWh,point,5724.325,million_kWh,ESACPUS,reported,2026-07,eia-mer-table-7.6.csv
DS-EIA-MER-7.6,SRC-EIA-MER-7.6,historical,,,,United States,USA,country,2001,electricity_use,total,all_end_uses,sales_plus_direct_use,3557.106719,TWh,point,3557106.719,million_kWh,ELTCPUS,reported,2026-07,eia-mer-table-7.6.csv
DS-EIA-MER-7.6,SRC-EIA-MER-7.6,historical,,,,United States,USA,country,2002,direct_use,total,all_end_uses,electricity_generated_and_used_on_site,166.184296,TWh,point,166184.296,million_kWh,ELDUPUS,reported,2026-07,eia-mer-table-7.6.csv
DS-EIA-MER-7.6,SRC-EIA-MER-7.6,historical,,,,United States,USA,country,2002,electricity_sales,commercial,all_end_uses,sales_to_ultimate_customers,1204.531313,TWh,point,1204531.313,million_kWh,ESCCPUS,reported,2026-07,eia-mer-table-7.6.csv
DS-EIA-MER-7.6,SRC-EIA-MER-7.6,historical,,,,United States,USA,country,2002,electricity_sales,industrial,all_end_uses,sales_to_ultimate_customers,990.237631,TWh,point,990237.631,million_kWh,ESICPUS,reported,2026-07,eia-mer-table-7.6.csv
DS-EIA-MER-7.6,SRC-EIA-MER-7.6,historical,,,,United States,USA,country,2002,electricity_sales,residential,all_end_uses,sales_to_ultimate_customers,1265.179869,TWh,point,1265179.869,million_kWh,ESRCPUS,reported,2026-07,eia-mer-table-7.6.csv
DS-EIA-MER-7.6,SRC-EIA-MER-7.6,historical,,,,United States,USA,country,2002,electricity_sales,total,all_end_uses,sales_to_ultimate_customers,3465.466011,TWh,point,3465466.011,million_kWh,ESTCPUS,reported,2026-07,eia-mer-table-7.6.csv
DS-EIA-MER-7.6,SRC-EIA-MER-7.6,historical,,,,United States,USA,country,2002,electricity_sales,transportation,all_end_uses,sales_to_ultimate_customers,5.517198,TWh,point,5517.198,million_kWh,ESACPUS,reported,2026-07,eia-mer-table-7.6.csv
DS-EIA-MER-7.6,SRC-EIA-MER-7.6,historical,,,,United States,USA,country,2002,electricity_use,total,all_end_uses,sales_plus_direct_use,3631.650307,TWh,point,3631650.307,million_kWh,ELTCPUS,reported,2026-07,eia-mer-table-7.6.csv
DS-EIA-MER-7.6,SRC-EIA-MER-7.6,historical,,,,United States,USA,country,2003,direct_use,total,all_end_uses,electricity_generated_and_used_on_site,168.294526,TWh,point,168294.526,million_kWh,ELDUPUS,reported,2026-07,eia-mer-table-7.6.csv
DS-EIA-MER-7.6,SRC-EIA-MER-7.6,historical,,,,United States,USA,country,2003,electricity_sales,commercial,all_end_uses,sales_to_ultimate_customers,1198.727601,TWh,point,1198727.601,million_kWh,ESCCPUS,reported,2026-07,eia-mer-table-7.6.csv
DS-EIA-MER-7.6,SRC-EIA-MER-7.6,historical,,,,United States,USA,country,2003,electricity_sales,industrial,all_end_uses,sales_to_ultimate_customers,1012.373247,TWh,point,1012373.247,million_kWh,ESICPUS,reported,2026-07,eia-mer-table-7.6.csv
DS-EIA-MER-7.6,SRC-EIA-MER-7.6,historical,,,,United States,USA,country,2003,electricity_sales,residential,all_end_uses,sales_to_ultimate_customers,1275.82391,TWh,point,1275823.91,million_kWh,ESRCPUS,reported,2026-07,eia-mer-table-7.6.csv
DS-EIA-MER-7.6,SRC-EIA-MER-7.6,historical,,,,United States,USA,country,2003,electricity_sales,total,all_end_uses,sales_to_ultimate_customers,3493.734486,TWh,point,3493734.486,million_kWh,ESTCPUS,reported,2026-07,eia-mer-table-7.6.csv
DS-EIA-MER-7.6,SRC-EIA-MER-7.6,historical,,,,United States,USA,country,2003,electricity_sales,transportation,all_end_uses,sales_to_ultimate_customers,6.809728,TWh,point,6809.728,million_kWh,ESACPUS,reported,2026-07,eia-mer-table-7.6.csv
DS-EIA-MER-7.6,SRC-EIA-MER-7.6,historical,,,,United States,USA,country,2003,electricity_use,total,all_end_uses,sales_plus_direct_use,3662.029012,TWh,point,3662029.012,million_kWh,ELTCPUS,reported,2026-07,eia-mer-table-7.6.csv
DS-EIA-MER-7.6,SRC-EIA-MER-7.6,historical,,,,United States,USA,country,2004,direct_use,total,all_end_uses,electricity_generated_and_used_on_site,168.470002,TWh,point,168470.002,million_kWh,ELDUPUS,reported,2026-07,eia-mer-table-7.6.csv
DS-EIA-MER-7.6,SRC-EIA-MER-7.6,historical,,,,United States,USA,country,2004,electricity_sales,commercial,all_end_uses,sales_to_ultimate_customers,1230.424731,TWh,point,1230424.731,million_kWh,ESCCPUS,reported,2026-07,eia-mer-table-7.6.csv
DS-EIA-MER-7.6,SRC-EIA-MER-7.6,historical,,,,United States,USA,country,2004,electricity_sales,industrial,all_end_uses,sales_to_ultimate_customers,1017.849532,TWh,point,1017849.532,million_kWh,ESICPUS,reported,2026-07,eia-mer-table-7.6.csv
DS-EIA-MER-7.6,SRC-EIA-MER-7.6,historical,,,,United States,USA,country,2004,electricity_sales,residential,all_end_uses,sales_to_ultimate_customers,1291.981578,TWh,point,1291981.578,million_kWh,ESRCPUS,reported,2026-07,eia-mer-table-7.6.csv
DS-EIA-MER-7.6,SRC-EIA-MER-7.6,historical,,,,United States,USA,country,2004,electricity_sales,total,all_end_uses,sales_to_ultimate_customers,3547.479483,TWh,point,3547479.483,million_kWh,ESTCPUS,reported,2026-07,eia-mer-table-7.6.csv
DS-EIA-MER-7.6,SRC-EIA-MER-7.6,historical,,,,United States,USA,country,2004,electricity_sales,transportation,all_end_uses,sales_to_ultimate_customers,7.223642,TWh,point,7223.642,million_kWh,ESACPUS,reported,2026-07,eia-mer-table-7.6.csv
DS-EIA-MER-7.6,SRC-EIA-MER-7.6,historical,,,,United States,USA,country,2004,electricity_use,total,all_end_uses,sales_plus_direct_use,3715.949485,TWh,point,3715949.485,million_kWh,ELTCPUS,reported,2026-07,eia-mer-table-7.6.csv
DS-EIA-MER-7.6,SRC-EIA-MER-7.6,historical,,,,United States,USA,country,2005,direct_use,total,all_end_uses,electricity_generated_and_used_on_site,150.015531,TWh,point,150015.531,million_kWh,ELDUPUS,reported,2026-07,eia-mer-table-7.6.csv
DS-EIA-MER-7.6,SRC-EIA-MER-7.6,historical,,,,United States,USA,country,2005,electricity_sales,commercial,all_end_uses,sales_to_ultimate_customers,1275.07902,TWh,point,1275079.02,million_kWh,ESCCPUS,reported,2026-07,eia-mer-table-7.6.csv
DS-EIA-MER-7.6,SRC-EIA-MER-7.6,historical,,,,United States,USA,country,2005,electricity_sales,industrial,all_end_uses,sales_to_ultimate_customers,1019.156065,TWh,point,1019156.065,million_kWh,ESICPUS,reported,2026-07,eia-mer-table-7.6.csv
DS-EIA-MER-7.6,SRC-EIA-MER-7.6,historical,,,,United States,USA,country,2005,electricity_sales,residential,all_end_uses,sales_to_ultimate_customers,1359.227107,TWh,point,1359227.107,million_kWh,ESRCPUS,reported,2026-07,eia-mer-table-7.6.csv
DS-EIA-MER-7.6,SRC-EIA-MER-7.6,historical,,,,United States,USA,country,2005,electricity_sales,total,all_end_uses,sales_to_ultimate_customers,3660.968513,TWh,point,3660968.513,million_kWh,ESTCPUS,reported,2026-07,eia-mer-table-7.6.csv
DS-EIA-MER-7.6,SRC-EIA-MER-7.6,historical,,,,United States,USA,country,2005,electricity_sales,transportation,all_end_uses,sales_to_ultimate_customers,7.506321,TWh,point,7506.321,million_kWh,ESACPUS,reported,2026-07,eia-mer-table-7.6.csv
DS-EIA-MER-7.6,SRC-EIA-MER-7.6,historical,,,,United States,USA,country,2005,electricity_use,total,all_end_uses,sales_plus_direct_use,3810.984044,TWh,point,3810984.044,million_kWh,ELTCPUS,reported,2026-07,eia-mer-table-7.6.csv
DS-EIA-MER-7.6,SRC-EIA-MER-7.6,historical,,,,United States,USA,country,2006,direct_use,total,all_end_uses,electricity_generated_and_used_on_site,146.926612,TWh,point,146926.612,million_kWh,ELDUPUS,reported,2026-07,eia-mer-table-7.6.csv
DS-EIA-MER-7.6,SRC-EIA-MER-7.6,historical,,,,United States,USA,country,2006,electricity_sales,commercial,all_end_uses,sales_to_ultimate_customers,1299.743695,TWh,point,1299743.695,million_kWh,ESCCPUS,reported,2026-07,eia-mer-table-7.6.csv
DS-EIA-MER-7.6,SRC-EIA-MER-7.6,historical,,,,United States,USA,country,2006,electricity_sales,industrial,all_end_uses,sales_to_ultimate_customers,1011.297566,TWh,point,1011297.566,million_kWh,ESICPUS,reported,2026-07,eia-mer-table-7.6.csv
DS-EIA-MER-7.6,SRC-EIA-MER-7.6,historical,,,,United States,USA,country,2006,electricity_sales,residential,all_end_uses,sales_to_ultimate_customers,1351.520036,TWh,point,1351520.036,million_kWh,ESRCPUS,reported,2026-07,eia-mer-table-7.6.csv
DS-EIA-MER-7.6,SRC-EIA-MER-7.6,historical,,,,United States,USA,country,2006,electricity_sales,total,all_end_uses,sales_to_ultimate_customers,3669.91884,TWh,point,3669918.84,million_kWh,ESTCPUS,reported,2026-07,eia-mer-table-7.6.csv
DS-EIA-MER-7.6,SRC-EIA-MER-7.6,historical,,,,United States,USA,country,2006,electricity_sales,transportation,all_end_uses,sales_to_ultimate_customers,7.357543,TWh,point,7357.543,million_kWh,ESACPUS,reported,2026-07,eia-mer-table-7.6.csv
DS-EIA-MER-7.6,SRC-EIA-MER-7.6,historical,,,,United States,USA,country,2006,electricity_use,total,all_end_uses,sales_plus_direct_use,3816.845452,TWh,point,3816845.452,million_kWh,ELTCPUS,reported,2026-07,eia-mer-table-7.6.csv
DS-EIA-MER-7.6,SRC-EIA-MER-7.6,historical,,,,United States,USA,country,2007,direct_use,total,all_end_uses,electricity_generated_and_used_on_site,125.670185,TWh,point,125670.185,million_kWh,ELDUPUS,reported,2026-07,eia-mer-table-7.6.csv
DS-EIA-MER-7.6,SRC-EIA-MER-7.6,historical,,,,United States,USA,country,2007,electricity_sales,commercial,all_end_uses,sales_to_ultimate_customers,1336.315196,TWh,point,1336315.196,million_kWh,ESCCPUS,reported,2026-07,eia-mer-table-7.6.csv
DS-EIA-MER-7.6,SRC-EIA-MER-7.6,historical,,,,United States,USA,country,2007,electricity_sales,industrial,all_end_uses,sales_to_ultimate_customers,1027.831925,TWh,point,1027831.925,million_kWh,ESICPUS,reported,2026-07,eia-mer-table-7.6.csv
DS-EIA-MER-7.6,SRC-EIA-MER-7.6,historical,,,,United States,USA,country,2007,electricity_sales,residential,all_end_uses,sales_to_ultimate_customers,1392.240996,TWh,point,1392240.996,million_kWh,ESRCPUS,reported,2026-07,eia-mer-table-7.6.csv
DS-EIA-MER-7.6,SRC-EIA-MER-7.6,historical,,,,United States,USA,country,2007,electricity_sales,total,all_end_uses,sales_to_ultimate_customers,3764.560712,TWh,point,3764560.712,million_kWh,ESTCPUS,reported,2026-07,eia-mer-table-7.6.csv
DS-EIA-MER-7.6,SRC-EIA-MER-7.6,historical,,,,United States,USA,country,2007,electricity_sales,transportation,all_end_uses,sales_to_ultimate_customers,8.172595,TWh,point,8172.595,million_kWh,ESACPUS,reported,2026-07,eia-mer-table-7.6.csv
DS-EIA-MER-7.6,SRC-EIA-MER-7.6,historical,,,,United States,USA,country,2007,electricity_use,total,all_end_uses,sales_plus_direct_use,3890.230897,TWh,point,3890230.897,million_kWh,ELTCPUS,reported,2026-07,eia-mer-table-7.6.csv
DS-EIA-MER-7.6,SRC-EIA-MER-7.6,historical,,,,United States,USA,country,2008,direct_use,total,all_end_uses,electricity_generated_and_used_on_site,132.196685,TWh,point,132196.685,million_kWh,ELDUPUS,reported,2026-07,eia-mer-table-7.6.csv
DS-EIA-MER-7.6,SRC-EIA-MER-7.6,historical,,,,United States,USA,country,2008,electricity_sales,commercial,all_end_uses,sales_to_ultimate_customers,1336.133485,TWh,point,1336133.485,million_kWh,ESCCPUS,reported,2026-07,eia-mer-table-7.6.csv
DS-EIA-MER-7.6,SRC-EIA-MER-7.6,historical,,,,United States,USA,country,2008,electricity_sales,industrial,all_end_uses,sales_to_ultimate_customers,1009.516178,TWh,point,1009516.178,million_kWh,ESICPUS,reported,2026-07,eia-mer-table-7.6.csv
DS-EIA-MER-7.6,SRC-EIA-MER-7.6,historical,,,,United States,USA,country,2008,electricity_sales,residential,all_end_uses,sales_to_ultimate_customers,1380.661745,TWh,point,1380661.745,million_kWh,ESRCPUS,reported,2026-07,eia-mer-table-7.6.csv
DS-EIA-MER-7.6,SRC-EIA-MER-7.6,historical,,,,United States,USA,country,2008,electricity_sales,total,all_end_uses,sales_to_ultimate_customers,3733.964619,TWh,point,3733964.619,million_kWh,ESTCPUS,reported,2026-07,eia-mer-table-7.6.csv
DS-EIA-MER-7.6,SRC-EIA-MER-7.6,historical,,,,United States,USA,country,2008,electricity_sales,transportation,all_end_uses,sales_to_ultimate_customers,7.653211,TWh,point,7653.211,million_kWh,ESACPUS,reported,2026-07,eia-mer-table-7.6.csv
DS-EIA-MER-7.6,SRC-EIA-MER-7.6,historical,,,,United States,USA,country,2008,electricity_use,total,all_end_uses,sales_plus_direct_use,3866.161304,TWh,point,3866161.304,million_kWh,ELTCPUS,reported,2026-07,eia-mer-table-7.6.csv
DS-EIA-MER-7.6,SRC-EIA-MER-7.6,historical,,,,United States,USA,country,2009,direct_use,total,all_end_uses,electricity_generated_and_used_on_site,126.937958,TWh,point,126937.958,million_kWh,ELDUPUS,reported,2026-07,eia-mer-table-7.6.csv
DS-EIA-MER-7.6,SRC-EIA-MER-7.6,historical,,,,United States,USA,country,2009,electricity_sales,commercial,all_end_uses,sales_to_ultimate_customers,1306.852524,TWh,point,1306852.524,million_kWh,ESCCPUS,reported,2026-07,eia-mer-table-7.6.csv
DS-EIA-MER-7.6,SRC-EIA-MER-7.6,historical,,,,United States,USA,country,2009,electricity_sales,industrial,all_end_uses,sales_to_ultimate_customers,917.416468,TWh,point,917416.468,million_kWh,ESICPUS,reported,2026-07,eia-mer-table-7.6.csv
DS-EIA-MER-7.6,SRC-EIA-MER-7.6,historical,,,,United States,USA,country,2009,electricity_sales,residential,all_end_uses,sales_to_ultimate_customers,1364.758153,TWh,point,1364758.153,million_kWh,ESRCPUS,reported,2026-07,eia-mer-table-7.6.csv
DS-EIA-MER-7.6,SRC-EIA-MER-7.6,historical,,,,United States,USA,country,2009,electricity_sales,total,all_end_uses,sales_to_ultimate_customers,3596.795134,TWh,point,3596795.134,million_kWh,ESTCPUS,reported,2026-07,eia-mer-table-7.6.csv
DS-EIA-MER-7.6,SRC-EIA-MER-7.6,historical,,,,United States,USA,country,2009,electricity_sales,transportation,all_end_uses,sales_to_ultimate_customers,7.767989,TWh,point,7767.989,million_kWh,ESACPUS,reported,2026-07,eia-mer-table-7.6.csv
DS-EIA-MER-7.6,SRC-EIA-MER-7.6,historical,,,,United States,USA,country,2009,electricity_use,total,all_end_uses,sales_plus_direct_use,3723.733092,TWh,point,3723733.092,million_kWh,ELTCPUS,reported,2026-07,eia-mer-table-7.6.csv
DS-EIA-MER-7.6,SRC-EIA-MER-7.6,historical,,,,United States,USA,country,2010,direct_use,total,all_end_uses,electricity_generated_and_used_on_site,131.910249,TWh,point,131910.249,million_kWh,ELDUPUS,reported,2026-07,eia-mer-table-7.6.csv
DS-EIA-MER-7.6,SRC-EIA-MER-7.6,historical,,,,United States,USA,country,2010,electricity_sales,commercial,all_end_uses,sales_to_ultimate_customers,1330.199364,TWh,point,1330199.364,million_kWh,ESCCPUS,reported,2026-07,eia-mer-table-7.6.csv
DS-EIA-MER-7.6,SRC-EIA-MER-7.6,historical,,,,United States,USA,country,2010,electricity_sales,industrial,all_end_uses,sales_to_ultimate_customers,971.221189,TWh,point,971221.189,million_kWh,ESICPUS,reported,2026-07,eia-mer-table-7.6.csv
DS-EIA-MER-7.6,SRC-EIA-MER-7.6,historical,,,,United States,USA,country,2010,electricity_sales,residential,all_end_uses,sales_to_ultimate_customers,1445.708403,TWh,point,1445708.403,million_kWh,ESRCPUS,reported,2026-07,eia-mer-table-7.6.csv
DS-EIA-MER-7.6,SRC-EIA-MER-7.6,historical,,,,United States,USA,country,2010,electricity_sales,total,all_end_uses,sales_to_ultimate_customers,3754.841368,TWh,point,3754841.368,million_kWh,ESTCPUS,reported,2026-07,eia-mer-table-7.6.csv
DS-EIA-MER-7.6,SRC-EIA-MER-7.6,historical,,,,United States,USA,country,2010,electricity_sales,transportation,all_end_uses,sales_to_ultimate_customers,7.712412,TWh,point,7712.412,million_kWh,ESACPUS,reported,2026-07,eia-mer-table-7.6.csv
DS-EIA-MER-7.6,SRC-EIA-MER-7.6,historical,,,,United States,USA,country,2010,electricity_use,total,all_end_uses,sales_plus_direct_use,3886.751617,TWh,point,3886751.617,million_kWh,ELTCPUS,reported,2026-07,eia-mer-table-7.6.csv
DS-EIA-MER-7.6,SRC-EIA-MER-7.6,historical,,,,United States,USA,country,2011,direct_use,total,all_end_uses,electricity_generated_and_used_on_site,132.754037,TWh,point,132754.037,million_kWh,ELDUPUS,reported,2026-07,eia-mer-table-7.6.csv
DS-EIA-MER-7.6,SRC-EIA-MER-7.6,historical,,,,United States,USA,country,2011,electricity_sales,commercial,all_end_uses,sales_to_ultimate_customers,1328.057439,TWh,point,1328057.439,million_kWh,ESCCPUS,reported,2026-07,eia-mer-table-7.6.csv
DS-EIA-MER-7.6,SRC-EIA-MER-7.6,historical,,,,United States,USA,country,2011,electricity_sales,industrial,all_end_uses,sales_to_ultimate_customers,991.315564,TWh,point,991315.564,million_kWh,ESICPUS,reported,2026-07,eia-mer-table-7.6.csv
DS-EIA-MER-7.6,SRC-EIA-MER-7.6,historical,,,,United States,USA,country,2011,electricity_sales,residential,all_end_uses,sales_to_ultimate_customers,1422.801093,TWh,point,1422801.093,million_kWh,ESRCPUS,reported,2026-07,eia-mer-table-7.6.csv
DS-EIA-MER-7.6,SRC-EIA-MER-7.6,historical,,,,United States,USA,country,2011,electricity_sales,total,all_end_uses,sales_to_ultimate_customers,3749.84618,TWh,point,3749846.18,million_kWh,ESTCPUS,reported,2026-07,eia-mer-table-7.6.csv
DS-EIA-MER-7.6,SRC-EIA-MER-7.6,historical,,,,United States,USA,country,2011,electricity_sales,transportation,all_end_uses,sales_to_ultimate_customers,7.672084,TWh,point,7672.084,million_kWh,ESACPUS,reported,2026-07,eia-mer-table-7.6.csv
DS-EIA-MER-7.6,SRC-EIA-MER-7.6,historical,,,,United States,USA,country,2011,electricity_use,total,all_end_uses,sales_plus_direct_use,3882.600217,TWh,point,3882600.217,million_kWh,ELTCPUS,reported,2026-07,eia-mer-table-7.6.csv
DS-EIA-MER-7.6,SRC-EIA-MER-7.6,historical,,,,United States,USA,country,2012,direct_use,total,all_end_uses,electricity_generated_and_used_on_site,137.65651,TWh,point,137656.51,million_kWh,ELDUPUS,reported,2026-07,eia-mer-table-7.6.csv
DS-EIA-MER-7.6,SRC-EIA-MER-7.6,historical,,,,United States,USA,country,2012,electricity_sales,commercial,all_end_uses,sales_to_ultimate_customers,1327.101196,TWh,point,1327101.196,million_kWh,ESCCPUS,reported,2026-07,eia-mer-table-7.6.csv
DS-EIA-MER-7.6,SRC-EIA-MER-7.6,historical,,,,United States,USA,country,2012,electricity_sales,industrial,all_end_uses,sales_to_ultimate_customers,985.713854,TWh,point,985713.854,million_kWh,ESICPUS,reported,2026-07,eia-mer-table-7.6.csv
DS-EIA-MER-7.6,SRC-EIA-MER-7.6,historical,,,,United States,USA,country,2012,electricity_sales,residential,all_end_uses,sales_to_ultimate_customers,1374.514708,TWh,point,1374514.708,million_kWh,ESRCPUS,reported,2026-07,eia-mer-table-7.6.csv
DS-EIA-MER-7.6,SRC-EIA-MER-7.6,historical,,,,United States,USA,country,2012,electricity_sales,total,all_end_uses,sales_to_ultimate_customers,3694.649786,TWh,point,3694649.786,million_kWh,ESTCPUS,reported,2026-07,eia-mer-table-7.6.csv
DS-EIA-MER-7.6,SRC-EIA-MER-7.6,historical,,,,United States,USA,country,2012,electricity_sales,transportation,all_end_uses,sales_to_ultimate_customers,7.320028,TWh,point,7320.028,million_kWh,ESACPUS,reported,2026-07,eia-mer-table-7.6.csv
DS-EIA-MER-7.6,SRC-EIA-MER-7.6,historical,,,,United States,USA,country,2012,electricity_use,total,all_end_uses,sales_plus_direct_use,3832.306296,TWh,point,3832306.296,million_kWh,ELTCPUS,reported,2026-07,eia-mer-table-7.6.csv
DS-EIA-MER-7.6,SRC-EIA-MER-7.6,historical,,,,United States,USA,country,2013,direct_use,total,all_end_uses,electricity_generated_and_used_on_site,143.461937,TWh,point,143461.937,million_kWh,ELDUPUS,reported,2026-07,eia-mer-table-7.6.csv
DS-EIA-MER-7.6,SRC-EIA-MER-7.6,historical,,,,United States,USA,country,2013,electricity_sales,commercial,all_end_uses,sales_to_ultimate_customers,1337.078777,TWh,point,1337078.777,million_kWh,ESCCPUS,reported,2026-07,eia-mer-table-7.6.csv
DS-EIA-MER-7.6,SRC-EIA-MER-7.6,historical,,,,United States,USA,country,2013,electricity_sales,industrial,all_end_uses,sales_to_ultimate_customers,985.351874,TWh,point,985351.874,million_kWh,ESICPUS,reported,2026-07,eia-mer-table-7.6.csv
DS-EIA-MER-7.6,SRC-EIA-MER-7.6,historical,,,,United States,USA,country,2013,electricity_sales,residential,all_end_uses,sales_to_ultimate_customers,1394.812129,TWh,point,1394812.129,million_kWh,ESRCPUS,reported,2026-07,eia-mer-table-7.6.csv
DS-EIA-MER-7.6,SRC-EIA-MER-7.6,historical,,,,United States,USA,country,2013,electricity_sales,total,all_end_uses,sales_to_ultimate_customers,3724.867821,TWh,point,3724867.821,million_kWh,ESTCPUS,reported,2026-07,eia-mer-table-7.6.csv
DS-EIA-MER-7.6,SRC-EIA-MER-7.6,historical,,,,United States,USA,country,2013,electricity_sales,transportation,all_end_uses,sales_to_ultimate_customers,7.625041,TWh,point,7625.041,million_kWh,ESACPUS,reported,2026-07,eia-mer-table-7.6.csv
DS-EIA-MER-7.6,SRC-EIA-MER-7.6,historical,,,,United States,USA,country,2013,electricity_use,total,all_end_uses,sales_plus_direct_use,3868.329758,TWh,point,3868329.758,million_kWh,ELTCPUS,reported,2026-07,eia-mer-table-7.6.csv
DS-EIA-MER-7.6,SRC-EIA-MER-7.6,historical,,,,United States,USA,country,2014,direct_use,total,all_end_uses,electricity_generated_and_used_on_site,138.573884,TWh,point,138573.884,million_kWh,ELDUPUS,reported,2026-07,eia-mer-table-7.6.csv
DS-EIA-MER-7.6,SRC-EIA-MER-7.6,historical,,,,United States,USA,country,2014,electricity_sales,commercial,all_end_uses,sales_to_ultimate_customers,1352.158263,TWh,point,1352158.263,million_kWh,ESCCPUS,reported,2026-07,eia-mer-table-7.6.csv
DS-EIA-MER-7.6,SRC-EIA-MER-7.6,historical,,,,United States,USA,country,2014,electricity_sales,industrial,all_end_uses,sales_to_ultimate_customers,997.576138,TWh,point,997576.138,million_kWh,ESICPUS,reported,2026-07,eia-mer-table-7.6.csv
DS-EIA-MER-7.6,SRC-EIA-MER-7.6,historical,,,,United States,USA,country,2014,electricity_sales,residential,all_end_uses,sales_to_ultimate_customers,1407.208311,TWh,point,1407208.311,million_kWh,ESRCPUS,reported,2026-07,eia-mer-table-7.6.csv
DS-EIA-MER-7.6,SRC-EIA-MER-7.6,historical,,,,United States,USA,country,2014,electricity_sales,total,all_end_uses,sales_to_ultimate_customers,3764.700267,TWh,point,3764700.267,million_kWh,ESTCPUS,reported,2026-07,eia-mer-table-7.6.csv
DS-EIA-MER-7.6,SRC-EIA-MER-7.6,historical,,,,United States,USA,country,2014,electricity_sales,transportation,all_end_uses,sales_to_ultimate_customers,7.757555,TWh,point,7757.555,million_kWh,ESACPUS,reported,2026-07,eia-mer-table-7.6.csv
DS-EIA-MER-7.6,SRC-EIA-MER-7.6,historical,,,,United States,USA,country,2014,electricity_use,total,all_end_uses,sales_plus_direct_use,3903.274151,TWh,point,3903274.151,million_kWh,ELTCPUS,reported,2026-07,eia-mer-table-7.6.csv
DS-EIA-MER-7.6,SRC-EIA-MER-7.6,historical,,,,United States,USA,country,2015,direct_use,total,all_end_uses,electricity_generated_and_used_on_site,141.167519,TWh,point,141167.519,million_kWh,ELDUPUS,reported,2026-07,eia-mer-table-7.6.csv
DS-EIA-MER-7.6,SRC-EIA-MER-7.6,historical,,,,United States,USA,country,2015,electricity_sales,commercial,all_end_uses,sales_to_ultimate_customers,1360.751527,TWh,point,1360751.527,million_kWh,ESCCPUS,reported,2026-07,eia-mer-table-7.6.csv
DS-EIA-MER-7.6,SRC-EIA-MER-7.6,historical,,,,United States,USA,country,2015,electricity_sales,industrial,all_end_uses,sales_to_ultimate_customers,986.507732,TWh,point,986507.732,million_kWh,ESICPUS,reported,2026-07,eia-mer-table-7.6.csv
DS-EIA-MER-7.6,SRC-EIA-MER-7.6,historical,,,,United States,USA,country,2015,electricity_sales,residential,all_end_uses,sales_to_ultimate_customers,1404.096499,TWh,point,1404096.499,million_kWh,ESRCPUS,reported,2026-07,eia-mer-table-7.6.csv
DS-EIA-MER-7.6,SRC-EIA-MER-7.6,historical,,,,United States,USA,country,2015,electricity_sales,total,all_end_uses,sales_to_ultimate_customers,3758.992389,TWh,point,3758992.389,million_kWh,ESTCPUS,reported,2026-07,eia-mer-table-7.6.csv
DS-EIA-MER-7.6,SRC-EIA-MER-7.6,historical,,,,United States,USA,country,2015,electricity_sales,transportation,all_end_uses,sales_to_ultimate_customers,7.636632,TWh,point,7636.632,million_kWh,ESACPUS,reported,2026-07,eia-mer-table-7.6.csv
DS-EIA-MER-7.6,SRC-EIA-MER-7.6,historical,,,,United States,USA,country,2015,electricity_use,total,all_end_uses,sales_plus_direct_use,3900.159908,TWh,point,3900159.908,million_kWh,ELTCPUS,reported,2026-07,eia-mer-table-7.6.csv
DS-EIA-MER-7.6,SRC-EIA-MER-7.6,historical,,,,United States,USA,country,2016,direct_use,total,all_end_uses,electricity_generated_and_used_on_site,139.836699,TWh,point,139836.699,million_kWh,ELDUPUS,reported,2026-07,eia-mer-table-7.6.csv
DS-EIA-MER-7.6,SRC-EIA-MER-7.6,historical,,,,United States,USA,country,2016,electricity_sales,commercial,all_end_uses,sales_to_ultimate_customers,1367.191386,TWh,point,1367191.386,million_kWh,ESCCPUS,reported,2026-07,eia-mer-table-7.6.csv
DS-EIA-MER-7.6,SRC-EIA-MER-7.6,historical,,,,United States,USA,country,2016,electricity_sales,industrial,all_end_uses,sales_to_ultimate_customers,976.715181,TWh,point,976715.181,million_kWh,ESICPUS,reported,2026-07,eia-mer-table-7.6.csv
DS-EIA-MER-7.6,SRC-EIA-MER-7.6,historical,,,,United States,USA,country,2016,electricity_sales,residential,all_end_uses,sales_to_ultimate_customers,1411.058153,TWh,point,1411058.153,million_kWh,ESRCPUS,reported,2026-07,eia-mer-table-7.6.csv
DS-EIA-MER-7.6,SRC-EIA-MER-7.6,historical,,,,United States,USA,country,2016,electricity_sales,total,all_end_uses,sales_to_ultimate_customers,3762.46163,TWh,point,3762461.63,million_kWh,ESTCPUS,reported,2026-07,eia-mer-table-7.6.csv
DS-EIA-MER-7.6,SRC-EIA-MER-7.6,historical,,,,United States,USA,country,2016,electricity_sales,transportation,all_end_uses,sales_to_ultimate_customers,7.49691,TWh,point,7496.91,million_kWh,ESACPUS,reported,2026-07,eia-mer-table-7.6.csv
DS-EIA-MER-7.6,SRC-EIA-MER-7.6,historical,,,,United States,USA,country,2016,electricity_use,total,all_end_uses,sales_plus_direct_use,3902.298329,TWh,point,3902298.329,million_kWh,ELTCPUS,reported,2026-07,eia-mer-table-7.6.csv
DS-EIA-MER-7.6,SRC-EIA-MER-7.6,historical,,,,United States,USA,country,2017,direct_use,total,all_end_uses,electricity_generated_and_used_on_site,140.959389,TWh,point,140959.389,million_kWh,ELDUPUS,reported,2026-07,eia-mer-table-7.6.csv
DS-EIA-MER-7.6,SRC-EIA-MER-7.6,historical,,,,United States,USA,country,2017,electricity_sales,commercial,all_end_uses,sales_to_ultimate_customers,1352.887694,TWh,point,1352887.694,million_kWh,ESCCPUS,reported,2026-07,eia-mer-table-7.6.csv
DS-EIA-MER-7.6,SRC-EIA-MER-7.6,historical,,,,United States,USA,country,2017,electricity_sales,industrial,all_end_uses,sales_to_ultimate_customers,984.297945,TWh,point,984297.945,million_kWh,ESICPUS,reported,2026-07,eia-mer-table-7.6.csv
DS-EIA-MER-7.6,SRC-EIA-MER-7.6,historical,,,,United States,USA,country,2017,electricity_sales,residential,all_end_uses,sales_to_ultimate_customers,1378.647742,TWh,point,1378647.742,million_kWh,ESRCPUS,reported,2026-07,eia-mer-table-7.6.csv
DS-EIA-MER-7.6,SRC-EIA-MER-7.6,historical,,,,United States,USA,country,2017,electricity_sales,total,all_end_uses,sales_to_ultimate_customers,3723.355974,TWh,point,3723355.974,million_kWh,ESTCPUS,reported,2026-07,eia-mer-table-7.6.csv
DS-EIA-MER-7.6,SRC-EIA-MER-7.6,historical,,,,United States,USA,country,2017,electricity_sales,transportation,all_end_uses,sales_to_ultimate_customers,7.522593,TWh,point,7522.593,million_kWh,ESACPUS,reported,2026-07,eia-mer-table-7.6.csv
DS-EIA-MER-7.6,SRC-EIA-MER-7.6,historical,,,,United States,USA,country,2017,electricity_use,total,all_end_uses,sales_plus_direct_use,3864.315363,TWh,point,3864315.363,million_kWh,ELTCPUS,reported,2026-07,eia-mer-table-7.6.csv
DS-EIA-MER-7.6,SRC-EIA-MER-7.6,historical,,,,United States,USA,country,2018,direct_use,total,all_end_uses,electricity_generated_and_used_on_site,143.903732,TWh,point,143903.732,million_kWh,ELDUPUS,reported,2026-07,eia-mer-table-7.6.csv
DS-EIA-MER-7.6,SRC-EIA-MER-7.6,historical,,,,United States,USA,country,2018,electricity_sales,commercial,all_end_uses,sales_to_ultimate_customers,1381.754845,TWh,point,1381754.845,million_kWh,ESCCPUS,reported,2026-07,eia-mer-table-7.6.csv
DS-EIA-MER-7.6,SRC-EIA-MER-7.6,historical,,,,United States,USA,country,2018,electricity_sales,industrial,all_end_uses,sales_to_ultimate_customers,1000.672553,TWh,point,1000672.553,million_kWh,ESICPUS,reported,2026-07,eia-mer-table-7.6.csv
DS-EIA-MER-7.6,SRC-EIA-MER-7.6,historical,,,,United States,USA,country,2018,electricity_sales,residential,all_end_uses,sales_to_ultimate_customers,1469.093059,TWh,point,1469093.059,million_kWh,ESRCPUS,reported,2026-07,eia-mer-table-7.6.csv
DS-EIA-MER-7.6,SRC-EIA-MER-7.6,historical,,,,United States,USA,country,2018,electricity_sales,total,all_end_uses,sales_to_ultimate_customers,3859.185261,TWh,point,3859185.261,million_kWh,ESTCPUS,reported,2026-07,eia-mer-table-7.6.csv
DS-EIA-MER-7.6,SRC-EIA-MER-7.6,historical,,,,United States,USA,country,2018,electricity_sales,transportation,all_end_uses,sales_to_ultimate_customers,7.664804,TWh,point,7664.804,million_kWh,ESACPUS,reported,2026-07,eia-mer-table-7.6.csv
DS-EIA-MER-7.6,SRC-EIA-MER-7.6,historical,,,,United States,USA,country,2018,electricity_use,total,all_end_uses,sales_plus_direct_use,4003.088993,TWh,point,4003088.993,million_kWh,ELTCPUS,reported,2026-07,eia-mer-table-7.6.csv
DS-EIA-MER-7.6,SRC-EIA-MER-7.6,historical,,,,United States,USA,country,2018,identifiable_load,transportation,on_road_light_duty_ev_charging,overlay_already_in_sector_sales_do_not_add,1.581706,TWh,point,1581.706,million_kWh,ESVHPUS,experimental_estimate; methodology_break_at_2023,2026-07,eia-mer-table-7.6.csv
DS-EIA-MER-7.6,SRC-EIA-MER-7.6,historical,,,,United States,USA,country,2019,direct_use,total,all_end_uses,electricity_generated_and_used_on_site,143.270338,TWh,point,143270.338,million_kWh,ELDUPUS,reported,2026-07,eia-mer-table-7.6.csv
DS-EIA-MER-7.6,SRC-EIA-MER-7.6,historical,,,,United States,USA,country,2019,electricity_sales,commercial,all_end_uses,sales_to_ultimate_customers,1360.876555,TWh,point,1360876.555,million_kWh,ESCCPUS,reported,2026-07,eia-mer-table-7.6.csv
DS-EIA-MER-7.6,SRC-EIA-MER-7.6,historical,,,,United States,USA,country,2019,electricity_sales,industrial,all_end_uses,sales_to_ultimate_customers,1002.352849,TWh,point,1002352.849,million_kWh,ESICPUS,reported,2026-07,eia-mer-table-7.6.csv
DS-EIA-MER-7.6,SRC-EIA-MER-7.6,historical,,,,United States,USA,country,2019,electricity_sales,residential,all_end_uses,sales_to_ultimate_customers,1440.288909,TWh,point,1440288.909,million_kWh,ESRCPUS,reported,2026-07,eia-mer-table-7.6.csv
DS-EIA-MER-7.6,SRC-EIA-MER-7.6,historical,,,,United States,USA,country,2019,electricity_sales,total,all_end_uses,sales_to_ultimate_customers,3811.150463,TWh,point,3811150.463,million_kWh,ESTCPUS,reported,2026-07,eia-mer-table-7.6.csv
DS-EIA-MER-7.6,SRC-EIA-MER-7.6,historical,,,,United States,USA,country,2019,electricity_sales,transportation,all_end_uses,sales_to_ultimate_customers,7.63215,TWh,point,7632.15,million_kWh,ESACPUS,reported,2026-07,eia-mer-table-7.6.csv
DS-EIA-MER-7.6,SRC-EIA-MER-7.6,historical,,,,United States,USA,country,2019,electricity_use,total,all_end_uses,sales_plus_direct_use,3954.420801,TWh,point,3954420.801,million_kWh,ELTCPUS,reported,2026-07,eia-mer-table-7.6.csv
DS-EIA-MER-7.6,SRC-EIA-MER-7.6,historical,,,,United States,USA,country,2019,identifiable_load,transportation,on_road_light_duty_ev_charging,overlay_already_in_sector_sales_do_not_add,2.059875,TWh,point,2059.875,million_kWh,ESVHPUS,experimental_estimate; methodology_break_at_2023,2026-07,eia-mer-table-7.6.csv
DS-EIA-MER-7.6,SRC-EIA-MER-7.6,historical,,,,United States,USA,country,2020,direct_use,total,all_end_uses,electricity_generated_and_used_on_site,138.70254,TWh,point,138702.54,million_kWh,ELDUPUS,reported,2026-07,eia-mer-table-7.6.csv
DS-EIA-MER-7.6,SRC-EIA-MER-7.6,historical,,,,United States,USA,country,2020,electricity_sales,commercial,all_end_uses,sales_to_ultimate_customers,1287.439583,TWh,point,1287439.583,million_kWh,ESCCPUS,reported,2026-07,eia-mer-table-7.6.csv
DS-EIA-MER-7.6,SRC-EIA-MER-7.6,historical,,,,United States,USA,country,2020,electricity_sales,industrial,all_end_uses,sales_to_ultimate_customers,959.082028,TWh,point,959082.028,million_kWh,ESICPUS,reported,2026-07,eia-mer-table-7.6.csv
DS-EIA-MER-7.6,SRC-EIA-MER-7.6,historical,,,,United States,USA,country,2020,electricity_sales,residential,all_end_uses,sales_to_ultimate_customers,1464.605046,TWh,point,1464605.046,million_kWh,ESRCPUS,reported,2026-07,eia-mer-table-7.6.csv
DS-EIA-MER-7.6,SRC-EIA-MER-7.6,historical,,,,United States,USA,country,2020,electricity_sales,total,all_end_uses,sales_to_ultimate_customers,3717.674481,TWh,point,3717674.481,million_kWh,ESTCPUS,reported,2026-07,eia-mer-table-7.6.csv
DS-EIA-MER-7.6,SRC-EIA-MER-7.6,historical,,,,United States,USA,country,2020,electricity_sales,transportation,all_end_uses,sales_to_ultimate_customers,6.547824,TWh,point,6547.824,million_kWh,ESACPUS,reported,2026-07,eia-mer-table-7.6.csv
DS-EIA-MER-7.6,SRC-EIA-MER-7.6,historical,,,,United States,USA,country,2020,electricity_use,total,all_end_uses,sales_plus_direct_use,3856.377021,TWh,point,3856377.021,million_kWh,ELTCPUS,reported,2026-07,eia-mer-table-7.6.csv
DS-EIA-MER-7.6,SRC-EIA-MER-7.6,historical,,,,United States,USA,country,2020,identifiable_load,transportation,on_road_light_duty_ev_charging,overlay_already_in_sector_sales_do_not_add,2.9003,TWh,point,2900.3,million_kWh,ESVHPUS,experimental_estimate; methodology_break_at_2023,2026-07,eia-mer-table-7.6.csv
DS-EIA-MER-7.6,SRC-EIA-MER-7.6,historical,,,,United States,USA,country,2021,direct_use,total,all_end_uses,electricity_generated_and_used_on_site,138.915068,TWh,point,138915.068,million_kWh,ELDUPUS,reported,2026-07,eia-mer-table-7.6.csv
DS-EIA-MER-7.6,SRC-EIA-MER-7.6,historical,,,,United States,USA,country,2021,electricity_sales,commercial,all_end_uses,sales_to_ultimate_customers,1328.439498,TWh,point,1328439.498,million_kWh,ESCCPUS,reported,2026-07,eia-mer-table-7.6.csv
DS-EIA-MER-7.6,SRC-EIA-MER-7.6,historical,,,,United States,USA,country,2021,electricity_sales,industrial,all_end_uses,sales_to_ultimate_customers,1000.61349,TWh,point,1000613.49,million_kWh,ESICPUS,reported,2026-07,eia-mer-table-7.6.csv
DS-EIA-MER-7.6,SRC-EIA-MER-7.6,historical,,,,United States,USA,country,2021,electricity_sales,residential,all_end_uses,sales_to_ultimate_customers,1470.486882,TWh,point,1470486.882,million_kWh,ESRCPUS,reported,2026-07,eia-mer-table-7.6.csv
DS-EIA-MER-7.6,SRC-EIA-MER-7.6,historical,,,,United States,USA,country,2021,electricity_sales,total,all_end_uses,sales_to_ultimate_customers,3805.874253,TWh,point,3805874.253,million_kWh,ESTCPUS,reported,2026-07,eia-mer-table-7.6.csv
DS-EIA-MER-7.6,SRC-EIA-MER-7.6,historical,,,,United States,USA,country,2021,electricity_sales,transportation,all_end_uses,sales_to_ultimate_customers,6.334383,TWh,point,6334.383,million_kWh,ESACPUS,reported,2026-07,eia-mer-table-7.6.csv
DS-EIA-MER-7.6,SRC-EIA-MER-7.6,historical,,,,United States,USA,country,2021,electricity_use,total,all_end_uses,sales_plus_direct_use,3944.789321,TWh,point,3944789.321,million_kWh,ELTCPUS,reported,2026-07,eia-mer-table-7.6.csv
DS-EIA-MER-7.6,SRC-EIA-MER-7.6,historical,,,,United States,USA,country,2021,identifiable_load,transportation,on_road_light_duty_ev_charging,overlay_already_in_sector_sales_do_not_add,3.518797,TWh,point,3518.797,million_kWh,ESVHPUS,experimental_estimate; methodology_break_at_2023,2026-07,eia-mer-table-7.6.csv
DS-EIA-MER-7.6,SRC-EIA-MER-7.6,historical,,,,United States,USA,country,2022,direct_use,total,all_end_uses,electricity_generated_and_used_on_site,139.725701,TWh,point,139725.701,million_kWh,ELDUPUS,reported,2026-07,eia-mer-table-7.6.csv
DS-EIA-MER-7.6,SRC-EIA-MER-7.6,historical,,,,United States,USA,country,2022,electricity_sales,commercial,all_end_uses,sales_to_ultimate_customers,1390.872813,TWh,point,1390872.813,million_kWh,ESCCPUS,reported,2026-07,eia-mer-table-7.6.csv
DS-EIA-MER-7.6,SRC-EIA-MER-7.6,historical,,,,United States,USA,country,2022,electricity_sales,industrial,all_end_uses,sales_to_ultimate_customers,1020.463986,TWh,point,1020463.986,million_kWh,ESICPUS,reported,2026-07,eia-mer-table-7.6.csv
DS-EIA-MER-7.6,SRC-EIA-MER-7.6,historical,,,,United States,USA,country,2022,electricity_sales,residential,all_end_uses,sales_to_ultimate_customers,1509.233162,TWh,point,1509233.162,million_kWh,ESRCPUS,reported,2026-07,eia-mer-table-7.6.csv
DS-EIA-MER-7.6,SRC-EIA-MER-7.6,historical,,,,United States,USA,country,2022,electricity_sales,total,all_end_uses,sales_to_ultimate_customers,3927.169069,TWh,point,3927169.069,million_kWh,ESTCPUS,reported,2026-07,eia-mer-table-7.6.csv
DS-EIA-MER-7.6,SRC-EIA-MER-7.6,historical,,,,United States,USA,country,2022,electricity_sales,transportation,all_end_uses,sales_to_ultimate_customers,6.599108,TWh,point,6599.108,million_kWh,ESACPUS,reported,2026-07,eia-mer-table-7.6.csv
DS-EIA-MER-7.6,SRC-EIA-MER-7.6,historical,,,,United States,USA,country,2022,electricity_use,total,all_end_uses,sales_plus_direct_use,4066.89477,TWh,point,4066894.77,million_kWh,ELTCPUS,reported,2026-07,eia-mer-table-7.6.csv
DS-EIA-MER-7.6,SRC-EIA-MER-7.6,historical,,,,United States,USA,country,2022,identifiable_load,transportation,on_road_light_duty_ev_charging,overlay_already_in_sector_sales_do_not_add,5.251782,TWh,point,5251.782,million_kWh,ESVHPUS,experimental_estimate; methodology_break_at_2023,2026-07,eia-mer-table-7.6.csv
DS-EIA-MER-7.6,SRC-EIA-MER-7.6,historical,,,,United States,USA,country,2023,direct_use,total,all_end_uses,electricity_generated_and_used_on_site,136.918156,TWh,point,136918.156,million_kWh,ELDUPUS,reported,2026-07,eia-mer-table-7.6.csv
DS-EIA-MER-7.6,SRC-EIA-MER-7.6,historical,,,,United States,USA,country,2023,electricity_sales,commercial,all_end_uses,sales_to_ultimate_customers,1408.108755,TWh,point,1408108.755,million_kWh,ESCCPUS,reported,2026-07,eia-mer-table-7.6.csv
DS-EIA-MER-7.6,SRC-EIA-MER-7.6,historical,,,,United States,USA,country,2023,electricity_sales,industrial,all_end_uses,sales_to_ultimate_customers,1009.255634,TWh,point,1009255.634,million_kWh,ESICPUS,reported,2026-07,eia-mer-table-7.6.csv
DS-EIA-MER-7.6,SRC-EIA-MER-7.6,historical,,,,United States,USA,country,2023,electricity_sales,residential,all_end_uses,sales_to_ultimate_customers,1450.025184,TWh,point,1450025.184,million_kWh,ESRCPUS,reported,2026-07,eia-mer-table-7.6.csv
DS-EIA-MER-7.6,SRC-EIA-MER-7.6,historical,,,,United States,USA,country,2023,electricity_sales,total,all_end_uses,sales_to_ultimate_customers,3874.253362,TWh,point,3874253.362,million_kWh,ESTCPUS,reported,2026-07,eia-mer-table-7.6.csv
DS-EIA-MER-7.6,SRC-EIA-MER-7.6,historical,,,,United States,USA,country,2023,electricity_sales,transportation,all_end_uses,sales_to_ultimate_customers,6.863789,TWh,point,6863.789,million_kWh,ESACPUS,reported,2026-07,eia-mer-table-7.6.csv
DS-EIA-MER-7.6,SRC-EIA-MER-7.6,historical,,,,United States,USA,country,2023,electricity_use,total,all_end_uses,sales_plus_direct_use,4011.171518,TWh,point,4011171.518,million_kWh,ELTCPUS,reported,2026-07,eia-mer-table-7.6.csv
DS-EIA-MER-7.6,SRC-EIA-MER-7.6,historical,,,,United States,USA,country,2023,identifiable_load,transportation,on_road_light_duty_ev_charging,overlay_already_in_sector_sales_do_not_add,13.212,TWh,point,13212.0,million_kWh,ESVHPUS,experimental_estimate; methodology_break_at_2023,2026-07,eia-mer-table-7.6.csv
DS-EIA-MER-7.6,SRC-EIA-MER-7.6,historical,,,,United States,USA,country,2024,direct_use,total,all_end_uses,electricity_generated_and_used_on_site,135.040521,TWh,point,135040.521,million_kWh,ELDUPUS,reported,2026-07,eia-mer-table-7.6.csv
DS-EIA-MER-7.6,SRC-EIA-MER-7.6,historical,,,,United States,USA,country,2024,electricity_sales,commercial,all_end_uses,sales_to_ultimate_customers,1450.941216,TWh,point,1450941.216,million_kWh,ESCCPUS,reported,2026-07,eia-mer-table-7.6.csv
DS-EIA-MER-7.6,SRC-EIA-MER-7.6,historical,,,,United States,USA,country,2024,electricity_sales,industrial,all_end_uses,sales_to_ultimate_customers,1034.58419,TWh,point,1034584.19,million_kWh,ESICPUS,reported,2026-07,eia-mer-table-7.6.csv
DS-EIA-MER-7.6,SRC-EIA-MER-7.6,historical,,,,United States,USA,country,2024,electricity_sales,residential,all_end_uses,sales_to_ultimate_customers,1482.873586,TWh,point,1482873.586,million_kWh,ESRCPUS,reported,2026-07,eia-mer-table-7.6.csv
DS-EIA-MER-7.6,SRC-EIA-MER-7.6,historical,,,,United States,USA,country,2024,electricity_sales,total,all_end_uses,sales_to_ultimate_customers,3975.381832,TWh,point,3975381.832,million_kWh,ESTCPUS,reported,2026-07,eia-mer-table-7.6.csv
DS-EIA-MER-7.6,SRC-EIA-MER-7.6,historical,,,,United States,USA,country,2024,electricity_sales,transportation,all_end_uses,sales_to_ultimate_customers,6.98284,TWh,point,6982.84,million_kWh,ESACPUS,reported,2026-07,eia-mer-table-7.6.csv
DS-EIA-MER-7.6,SRC-EIA-MER-7.6,historical,,,,United States,USA,country,2024,electricity_use,total,all_end_uses,sales_plus_direct_use,4110.422353,TWh,point,4110422.353,million_kWh,ELTCPUS,reported,2026-07,eia-mer-table-7.6.csv
DS-EIA-MER-7.6,SRC-EIA-MER-7.6,historical,,,,United States,USA,country,2024,identifiable_load,transportation,on_road_light_duty_ev_charging,overlay_already_in_sector_sales_do_not_add,17.800214,TWh,point,17800.214,million_kWh,ESVHPUS,experimental_estimate; methodology_break_at_2023,2026-07,eia-mer-table-7.6.csv
DS-EIA-MER-7.6,SRC-EIA-MER-7.6,historical,,,,United States,USA,country,2025,direct_use,total,all_end_uses,electricity_generated_and_used_on_site,137.077394,TWh,point,137077.394,million_kWh,ELDUPUS,preliminary,2026-07,eia-mer-table-7.6.csv
DS-EIA-MER-7.6,SRC-EIA-MER-7.6,historical,,,,United States,USA,country,2025,electricity_sales,commercial,all_end_uses,sales_to_ultimate_customers,1493.486094,TWh,point,1493486.094,million_kWh,ESCCPUS,preliminary,2026-07,eia-mer-table-7.6.csv
DS-EIA-MER-7.6,SRC-EIA-MER-7.6,historical,,,,United States,USA,country,2025,electricity_sales,industrial,all_end_uses,sales_to_ultimate_customers,1042.216915,TWh,point,1042216.915,million_kWh,ESICPUS,preliminary,2026-07,eia-mer-table-7.6.csv
DS-EIA-MER-7.6,SRC-EIA-MER-7.6,historical,,,,United States,USA,country,2025,electricity_sales,residential,all_end_uses,sales_to_ultimate_customers,1514.99323,TWh,point,1514993.23,million_kWh,ESRCPUS,preliminary,2026-07,eia-mer-table-7.6.csv
DS-EIA-MER-7.6,SRC-EIA-MER-7.6,historical,,,,United States,USA,country,2025,electricity_sales,total,all_end_uses,sales_to_ultimate_customers,4058.007157,TWh,point,4058007.157,million_kWh,ESTCPUS,preliminary,2026-07,eia-mer-table-7.6.csv
DS-EIA-MER-7.6,SRC-EIA-MER-7.6,historical,,,,United States,USA,country,2025,electricity_sales,transportation,all_end_uses,sales_to_ultimate_customers,7.310917,TWh,point,7310.917,million_kWh,ESACPUS,preliminary,2026-07,eia-mer-table-7.6.csv
DS-EIA-MER-7.6,SRC-EIA-MER-7.6,historical,,,,United States,USA,country,2025,electricity_use,total,all_end_uses,sales_plus_direct_use,4195.08455,TWh,point,4195084.55,million_kWh,ELTCPUS,preliminary,2026-07,eia-mer-table-7.6.csv
DS-EIA-MER-7.6,SRC-EIA-MER-7.6,historical,,,,United States,USA,country,2025,identifiable_load,transportation,on_road_light_duty_ev_charging,overlay_already_in_sector_sales_do_not_add,23.532855,TWh,point,23532.855,million_kWh,ESVHPUS,experimental_estimate; methodology_break_at_2023,2026-07,eia-mer-table-7.6.csv
