dataset_id,source_id,record_type,model,scenario,scenario_family,geography,geography_code,region_level,year,metric,technology,technology_detail,scope,value,unit,source_value,source_unit,source_variable,upstream_status,source_vintage,source_file
DS-OWID-ENERGY,SRC-OWID-ENERGY,historical,,,,World,OWID_WRL,world,1965,electricity_generation,hydropower,,all_generation_reported_by_upstream_compilation,923.198,TWh,923.198,TWh,hydro_electricity,historical_compilation; latest years may be estimated upstream,downloaded_2026-08-01,owid-energy-data.csv
DS-OWID-ENERGY,SRC-OWID-ENERGY,historical,,,,World,OWID_WRL,world,1965,electricity_generation,nuclear,,all_generation_reported_by_upstream_compilation,25.54,TWh,25.54,TWh,nuclear_electricity,historical_compilation; latest years may be estimated upstream,downloaded_2026-08-01,owid-energy-data.csv
DS-OWID-ENERGY,SRC-OWID-ENERGY,historical,,,,World,OWID_WRL,world,1965,electricity_generation,solar,,all_generation_reported_by_upstream_compilation,0.0,TWh,0.0,TWh,solar_electricity,historical_compilation; latest years may be estimated upstream,downloaded_2026-08-01,owid-energy-data.csv
DS-OWID-ENERGY,SRC-OWID-ENERGY,historical,,,,World,OWID_WRL,world,1965,electricity_generation,wind,,all_generation_reported_by_upstream_compilation,0.0,TWh,0.0,TWh,wind_electricity,historical_compilation; latest years may be estimated upstream,downloaded_2026-08-01,owid-energy-data.csv
DS-OWID-ENERGY,SRC-OWID-ENERGY,historical,,,,World,OWID_WRL,world,1966,electricity_generation,hydropower,,all_generation_reported_by_upstream_compilation,983.817,TWh,983.817,TWh,hydro_electricity,historical_compilation; latest years may be estimated upstream,downloaded_2026-08-01,owid-energy-data.csv
DS-OWID-ENERGY,SRC-OWID-ENERGY,historical,,,,World,OWID_WRL,world,1966,electricity_generation,nuclear,,all_generation_reported_by_upstream_compilation,34.433,TWh,34.433,TWh,nuclear_electricity,historical_compilation; latest years may be estimated upstream,downloaded_2026-08-01,owid-energy-data.csv
DS-OWID-ENERGY,SRC-OWID-ENERGY,historical,,,,World,OWID_WRL,world,1966,electricity_generation,solar,,all_generation_reported_by_upstream_compilation,0.0,TWh,0.0,TWh,solar_electricity,historical_compilation; latest years may be estimated upstream,downloaded_2026-08-01,owid-energy-data.csv
DS-OWID-ENERGY,SRC-OWID-ENERGY,historical,,,,World,OWID_WRL,world,1966,electricity_generation,wind,,all_generation_reported_by_upstream_compilation,0.0,TWh,0.0,TWh,wind_electricity,historical_compilation; latest years may be estimated upstream,downloaded_2026-08-01,owid-energy-data.csv
DS-OWID-ENERGY,SRC-OWID-ENERGY,historical,,,,World,OWID_WRL,world,1967,electricity_generation,hydropower,,all_generation_reported_by_upstream_compilation,1005.742,TWh,1005.742,TWh,hydro_electricity,historical_compilation; latest years may be estimated upstream,downloaded_2026-08-01,owid-energy-data.csv
DS-OWID-ENERGY,SRC-OWID-ENERGY,historical,,,,World,OWID_WRL,world,1967,electricity_generation,nuclear,,all_generation_reported_by_upstream_compilation,41.006,TWh,41.006,TWh,nuclear_electricity,historical_compilation; latest years may be estimated upstream,downloaded_2026-08-01,owid-energy-data.csv
DS-OWID-ENERGY,SRC-OWID-ENERGY,historical,,,,World,OWID_WRL,world,1967,electricity_generation,solar,,all_generation_reported_by_upstream_compilation,0.0,TWh,0.0,TWh,solar_electricity,historical_compilation; latest years may be estimated upstream,downloaded_2026-08-01,owid-energy-data.csv
DS-OWID-ENERGY,SRC-OWID-ENERGY,historical,,,,World,OWID_WRL,world,1967,electricity_generation,wind,,all_generation_reported_by_upstream_compilation,0.0,TWh,0.0,TWh,wind_electricity,historical_compilation; latest years may be estimated upstream,downloaded_2026-08-01,owid-energy-data.csv
DS-OWID-ENERGY,SRC-OWID-ENERGY,historical,,,,World,OWID_WRL,world,1968,electricity_generation,hydropower,,all_generation_reported_by_upstream_compilation,1059.289,TWh,1059.289,TWh,hydro_electricity,historical_compilation; latest years may be estimated upstream,downloaded_2026-08-01,owid-energy-data.csv
DS-OWID-ENERGY,SRC-OWID-ENERGY,historical,,,,World,OWID_WRL,world,1968,electricity_generation,nuclear,,all_generation_reported_by_upstream_compilation,52.113,TWh,52.113,TWh,nuclear_electricity,historical_compilation; latest years may be estimated upstream,downloaded_2026-08-01,owid-energy-data.csv
DS-OWID-ENERGY,SRC-OWID-ENERGY,historical,,,,World,OWID_WRL,world,1968,electricity_generation,solar,,all_generation_reported_by_upstream_compilation,0.0,TWh,0.0,TWh,solar_electricity,historical_compilation; latest years may be estimated upstream,downloaded_2026-08-01,owid-energy-data.csv
DS-OWID-ENERGY,SRC-OWID-ENERGY,historical,,,,World,OWID_WRL,world,1968,electricity_generation,wind,,all_generation_reported_by_upstream_compilation,0.0,TWh,0.0,TWh,wind_electricity,historical_compilation; latest years may be estimated upstream,downloaded_2026-08-01,owid-energy-data.csv
DS-OWID-ENERGY,SRC-OWID-ENERGY,historical,,,,World,OWID_WRL,world,1969,electricity_generation,hydropower,,all_generation_reported_by_upstream_compilation,1121.742,TWh,1121.742,TWh,hydro_electricity,historical_compilation; latest years may be estimated upstream,downloaded_2026-08-01,owid-energy-data.csv
DS-OWID-ENERGY,SRC-OWID-ENERGY,historical,,,,World,OWID_WRL,world,1969,electricity_generation,nuclear,,all_generation_reported_by_upstream_compilation,61.783,TWh,61.783,TWh,nuclear_electricity,historical_compilation; latest years may be estimated upstream,downloaded_2026-08-01,owid-energy-data.csv
DS-OWID-ENERGY,SRC-OWID-ENERGY,historical,,,,World,OWID_WRL,world,1969,electricity_generation,solar,,all_generation_reported_by_upstream_compilation,0.0,TWh,0.0,TWh,solar_electricity,historical_compilation; latest years may be estimated upstream,downloaded_2026-08-01,owid-energy-data.csv
DS-OWID-ENERGY,SRC-OWID-ENERGY,historical,,,,World,OWID_WRL,world,1969,electricity_generation,wind,,all_generation_reported_by_upstream_compilation,0.0,TWh,0.0,TWh,wind_electricity,historical_compilation; latest years may be estimated upstream,downloaded_2026-08-01,owid-energy-data.csv
DS-OWID-ENERGY,SRC-OWID-ENERGY,historical,,,,World,OWID_WRL,world,1970,electricity_generation,hydropower,,all_generation_reported_by_upstream_compilation,1174.65,TWh,1174.65,TWh,hydro_electricity,historical_compilation; latest years may be estimated upstream,downloaded_2026-08-01,owid-energy-data.csv
DS-OWID-ENERGY,SRC-OWID-ENERGY,historical,,,,World,OWID_WRL,world,1970,electricity_generation,nuclear,,all_generation_reported_by_upstream_compilation,78.875,TWh,78.875,TWh,nuclear_electricity,historical_compilation; latest years may be estimated upstream,downloaded_2026-08-01,owid-energy-data.csv
DS-OWID-ENERGY,SRC-OWID-ENERGY,historical,,,,World,OWID_WRL,world,1970,electricity_generation,solar,,all_generation_reported_by_upstream_compilation,0.0,TWh,0.0,TWh,solar_electricity,historical_compilation; latest years may be estimated upstream,downloaded_2026-08-01,owid-energy-data.csv
DS-OWID-ENERGY,SRC-OWID-ENERGY,historical,,,,World,OWID_WRL,world,1970,electricity_generation,wind,,all_generation_reported_by_upstream_compilation,0.0,TWh,0.0,TWh,wind_electricity,historical_compilation; latest years may be estimated upstream,downloaded_2026-08-01,owid-energy-data.csv
DS-OWID-ENERGY,SRC-OWID-ENERGY,historical,,,,World,OWID_WRL,world,1971,electricity_generation,hydropower,,all_generation_reported_by_upstream_compilation,1227.242,TWh,1227.242,TWh,hydro_electricity,historical_compilation; latest years may be estimated upstream,downloaded_2026-08-01,owid-energy-data.csv
DS-OWID-ENERGY,SRC-OWID-ENERGY,historical,,,,World,OWID_WRL,world,1971,electricity_generation,nuclear,,all_generation_reported_by_upstream_compilation,109.704,TWh,109.704,TWh,nuclear_electricity,historical_compilation; latest years may be estimated upstream,downloaded_2026-08-01,owid-energy-data.csv
DS-OWID-ENERGY,SRC-OWID-ENERGY,historical,,,,World,OWID_WRL,world,1971,electricity_generation,solar,,all_generation_reported_by_upstream_compilation,0.0,TWh,0.0,TWh,solar_electricity,historical_compilation; latest years may be estimated upstream,downloaded_2026-08-01,owid-energy-data.csv
DS-OWID-ENERGY,SRC-OWID-ENERGY,historical,,,,World,OWID_WRL,world,1971,electricity_generation,wind,,all_generation_reported_by_upstream_compilation,0.0,TWh,0.0,TWh,wind_electricity,historical_compilation; latest years may be estimated upstream,downloaded_2026-08-01,owid-energy-data.csv
DS-OWID-ENERGY,SRC-OWID-ENERGY,historical,,,,World,OWID_WRL,world,1972,electricity_generation,hydropower,,all_generation_reported_by_upstream_compilation,1284.629,TWh,1284.629,TWh,hydro_electricity,historical_compilation; latest years may be estimated upstream,downloaded_2026-08-01,owid-energy-data.csv
DS-OWID-ENERGY,SRC-OWID-ENERGY,historical,,,,World,OWID_WRL,world,1972,electricity_generation,nuclear,,all_generation_reported_by_upstream_compilation,152.175,TWh,152.175,TWh,nuclear_electricity,historical_compilation; latest years may be estimated upstream,downloaded_2026-08-01,owid-energy-data.csv
DS-OWID-ENERGY,SRC-OWID-ENERGY,historical,,,,World,OWID_WRL,world,1972,electricity_generation,solar,,all_generation_reported_by_upstream_compilation,0.0,TWh,0.0,TWh,solar_electricity,historical_compilation; latest years may be estimated upstream,downloaded_2026-08-01,owid-energy-data.csv
DS-OWID-ENERGY,SRC-OWID-ENERGY,historical,,,,World,OWID_WRL,world,1972,electricity_generation,wind,,all_generation_reported_by_upstream_compilation,0.0,TWh,0.0,TWh,wind_electricity,historical_compilation; latest years may be estimated upstream,downloaded_2026-08-01,owid-energy-data.csv
DS-OWID-ENERGY,SRC-OWID-ENERGY,historical,,,,World,OWID_WRL,world,1973,electricity_generation,hydropower,,all_generation_reported_by_upstream_compilation,1303.013,TWh,1303.013,TWh,hydro_electricity,historical_compilation; latest years may be estimated upstream,downloaded_2026-08-01,owid-energy-data.csv
DS-OWID-ENERGY,SRC-OWID-ENERGY,historical,,,,World,OWID_WRL,world,1973,electricity_generation,nuclear,,all_generation_reported_by_upstream_compilation,203.902,TWh,203.902,TWh,nuclear_electricity,historical_compilation; latest years may be estimated upstream,downloaded_2026-08-01,owid-energy-data.csv
DS-OWID-ENERGY,SRC-OWID-ENERGY,historical,,,,World,OWID_WRL,world,1973,electricity_generation,solar,,all_generation_reported_by_upstream_compilation,0.0,TWh,0.0,TWh,solar_electricity,historical_compilation; latest years may be estimated upstream,downloaded_2026-08-01,owid-energy-data.csv
DS-OWID-ENERGY,SRC-OWID-ENERGY,historical,,,,World,OWID_WRL,world,1973,electricity_generation,wind,,all_generation_reported_by_upstream_compilation,0.0,TWh,0.0,TWh,wind_electricity,historical_compilation; latest years may be estimated upstream,downloaded_2026-08-01,owid-energy-data.csv
DS-OWID-ENERGY,SRC-OWID-ENERGY,historical,,,,World,OWID_WRL,world,1974,electricity_generation,hydropower,,all_generation_reported_by_upstream_compilation,1431.232,TWh,1431.232,TWh,hydro_electricity,historical_compilation; latest years may be estimated upstream,downloaded_2026-08-01,owid-energy-data.csv
DS-OWID-ENERGY,SRC-OWID-ENERGY,historical,,,,World,OWID_WRL,world,1974,electricity_generation,nuclear,,all_generation_reported_by_upstream_compilation,266.6,TWh,266.6,TWh,nuclear_electricity,historical_compilation; latest years may be estimated upstream,downloaded_2026-08-01,owid-energy-data.csv
DS-OWID-ENERGY,SRC-OWID-ENERGY,historical,,,,World,OWID_WRL,world,1974,electricity_generation,solar,,all_generation_reported_by_upstream_compilation,0.0,TWh,0.0,TWh,solar_electricity,historical_compilation; latest years may be estimated upstream,downloaded_2026-08-01,owid-energy-data.csv
DS-OWID-ENERGY,SRC-OWID-ENERGY,historical,,,,World,OWID_WRL,world,1974,electricity_generation,wind,,all_generation_reported_by_upstream_compilation,0.0,TWh,0.0,TWh,wind_electricity,historical_compilation; latest years may be estimated upstream,downloaded_2026-08-01,owid-energy-data.csv
DS-OWID-ENERGY,SRC-OWID-ENERGY,historical,,,,World,OWID_WRL,world,1975,electricity_generation,hydropower,,all_generation_reported_by_upstream_compilation,1448.883,TWh,1448.883,TWh,hydro_electricity,historical_compilation; latest years may be estimated upstream,downloaded_2026-08-01,owid-energy-data.csv
DS-OWID-ENERGY,SRC-OWID-ENERGY,historical,,,,World,OWID_WRL,world,1975,electricity_generation,nuclear,,all_generation_reported_by_upstream_compilation,369.848,TWh,369.848,TWh,nuclear_electricity,historical_compilation; latest years may be estimated upstream,downloaded_2026-08-01,owid-energy-data.csv
DS-OWID-ENERGY,SRC-OWID-ENERGY,historical,,,,World,OWID_WRL,world,1975,electricity_generation,solar,,all_generation_reported_by_upstream_compilation,0.0,TWh,0.0,TWh,solar_electricity,historical_compilation; latest years may be estimated upstream,downloaded_2026-08-01,owid-energy-data.csv
DS-OWID-ENERGY,SRC-OWID-ENERGY,historical,,,,World,OWID_WRL,world,1975,electricity_generation,wind,,all_generation_reported_by_upstream_compilation,0.0,TWh,0.0,TWh,wind_electricity,historical_compilation; latest years may be estimated upstream,downloaded_2026-08-01,owid-energy-data.csv
DS-OWID-ENERGY,SRC-OWID-ENERGY,historical,,,,World,OWID_WRL,world,1976,electricity_generation,hydropower,,all_generation_reported_by_upstream_compilation,1443.137,TWh,1443.137,TWh,hydro_electricity,historical_compilation; latest years may be estimated upstream,downloaded_2026-08-01,owid-energy-data.csv
DS-OWID-ENERGY,SRC-OWID-ENERGY,historical,,,,World,OWID_WRL,world,1976,electricity_generation,nuclear,,all_generation_reported_by_upstream_compilation,432.671,TWh,432.671,TWh,nuclear_electricity,historical_compilation; latest years may be estimated upstream,downloaded_2026-08-01,owid-energy-data.csv
DS-OWID-ENERGY,SRC-OWID-ENERGY,historical,,,,World,OWID_WRL,world,1976,electricity_generation,solar,,all_generation_reported_by_upstream_compilation,0.0,TWh,0.0,TWh,solar_electricity,historical_compilation; latest years may be estimated upstream,downloaded_2026-08-01,owid-energy-data.csv
DS-OWID-ENERGY,SRC-OWID-ENERGY,historical,,,,World,OWID_WRL,world,1976,electricity_generation,wind,,all_generation_reported_by_upstream_compilation,0.0,TWh,0.0,TWh,wind_electricity,historical_compilation; latest years may be estimated upstream,downloaded_2026-08-01,owid-energy-data.csv
DS-OWID-ENERGY,SRC-OWID-ENERGY,historical,,,,World,OWID_WRL,world,1977,electricity_generation,hydropower,,all_generation_reported_by_upstream_compilation,1491.672,TWh,1491.672,TWh,hydro_electricity,historical_compilation; latest years may be estimated upstream,downloaded_2026-08-01,owid-energy-data.csv
DS-OWID-ENERGY,SRC-OWID-ENERGY,historical,,,,World,OWID_WRL,world,1977,electricity_generation,nuclear,,all_generation_reported_by_upstream_compilation,538.548,TWh,538.548,TWh,nuclear_electricity,historical_compilation; latest years may be estimated upstream,downloaded_2026-08-01,owid-energy-data.csv
DS-OWID-ENERGY,SRC-OWID-ENERGY,historical,,,,World,OWID_WRL,world,1977,electricity_generation,solar,,all_generation_reported_by_upstream_compilation,0.0,TWh,0.0,TWh,solar_electricity,historical_compilation; latest years may be estimated upstream,downloaded_2026-08-01,owid-energy-data.csv
DS-OWID-ENERGY,SRC-OWID-ENERGY,historical,,,,World,OWID_WRL,world,1977,electricity_generation,wind,,all_generation_reported_by_upstream_compilation,0.0,TWh,0.0,TWh,wind_electricity,historical_compilation; latest years may be estimated upstream,downloaded_2026-08-01,owid-energy-data.csv
DS-OWID-ENERGY,SRC-OWID-ENERGY,historical,,,,World,OWID_WRL,world,1978,electricity_generation,hydropower,,all_generation_reported_by_upstream_compilation,1614.382,TWh,1614.382,TWh,hydro_electricity,historical_compilation; latest years may be estimated upstream,downloaded_2026-08-01,owid-energy-data.csv
DS-OWID-ENERGY,SRC-OWID-ENERGY,historical,,,,World,OWID_WRL,world,1978,electricity_generation,nuclear,,all_generation_reported_by_upstream_compilation,625.794,TWh,625.794,TWh,nuclear_electricity,historical_compilation; latest years may be estimated upstream,downloaded_2026-08-01,owid-energy-data.csv
DS-OWID-ENERGY,SRC-OWID-ENERGY,historical,,,,World,OWID_WRL,world,1978,electricity_generation,solar,,all_generation_reported_by_upstream_compilation,0.0,TWh,0.0,TWh,solar_electricity,historical_compilation; latest years may be estimated upstream,downloaded_2026-08-01,owid-energy-data.csv
DS-OWID-ENERGY,SRC-OWID-ENERGY,historical,,,,World,OWID_WRL,world,1978,electricity_generation,wind,,all_generation_reported_by_upstream_compilation,0.003,TWh,0.003,TWh,wind_electricity,historical_compilation; latest years may be estimated upstream,downloaded_2026-08-01,owid-energy-data.csv
DS-OWID-ENERGY,SRC-OWID-ENERGY,historical,,,,World,OWID_WRL,world,1979,electricity_generation,hydropower,,all_generation_reported_by_upstream_compilation,1695.186,TWh,1695.186,TWh,hydro_electricity,historical_compilation; latest years may be estimated upstream,downloaded_2026-08-01,owid-energy-data.csv
DS-OWID-ENERGY,SRC-OWID-ENERGY,historical,,,,World,OWID_WRL,world,1979,electricity_generation,nuclear,,all_generation_reported_by_upstream_compilation,650.86,TWh,650.86,TWh,nuclear_electricity,historical_compilation; latest years may be estimated upstream,downloaded_2026-08-01,owid-energy-data.csv
DS-OWID-ENERGY,SRC-OWID-ENERGY,historical,,,,World,OWID_WRL,world,1979,electricity_generation,solar,,all_generation_reported_by_upstream_compilation,0.0,TWh,0.0,TWh,solar_electricity,historical_compilation; latest years may be estimated upstream,downloaded_2026-08-01,owid-energy-data.csv
DS-OWID-ENERGY,SRC-OWID-ENERGY,historical,,,,World,OWID_WRL,world,1979,electricity_generation,wind,,all_generation_reported_by_upstream_compilation,0.006,TWh,0.006,TWh,wind_electricity,historical_compilation; latest years may be estimated upstream,downloaded_2026-08-01,owid-energy-data.csv
DS-OWID-ENERGY,SRC-OWID-ENERGY,historical,,,,World,OWID_WRL,world,1980,electricity_generation,hydropower,,all_generation_reported_by_upstream_compilation,1731.649,TWh,1731.649,TWh,hydro_electricity,historical_compilation; latest years may be estimated upstream,downloaded_2026-08-01,owid-energy-data.csv
DS-OWID-ENERGY,SRC-OWID-ENERGY,historical,,,,World,OWID_WRL,world,1980,electricity_generation,nuclear,,all_generation_reported_by_upstream_compilation,711.924,TWh,711.924,TWh,nuclear_electricity,historical_compilation; latest years may be estimated upstream,downloaded_2026-08-01,owid-energy-data.csv
DS-OWID-ENERGY,SRC-OWID-ENERGY,historical,,,,World,OWID_WRL,world,1980,electricity_generation,solar,,all_generation_reported_by_upstream_compilation,0.0,TWh,0.0,TWh,solar_electricity,historical_compilation; latest years may be estimated upstream,downloaded_2026-08-01,owid-energy-data.csv
DS-OWID-ENERGY,SRC-OWID-ENERGY,historical,,,,World,OWID_WRL,world,1980,electricity_generation,wind,,all_generation_reported_by_upstream_compilation,0.01,TWh,0.01,TWh,wind_electricity,historical_compilation; latest years may be estimated upstream,downloaded_2026-08-01,owid-energy-data.csv
DS-OWID-ENERGY,SRC-OWID-ENERGY,historical,,,,World,OWID_WRL,world,1981,electricity_generation,hydropower,,all_generation_reported_by_upstream_compilation,1768.904,TWh,1768.904,TWh,hydro_electricity,historical_compilation; latest years may be estimated upstream,downloaded_2026-08-01,owid-energy-data.csv
DS-OWID-ENERGY,SRC-OWID-ENERGY,historical,,,,World,OWID_WRL,world,1981,electricity_generation,nuclear,,all_generation_reported_by_upstream_compilation,840.751,TWh,840.751,TWh,nuclear_electricity,historical_compilation; latest years may be estimated upstream,downloaded_2026-08-01,owid-energy-data.csv
DS-OWID-ENERGY,SRC-OWID-ENERGY,historical,,,,World,OWID_WRL,world,1981,electricity_generation,solar,,all_generation_reported_by_upstream_compilation,0.0,TWh,0.0,TWh,solar_electricity,historical_compilation; latest years may be estimated upstream,downloaded_2026-08-01,owid-energy-data.csv
DS-OWID-ENERGY,SRC-OWID-ENERGY,historical,,,,World,OWID_WRL,world,1981,electricity_generation,wind,,all_generation_reported_by_upstream_compilation,0.01,TWh,0.01,TWh,wind_electricity,historical_compilation; latest years may be estimated upstream,downloaded_2026-08-01,owid-energy-data.csv
DS-OWID-ENERGY,SRC-OWID-ENERGY,historical,,,,World,OWID_WRL,world,1982,electricity_generation,hydropower,,all_generation_reported_by_upstream_compilation,1800.908,TWh,1800.908,TWh,hydro_electricity,historical_compilation; latest years may be estimated upstream,downloaded_2026-08-01,owid-energy-data.csv
DS-OWID-ENERGY,SRC-OWID-ENERGY,historical,,,,World,OWID_WRL,world,1982,electricity_generation,nuclear,,all_generation_reported_by_upstream_compilation,912.178,TWh,912.178,TWh,nuclear_electricity,historical_compilation; latest years may be estimated upstream,downloaded_2026-08-01,owid-energy-data.csv
DS-OWID-ENERGY,SRC-OWID-ENERGY,historical,,,,World,OWID_WRL,world,1982,electricity_generation,solar,,all_generation_reported_by_upstream_compilation,0.0,TWh,0.0,TWh,solar_electricity,historical_compilation; latest years may be estimated upstream,downloaded_2026-08-01,owid-energy-data.csv
DS-OWID-ENERGY,SRC-OWID-ENERGY,historical,,,,World,OWID_WRL,world,1982,electricity_generation,wind,,all_generation_reported_by_upstream_compilation,0.019,TWh,0.019,TWh,wind_electricity,historical_compilation; latest years may be estimated upstream,downloaded_2026-08-01,owid-energy-data.csv
DS-OWID-ENERGY,SRC-OWID-ENERGY,historical,,,,World,OWID_WRL,world,1983,electricity_generation,hydropower,,all_generation_reported_by_upstream_compilation,1877.769,TWh,1877.769,TWh,hydro_electricity,historical_compilation; latest years may be estimated upstream,downloaded_2026-08-01,owid-energy-data.csv
DS-OWID-ENERGY,SRC-OWID-ENERGY,historical,,,,World,OWID_WRL,world,1983,electricity_generation,nuclear,,all_generation_reported_by_upstream_compilation,1033.813,TWh,1033.813,TWh,nuclear_electricity,historical_compilation; latest years may be estimated upstream,downloaded_2026-08-01,owid-energy-data.csv
DS-OWID-ENERGY,SRC-OWID-ENERGY,historical,,,,World,OWID_WRL,world,1983,electricity_generation,solar,,all_generation_reported_by_upstream_compilation,0.003,TWh,0.003,TWh,solar_electricity,historical_compilation; latest years may be estimated upstream,downloaded_2026-08-01,owid-energy-data.csv
DS-OWID-ENERGY,SRC-OWID-ENERGY,historical,,,,World,OWID_WRL,world,1983,electricity_generation,wind,,all_generation_reported_by_upstream_compilation,0.033,TWh,0.033,TWh,wind_electricity,historical_compilation; latest years may be estimated upstream,downloaded_2026-08-01,owid-energy-data.csv
DS-OWID-ENERGY,SRC-OWID-ENERGY,historical,,,,World,OWID_WRL,world,1984,electricity_generation,hydropower,,all_generation_reported_by_upstream_compilation,1941.373,TWh,1941.373,TWh,hydro_electricity,historical_compilation; latest years may be estimated upstream,downloaded_2026-08-01,owid-energy-data.csv
DS-OWID-ENERGY,SRC-OWID-ENERGY,historical,,,,World,OWID_WRL,world,1984,electricity_generation,nuclear,,all_generation_reported_by_upstream_compilation,1254.568,TWh,1254.568,TWh,nuclear_electricity,historical_compilation; latest years may be estimated upstream,downloaded_2026-08-01,owid-energy-data.csv
DS-OWID-ENERGY,SRC-OWID-ENERGY,historical,,,,World,OWID_WRL,world,1984,electricity_generation,solar,,all_generation_reported_by_upstream_compilation,0.006,TWh,0.006,TWh,solar_electricity,historical_compilation; latest years may be estimated upstream,downloaded_2026-08-01,owid-energy-data.csv
DS-OWID-ENERGY,SRC-OWID-ENERGY,historical,,,,World,OWID_WRL,world,1984,electricity_generation,wind,,all_generation_reported_by_upstream_compilation,0.045,TWh,0.045,TWh,wind_electricity,historical_compilation; latest years may be estimated upstream,downloaded_2026-08-01,owid-energy-data.csv
DS-OWID-ENERGY,SRC-OWID-ENERGY,historical,,,,World,OWID_WRL,world,1985,electricity_generation,coal,,all_generation_reported_by_upstream_compilation,3748.385,TWh,3748.385,TWh,coal_electricity,historical_compilation; latest years may be estimated upstream,downloaded_2026-08-01,owid-energy-data.csv
DS-OWID-ENERGY,SRC-OWID-ENERGY,historical,,,,World,OWID_WRL,world,1985,electricity_generation,hydropower,,all_generation_reported_by_upstream_compilation,1979.244,TWh,1979.244,TWh,hydro_electricity,historical_compilation; latest years may be estimated upstream,downloaded_2026-08-01,owid-energy-data.csv
DS-OWID-ENERGY,SRC-OWID-ENERGY,historical,,,,World,OWID_WRL,world,1985,electricity_generation,natural_gas,,all_generation_reported_by_upstream_compilation,1426.332,TWh,1426.332,TWh,gas_electricity,historical_compilation; latest years may be estimated upstream,downloaded_2026-08-01,owid-energy-data.csv
DS-OWID-ENERGY,SRC-OWID-ENERGY,historical,,,,World,OWID_WRL,world,1985,electricity_generation,nuclear,,all_generation_reported_by_upstream_compilation,1488.922,TWh,1488.922,TWh,nuclear_electricity,historical_compilation; latest years may be estimated upstream,downloaded_2026-08-01,owid-energy-data.csv
DS-OWID-ENERGY,SRC-OWID-ENERGY,historical,,,,World,OWID_WRL,world,1985,electricity_generation,oil,,all_generation_reported_by_upstream_compilation,1110.757,TWh,1110.757,TWh,oil_electricity,historical_compilation; latest years may be estimated upstream,downloaded_2026-08-01,owid-energy-data.csv
DS-OWID-ENERGY,SRC-OWID-ENERGY,historical,,,,World,OWID_WRL,world,1985,electricity_generation,solar,,all_generation_reported_by_upstream_compilation,0.012,TWh,0.012,TWh,solar_electricity,historical_compilation; latest years may be estimated upstream,downloaded_2026-08-01,owid-energy-data.csv
DS-OWID-ENERGY,SRC-OWID-ENERGY,historical,,,,World,OWID_WRL,world,1985,electricity_generation,total,all sources,all_generation_reported_by_upstream_compilation,9886.064,TWh,9886.064,TWh,electricity_generation,historical_compilation; latest years may be estimated upstream,downloaded_2026-08-01,owid-energy-data.csv
DS-OWID-ENERGY,SRC-OWID-ENERGY,historical,,,,World,OWID_WRL,world,1985,electricity_generation,wind,,all_generation_reported_by_upstream_compilation,0.064,TWh,0.064,TWh,wind_electricity,historical_compilation; latest years may be estimated upstream,downloaded_2026-08-01,owid-energy-data.csv
DS-OWID-ENERGY,SRC-OWID-ENERGY,historical,,,,World,OWID_WRL,world,1986,electricity_generation,coal,,all_generation_reported_by_upstream_compilation,3839.01,TWh,3839.01,TWh,coal_electricity,historical_compilation; latest years may be estimated upstream,downloaded_2026-08-01,owid-energy-data.csv
DS-OWID-ENERGY,SRC-OWID-ENERGY,historical,,,,World,OWID_WRL,world,1986,electricity_generation,hydropower,,all_generation_reported_by_upstream_compilation,2006.073,TWh,2006.073,TWh,hydro_electricity,historical_compilation; latest years may be estimated upstream,downloaded_2026-08-01,owid-energy-data.csv
DS-OWID-ENERGY,SRC-OWID-ENERGY,historical,,,,World,OWID_WRL,world,1986,electricity_generation,natural_gas,,all_generation_reported_by_upstream_compilation,1432.692,TWh,1432.692,TWh,gas_electricity,historical_compilation; latest years may be estimated upstream,downloaded_2026-08-01,owid-energy-data.csv
DS-OWID-ENERGY,SRC-OWID-ENERGY,historical,,,,World,OWID_WRL,world,1986,electricity_generation,nuclear,,all_generation_reported_by_upstream_compilation,1594.736,TWh,1594.736,TWh,nuclear_electricity,historical_compilation; latest years may be estimated upstream,downloaded_2026-08-01,owid-energy-data.csv
DS-OWID-ENERGY,SRC-OWID-ENERGY,historical,,,,World,OWID_WRL,world,1986,electricity_generation,oil,,all_generation_reported_by_upstream_compilation,1168.273,TWh,1168.273,TWh,oil_electricity,historical_compilation; latest years may be estimated upstream,downloaded_2026-08-01,owid-energy-data.csv
DS-OWID-ENERGY,SRC-OWID-ENERGY,historical,,,,World,OWID_WRL,world,1986,electricity_generation,solar,,all_generation_reported_by_upstream_compilation,0.015,TWh,0.015,TWh,solar_electricity,historical_compilation; latest years may be estimated upstream,downloaded_2026-08-01,owid-energy-data.csv
DS-OWID-ENERGY,SRC-OWID-ENERGY,historical,,,,World,OWID_WRL,world,1986,electricity_generation,total,all sources,all_generation_reported_by_upstream_compilation,10180.79,TWh,10180.79,TWh,electricity_generation,historical_compilation; latest years may be estimated upstream,downloaded_2026-08-01,owid-energy-data.csv
DS-OWID-ENERGY,SRC-OWID-ENERGY,historical,,,,World,OWID_WRL,world,1986,electricity_generation,wind,,all_generation_reported_by_upstream_compilation,0.139,TWh,0.139,TWh,wind_electricity,historical_compilation; latest years may be estimated upstream,downloaded_2026-08-01,owid-energy-data.csv
DS-OWID-ENERGY,SRC-OWID-ENERGY,historical,,,,World,OWID_WRL,world,1987,electricity_generation,coal,,all_generation_reported_by_upstream_compilation,4058.077,TWh,4058.077,TWh,coal_electricity,historical_compilation; latest years may be estimated upstream,downloaded_2026-08-01,owid-energy-data.csv
DS-OWID-ENERGY,SRC-OWID-ENERGY,historical,,,,World,OWID_WRL,world,1987,electricity_generation,hydropower,,all_generation_reported_by_upstream_compilation,2033.192,TWh,2033.192,TWh,hydro_electricity,historical_compilation; latest years may be estimated upstream,downloaded_2026-08-01,owid-energy-data.csv
DS-OWID-ENERGY,SRC-OWID-ENERGY,historical,,,,World,OWID_WRL,world,1987,electricity_generation,natural_gas,,all_generation_reported_by_upstream_compilation,1516.51,TWh,1516.51,TWh,gas_electricity,historical_compilation; latest years may be estimated upstream,downloaded_2026-08-01,owid-energy-data.csv
DS-OWID-ENERGY,SRC-OWID-ENERGY,historical,,,,World,OWID_WRL,world,1987,electricity_generation,nuclear,,all_generation_reported_by_upstream_compilation,1734.733,TWh,1734.733,TWh,nuclear_electricity,historical_compilation; latest years may be estimated upstream,downloaded_2026-08-01,owid-energy-data.csv
DS-OWID-ENERGY,SRC-OWID-ENERGY,historical,,,,World,OWID_WRL,world,1987,electricity_generation,oil,,all_generation_reported_by_upstream_compilation,1183.175,TWh,1183.175,TWh,oil_electricity,historical_compilation; latest years may be estimated upstream,downloaded_2026-08-01,owid-energy-data.csv
DS-OWID-ENERGY,SRC-OWID-ENERGY,historical,,,,World,OWID_WRL,world,1987,electricity_generation,solar,,all_generation_reported_by_upstream_compilation,0.011,TWh,0.011,TWh,solar_electricity,historical_compilation; latest years may be estimated upstream,downloaded_2026-08-01,owid-energy-data.csv
DS-OWID-ENERGY,SRC-OWID-ENERGY,historical,,,,World,OWID_WRL,world,1987,electricity_generation,total,all sources,all_generation_reported_by_upstream_compilation,10670.628,TWh,10670.628,TWh,electricity_generation,historical_compilation; latest years may be estimated upstream,downloaded_2026-08-01,owid-energy-data.csv
DS-OWID-ENERGY,SRC-OWID-ENERGY,historical,,,,World,OWID_WRL,world,1987,electricity_generation,wind,,all_generation_reported_by_upstream_compilation,0.195,TWh,0.195,TWh,wind_electricity,historical_compilation; latest years may be estimated upstream,downloaded_2026-08-01,owid-energy-data.csv
DS-OWID-ENERGY,SRC-OWID-ENERGY,historical,,,,World,OWID_WRL,world,1988,electricity_generation,coal,,all_generation_reported_by_upstream_compilation,4200.674,TWh,4200.674,TWh,coal_electricity,historical_compilation; latest years may be estimated upstream,downloaded_2026-08-01,owid-energy-data.csv
DS-OWID-ENERGY,SRC-OWID-ENERGY,historical,,,,World,OWID_WRL,world,1988,electricity_generation,hydropower,,all_generation_reported_by_upstream_compilation,2098.349,TWh,2098.349,TWh,hydro_electricity,historical_compilation; latest years may be estimated upstream,downloaded_2026-08-01,owid-energy-data.csv
DS-OWID-ENERGY,SRC-OWID-ENERGY,historical,,,,World,OWID_WRL,world,1988,electricity_generation,natural_gas,,all_generation_reported_by_upstream_compilation,1540.98,TWh,1540.98,TWh,gas_electricity,historical_compilation; latest years may be estimated upstream,downloaded_2026-08-01,owid-energy-data.csv
DS-OWID-ENERGY,SRC-OWID-ENERGY,historical,,,,World,OWID_WRL,world,1988,electricity_generation,nuclear,,all_generation_reported_by_upstream_compilation,1891.249,TWh,1891.249,TWh,nuclear_electricity,historical_compilation; latest years may be estimated upstream,downloaded_2026-08-01,owid-energy-data.csv
DS-OWID-ENERGY,SRC-OWID-ENERGY,historical,,,,World,OWID_WRL,world,1988,electricity_generation,oil,,all_generation_reported_by_upstream_compilation,1256.525,TWh,1256.525,TWh,oil_electricity,historical_compilation; latest years may be estimated upstream,downloaded_2026-08-01,owid-energy-data.csv
DS-OWID-ENERGY,SRC-OWID-ENERGY,historical,,,,World,OWID_WRL,world,1988,electricity_generation,solar,,all_generation_reported_by_upstream_compilation,0.01,TWh,0.01,TWh,solar_electricity,historical_compilation; latest years may be estimated upstream,downloaded_2026-08-01,owid-energy-data.csv
DS-OWID-ENERGY,SRC-OWID-ENERGY,historical,,,,World,OWID_WRL,world,1988,electricity_generation,total,all sources,all_generation_reported_by_upstream_compilation,11140.627,TWh,11140.627,TWh,electricity_generation,historical_compilation; latest years may be estimated upstream,downloaded_2026-08-01,owid-energy-data.csv
DS-OWID-ENERGY,SRC-OWID-ENERGY,historical,,,,World,OWID_WRL,world,1988,electricity_generation,wind,,all_generation_reported_by_upstream_compilation,0.332,TWh,0.332,TWh,wind_electricity,historical_compilation; latest years may be estimated upstream,downloaded_2026-08-01,owid-energy-data.csv
DS-OWID-ENERGY,SRC-OWID-ENERGY,historical,,,,World,OWID_WRL,world,1989,electricity_generation,coal,,all_generation_reported_by_upstream_compilation,4376.982,TWh,4376.982,TWh,coal_electricity,historical_compilation; latest years may be estimated upstream,downloaded_2026-08-01,owid-energy-data.csv
DS-OWID-ENERGY,SRC-OWID-ENERGY,historical,,,,World,OWID_WRL,world,1989,electricity_generation,hydropower,,all_generation_reported_by_upstream_compilation,2087.587,TWh,2087.587,TWh,hydro_electricity,historical_compilation; latest years may be estimated upstream,downloaded_2026-08-01,owid-energy-data.csv
DS-OWID-ENERGY,SRC-OWID-ENERGY,historical,,,,World,OWID_WRL,world,1989,electricity_generation,natural_gas,,all_generation_reported_by_upstream_compilation,1728.554,TWh,1728.554,TWh,gas_electricity,historical_compilation; latest years may be estimated upstream,downloaded_2026-08-01,owid-energy-data.csv
DS-OWID-ENERGY,SRC-OWID-ENERGY,historical,,,,World,OWID_WRL,world,1989,electricity_generation,nuclear,,all_generation_reported_by_upstream_compilation,1945.011,TWh,1945.011,TWh,nuclear_electricity,historical_compilation; latest years may be estimated upstream,downloaded_2026-08-01,owid-energy-data.csv
DS-OWID-ENERGY,SRC-OWID-ENERGY,historical,,,,World,OWID_WRL,world,1989,electricity_generation,oil,,all_generation_reported_by_upstream_compilation,1350.2,TWh,1350.2,TWh,oil_electricity,historical_compilation; latest years may be estimated upstream,downloaded_2026-08-01,owid-energy-data.csv
DS-OWID-ENERGY,SRC-OWID-ENERGY,historical,,,,World,OWID_WRL,world,1989,electricity_generation,solar,,all_generation_reported_by_upstream_compilation,0.262,TWh,0.262,TWh,solar_electricity,historical_compilation; latest years may be estimated upstream,downloaded_2026-08-01,owid-energy-data.csv
DS-OWID-ENERGY,SRC-OWID-ENERGY,historical,,,,World,OWID_WRL,world,1989,electricity_generation,total,all sources,all_generation_reported_by_upstream_compilation,11657.959,TWh,11657.959,TWh,electricity_generation,historical_compilation; latest years may be estimated upstream,downloaded_2026-08-01,owid-energy-data.csv
DS-OWID-ENERGY,SRC-OWID-ENERGY,historical,,,,World,OWID_WRL,world,1989,electricity_generation,wind,,all_generation_reported_by_upstream_compilation,2.65,TWh,2.65,TWh,wind_electricity,historical_compilation; latest years may be estimated upstream,downloaded_2026-08-01,owid-energy-data.csv
DS-OWID-ENERGY,SRC-OWID-ENERGY,historical,,,,World,OWID_WRL,world,1990,electricity_generation,coal,,all_generation_reported_by_upstream_compilation,4460.242,TWh,4460.242,TWh,coal_electricity,historical_compilation; latest years may be estimated upstream,downloaded_2026-08-01,owid-energy-data.csv
DS-OWID-ENERGY,SRC-OWID-ENERGY,historical,,,,World,OWID_WRL,world,1990,electricity_generation,hydropower,,all_generation_reported_by_upstream_compilation,2158.622,TWh,2158.622,TWh,hydro_electricity,historical_compilation; latest years may be estimated upstream,downloaded_2026-08-01,owid-energy-data.csv
DS-OWID-ENERGY,SRC-OWID-ENERGY,historical,,,,World,OWID_WRL,world,1990,electricity_generation,natural_gas,,all_generation_reported_by_upstream_compilation,1788.726,TWh,1788.726,TWh,gas_electricity,historical_compilation; latest years may be estimated upstream,downloaded_2026-08-01,owid-energy-data.csv
DS-OWID-ENERGY,SRC-OWID-ENERGY,historical,,,,World,OWID_WRL,world,1990,electricity_generation,nuclear,,all_generation_reported_by_upstream_compilation,2000.596,TWh,2000.596,TWh,nuclear_electricity,historical_compilation; latest years may be estimated upstream,downloaded_2026-08-01,owid-energy-data.csv
DS-OWID-ENERGY,SRC-OWID-ENERGY,historical,,,,World,OWID_WRL,world,1990,electricity_generation,oil,,all_generation_reported_by_upstream_compilation,1366.094,TWh,1366.094,TWh,oil_electricity,historical_compilation; latest years may be estimated upstream,downloaded_2026-08-01,owid-energy-data.csv
DS-OWID-ENERGY,SRC-OWID-ENERGY,historical,,,,World,OWID_WRL,world,1990,electricity_generation,solar,,all_generation_reported_by_upstream_compilation,0.388,TWh,0.388,TWh,solar_electricity,historical_compilation; latest years may be estimated upstream,downloaded_2026-08-01,owid-energy-data.csv
DS-OWID-ENERGY,SRC-OWID-ENERGY,historical,,,,World,OWID_WRL,world,1990,electricity_generation,total,all sources,all_generation_reported_by_upstream_compilation,11961.414,TWh,11961.414,TWh,electricity_generation,historical_compilation; latest years may be estimated upstream,downloaded_2026-08-01,owid-energy-data.csv
DS-OWID-ENERGY,SRC-OWID-ENERGY,historical,,,,World,OWID_WRL,world,1990,electricity_generation,wind,,all_generation_reported_by_upstream_compilation,3.632,TWh,3.632,TWh,wind_electricity,historical_compilation; latest years may be estimated upstream,downloaded_2026-08-01,owid-energy-data.csv
DS-OWID-ENERGY,SRC-OWID-ENERGY,historical,,,,World,OWID_WRL,world,1991,electricity_generation,coal,,all_generation_reported_by_upstream_compilation,4557.066,TWh,4557.066,TWh,coal_electricity,historical_compilation; latest years may be estimated upstream,downloaded_2026-08-01,owid-energy-data.csv
DS-OWID-ENERGY,SRC-OWID-ENERGY,historical,,,,World,OWID_WRL,world,1991,electricity_generation,hydropower,,all_generation_reported_by_upstream_compilation,2208.544,TWh,2208.544,TWh,hydro_electricity,historical_compilation; latest years may be estimated upstream,downloaded_2026-08-01,owid-energy-data.csv
DS-OWID-ENERGY,SRC-OWID-ENERGY,historical,,,,World,OWID_WRL,world,1991,electricity_generation,natural_gas,,all_generation_reported_by_upstream_compilation,1814.145,TWh,1814.145,TWh,gas_electricity,historical_compilation; latest years may be estimated upstream,downloaded_2026-08-01,owid-energy-data.csv
DS-OWID-ENERGY,SRC-OWID-ENERGY,historical,,,,World,OWID_WRL,world,1991,electricity_generation,nuclear,,all_generation_reported_by_upstream_compilation,2096.31,TWh,2096.31,TWh,nuclear_electricity,historical_compilation; latest years may be estimated upstream,downloaded_2026-08-01,owid-energy-data.csv
DS-OWID-ENERGY,SRC-OWID-ENERGY,historical,,,,World,OWID_WRL,world,1991,electricity_generation,oil,,all_generation_reported_by_upstream_compilation,1351.453,TWh,1351.453,TWh,oil_electricity,historical_compilation; latest years may be estimated upstream,downloaded_2026-08-01,owid-energy-data.csv
DS-OWID-ENERGY,SRC-OWID-ENERGY,historical,,,,World,OWID_WRL,world,1991,electricity_generation,solar,,all_generation_reported_by_upstream_compilation,0.505,TWh,0.505,TWh,solar_electricity,historical_compilation; latest years may be estimated upstream,downloaded_2026-08-01,owid-energy-data.csv
DS-OWID-ENERGY,SRC-OWID-ENERGY,historical,,,,World,OWID_WRL,world,1991,electricity_generation,total,all sources,all_generation_reported_by_upstream_compilation,12222.524,TWh,12222.524,TWh,electricity_generation,historical_compilation; latest years may be estimated upstream,downloaded_2026-08-01,owid-energy-data.csv
DS-OWID-ENERGY,SRC-OWID-ENERGY,historical,,,,World,OWID_WRL,world,1991,electricity_generation,wind,,all_generation_reported_by_upstream_compilation,4.086,TWh,4.086,TWh,wind_electricity,historical_compilation; latest years may be estimated upstream,downloaded_2026-08-01,owid-energy-data.csv
DS-OWID-ENERGY,SRC-OWID-ENERGY,historical,,,,World,OWID_WRL,world,1992,electricity_generation,coal,,all_generation_reported_by_upstream_compilation,4649.81,TWh,4649.81,TWh,coal_electricity,historical_compilation; latest years may be estimated upstream,downloaded_2026-08-01,owid-energy-data.csv
DS-OWID-ENERGY,SRC-OWID-ENERGY,historical,,,,World,OWID_WRL,world,1992,electricity_generation,hydropower,,all_generation_reported_by_upstream_compilation,2208.315,TWh,2208.315,TWh,hydro_electricity,historical_compilation; latest years may be estimated upstream,downloaded_2026-08-01,owid-energy-data.csv
DS-OWID-ENERGY,SRC-OWID-ENERGY,historical,,,,World,OWID_WRL,world,1992,electricity_generation,natural_gas,,all_generation_reported_by_upstream_compilation,1828.428,TWh,1828.428,TWh,gas_electricity,historical_compilation; latest years may be estimated upstream,downloaded_2026-08-01,owid-energy-data.csv
DS-OWID-ENERGY,SRC-OWID-ENERGY,historical,,,,World,OWID_WRL,world,1992,electricity_generation,nuclear,,all_generation_reported_by_upstream_compilation,2112.223,TWh,2112.223,TWh,nuclear_electricity,historical_compilation; latest years may be estimated upstream,downloaded_2026-08-01,owid-energy-data.csv
DS-OWID-ENERGY,SRC-OWID-ENERGY,historical,,,,World,OWID_WRL,world,1992,electricity_generation,oil,,all_generation_reported_by_upstream_compilation,1329.712,TWh,1329.712,TWh,oil_electricity,historical_compilation; latest years may be estimated upstream,downloaded_2026-08-01,owid-energy-data.csv
DS-OWID-ENERGY,SRC-OWID-ENERGY,historical,,,,World,OWID_WRL,world,1992,electricity_generation,solar,,all_generation_reported_by_upstream_compilation,0.467,TWh,0.467,TWh,solar_electricity,historical_compilation; latest years may be estimated upstream,downloaded_2026-08-01,owid-energy-data.csv
DS-OWID-ENERGY,SRC-OWID-ENERGY,historical,,,,World,OWID_WRL,world,1992,electricity_generation,total,all sources,all_generation_reported_by_upstream_compilation,12336.403,TWh,12336.403,TWh,electricity_generation,historical_compilation; latest years may be estimated upstream,downloaded_2026-08-01,owid-energy-data.csv
DS-OWID-ENERGY,SRC-OWID-ENERGY,historical,,,,World,OWID_WRL,world,1992,electricity_generation,wind,,all_generation_reported_by_upstream_compilation,4.733,TWh,4.733,TWh,wind_electricity,historical_compilation; latest years may be estimated upstream,downloaded_2026-08-01,owid-energy-data.csv
DS-OWID-ENERGY,SRC-OWID-ENERGY,historical,,,,World,OWID_WRL,world,1993,electricity_generation,coal,,all_generation_reported_by_upstream_compilation,4727.774,TWh,4727.774,TWh,coal_electricity,historical_compilation; latest years may be estimated upstream,downloaded_2026-08-01,owid-energy-data.csv
DS-OWID-ENERGY,SRC-OWID-ENERGY,historical,,,,World,OWID_WRL,world,1993,electricity_generation,hydropower,,all_generation_reported_by_upstream_compilation,2341.321,TWh,2341.321,TWh,hydro_electricity,historical_compilation; latest years may be estimated upstream,downloaded_2026-08-01,owid-energy-data.csv
DS-OWID-ENERGY,SRC-OWID-ENERGY,historical,,,,World,OWID_WRL,world,1993,electricity_generation,natural_gas,,all_generation_reported_by_upstream_compilation,1862.43,TWh,1862.43,TWh,gas_electricity,historical_compilation; latest years may be estimated upstream,downloaded_2026-08-01,owid-energy-data.csv
DS-OWID-ENERGY,SRC-OWID-ENERGY,historical,,,,World,OWID_WRL,world,1993,electricity_generation,nuclear,,all_generation_reported_by_upstream_compilation,2184.965,TWh,2184.965,TWh,nuclear_electricity,historical_compilation; latest years may be estimated upstream,downloaded_2026-08-01,owid-energy-data.csv
DS-OWID-ENERGY,SRC-OWID-ENERGY,historical,,,,World,OWID_WRL,world,1993,electricity_generation,oil,,all_generation_reported_by_upstream_compilation,1268.549,TWh,1268.549,TWh,oil_electricity,historical_compilation; latest years may be estimated upstream,downloaded_2026-08-01,owid-energy-data.csv
DS-OWID-ENERGY,SRC-OWID-ENERGY,historical,,,,World,OWID_WRL,world,1993,electricity_generation,solar,,all_generation_reported_by_upstream_compilation,0.557,TWh,0.557,TWh,solar_electricity,historical_compilation; latest years may be estimated upstream,downloaded_2026-08-01,owid-energy-data.csv
DS-OWID-ENERGY,SRC-OWID-ENERGY,historical,,,,World,OWID_WRL,world,1993,electricity_generation,total,all sources,all_generation_reported_by_upstream_compilation,12599.928,TWh,12599.928,TWh,electricity_generation,historical_compilation; latest years may be estimated upstream,downloaded_2026-08-01,owid-energy-data.csv
DS-OWID-ENERGY,SRC-OWID-ENERGY,historical,,,,World,OWID_WRL,world,1993,electricity_generation,wind,,all_generation_reported_by_upstream_compilation,5.704,TWh,5.704,TWh,wind_electricity,historical_compilation; latest years may be estimated upstream,downloaded_2026-08-01,owid-energy-data.csv
DS-OWID-ENERGY,SRC-OWID-ENERGY,historical,,,,World,OWID_WRL,world,1994,electricity_generation,coal,,all_generation_reported_by_upstream_compilation,4891.716,TWh,4891.716,TWh,coal_electricity,historical_compilation; latest years may be estimated upstream,downloaded_2026-08-01,owid-energy-data.csv
DS-OWID-ENERGY,SRC-OWID-ENERGY,historical,,,,World,OWID_WRL,world,1994,electricity_generation,hydropower,,all_generation_reported_by_upstream_compilation,2355.906,TWh,2355.906,TWh,hydro_electricity,historical_compilation; latest years may be estimated upstream,downloaded_2026-08-01,owid-energy-data.csv
DS-OWID-ENERGY,SRC-OWID-ENERGY,historical,,,,World,OWID_WRL,world,1994,electricity_generation,natural_gas,,all_generation_reported_by_upstream_compilation,1923.732,TWh,1923.732,TWh,gas_electricity,historical_compilation; latest years may be estimated upstream,downloaded_2026-08-01,owid-energy-data.csv
DS-OWID-ENERGY,SRC-OWID-ENERGY,historical,,,,World,OWID_WRL,world,1994,electricity_generation,nuclear,,all_generation_reported_by_upstream_compilation,2225.979,TWh,2225.979,TWh,nuclear_electricity,historical_compilation; latest years may be estimated upstream,downloaded_2026-08-01,owid-energy-data.csv
DS-OWID-ENERGY,SRC-OWID-ENERGY,historical,,,,World,OWID_WRL,world,1994,electricity_generation,oil,,all_generation_reported_by_upstream_compilation,1303.786,TWh,1303.786,TWh,oil_electricity,historical_compilation; latest years may be estimated upstream,downloaded_2026-08-01,owid-energy-data.csv
DS-OWID-ENERGY,SRC-OWID-ENERGY,historical,,,,World,OWID_WRL,world,1994,electricity_generation,solar,,all_generation_reported_by_upstream_compilation,0.597,TWh,0.597,TWh,solar_electricity,historical_compilation; latest years may be estimated upstream,downloaded_2026-08-01,owid-energy-data.csv
DS-OWID-ENERGY,SRC-OWID-ENERGY,historical,,,,World,OWID_WRL,world,1994,electricity_generation,total,all sources,all_generation_reported_by_upstream_compilation,12923.577,TWh,12923.577,TWh,electricity_generation,historical_compilation; latest years may be estimated upstream,downloaded_2026-08-01,owid-energy-data.csv
DS-OWID-ENERGY,SRC-OWID-ENERGY,historical,,,,World,OWID_WRL,world,1994,electricity_generation,wind,,all_generation_reported_by_upstream_compilation,7.132,TWh,7.132,TWh,wind_electricity,historical_compilation; latest years may be estimated upstream,downloaded_2026-08-01,owid-energy-data.csv
DS-OWID-ENERGY,SRC-OWID-ENERGY,historical,,,,World,OWID_WRL,world,1995,electricity_generation,coal,,all_generation_reported_by_upstream_compilation,5038.72,TWh,5038.72,TWh,coal_electricity,historical_compilation; latest years may be estimated upstream,downloaded_2026-08-01,owid-energy-data.csv
DS-OWID-ENERGY,SRC-OWID-ENERGY,historical,,,,World,OWID_WRL,world,1995,electricity_generation,hydropower,,all_generation_reported_by_upstream_compilation,2483.389,TWh,2483.389,TWh,hydro_electricity,historical_compilation; latest years may be estimated upstream,downloaded_2026-08-01,owid-energy-data.csv
DS-OWID-ENERGY,SRC-OWID-ENERGY,historical,,,,World,OWID_WRL,world,1995,electricity_generation,natural_gas,,all_generation_reported_by_upstream_compilation,2034.872,TWh,2034.872,TWh,gas_electricity,historical_compilation; latest years may be estimated upstream,downloaded_2026-08-01,owid-energy-data.csv
DS-OWID-ENERGY,SRC-OWID-ENERGY,historical,,,,World,OWID_WRL,world,1995,electricity_generation,nuclear,,all_generation_reported_by_upstream_compilation,2322.53,TWh,2322.53,TWh,nuclear_electricity,historical_compilation; latest years may be estimated upstream,downloaded_2026-08-01,owid-energy-data.csv
DS-OWID-ENERGY,SRC-OWID-ENERGY,historical,,,,World,OWID_WRL,world,1995,electricity_generation,oil,,all_generation_reported_by_upstream_compilation,1261.797,TWh,1261.797,TWh,oil_electricity,historical_compilation; latest years may be estimated upstream,downloaded_2026-08-01,owid-energy-data.csv
DS-OWID-ENERGY,SRC-OWID-ENERGY,historical,,,,World,OWID_WRL,world,1995,electricity_generation,solar,,all_generation_reported_by_upstream_compilation,0.639,TWh,0.639,TWh,solar_electricity,historical_compilation; latest years may be estimated upstream,downloaded_2026-08-01,owid-energy-data.csv
DS-OWID-ENERGY,SRC-OWID-ENERGY,historical,,,,World,OWID_WRL,world,1995,electricity_generation,total,all sources,all_generation_reported_by_upstream_compilation,13381.867,TWh,13381.867,TWh,electricity_generation,historical_compilation; latest years may be estimated upstream,downloaded_2026-08-01,owid-energy-data.csv
DS-OWID-ENERGY,SRC-OWID-ENERGY,historical,,,,World,OWID_WRL,world,1995,electricity_generation,wind,,all_generation_reported_by_upstream_compilation,8.272,TWh,8.272,TWh,wind_electricity,historical_compilation; latest years may be estimated upstream,downloaded_2026-08-01,owid-energy-data.csv
DS-OWID-ENERGY,SRC-OWID-ENERGY,historical,,,,World,OWID_WRL,world,1996,electricity_generation,coal,,all_generation_reported_by_upstream_compilation,5279.495,TWh,5279.495,TWh,coal_electricity,historical_compilation; latest years may be estimated upstream,downloaded_2026-08-01,owid-energy-data.csv
DS-OWID-ENERGY,SRC-OWID-ENERGY,historical,,,,World,OWID_WRL,world,1996,electricity_generation,hydropower,,all_generation_reported_by_upstream_compilation,2516.815,TWh,2516.815,TWh,hydro_electricity,historical_compilation; latest years may be estimated upstream,downloaded_2026-08-01,owid-energy-data.csv
DS-OWID-ENERGY,SRC-OWID-ENERGY,historical,,,,World,OWID_WRL,world,1996,electricity_generation,natural_gas,,all_generation_reported_by_upstream_compilation,2100.145,TWh,2100.145,TWh,gas_electricity,historical_compilation; latest years may be estimated upstream,downloaded_2026-08-01,owid-energy-data.csv
DS-OWID-ENERGY,SRC-OWID-ENERGY,historical,,,,World,OWID_WRL,world,1996,electricity_generation,nuclear,,all_generation_reported_by_upstream_compilation,2406.615,TWh,2406.615,TWh,nuclear_electricity,historical_compilation; latest years may be estimated upstream,downloaded_2026-08-01,owid-energy-data.csv
DS-OWID-ENERGY,SRC-OWID-ENERGY,historical,,,,World,OWID_WRL,world,1996,electricity_generation,oil,,all_generation_reported_by_upstream_compilation,1247.447,TWh,1247.447,TWh,oil_electricity,historical_compilation; latest years may be estimated upstream,downloaded_2026-08-01,owid-energy-data.csv
DS-OWID-ENERGY,SRC-OWID-ENERGY,historical,,,,World,OWID_WRL,world,1996,electricity_generation,solar,,all_generation_reported_by_upstream_compilation,0.699,TWh,0.699,TWh,solar_electricity,historical_compilation; latest years may be estimated upstream,downloaded_2026-08-01,owid-energy-data.csv
DS-OWID-ENERGY,SRC-OWID-ENERGY,historical,,,,World,OWID_WRL,world,1996,electricity_generation,total,all sources,all_generation_reported_by_upstream_compilation,13797.155,TWh,13797.155,TWh,electricity_generation,historical_compilation; latest years may be estimated upstream,downloaded_2026-08-01,owid-energy-data.csv
DS-OWID-ENERGY,SRC-OWID-ENERGY,historical,,,,World,OWID_WRL,world,1996,electricity_generation,wind,,all_generation_reported_by_upstream_compilation,9.216,TWh,9.216,TWh,wind_electricity,historical_compilation; latest years may be estimated upstream,downloaded_2026-08-01,owid-energy-data.csv
DS-OWID-ENERGY,SRC-OWID-ENERGY,historical,,,,World,OWID_WRL,world,1997,electricity_generation,coal,,all_generation_reported_by_upstream_compilation,5395.633,TWh,5395.633,TWh,coal_electricity,historical_compilation; latest years may be estimated upstream,downloaded_2026-08-01,owid-energy-data.csv
DS-OWID-ENERGY,SRC-OWID-ENERGY,historical,,,,World,OWID_WRL,world,1997,electricity_generation,hydropower,,all_generation_reported_by_upstream_compilation,2561.356,TWh,2561.356,TWh,hydro_electricity,historical_compilation; latest years may be estimated upstream,downloaded_2026-08-01,owid-energy-data.csv
DS-OWID-ENERGY,SRC-OWID-ENERGY,historical,,,,World,OWID_WRL,world,1997,electricity_generation,natural_gas,,all_generation_reported_by_upstream_compilation,2270.331,TWh,2270.331,TWh,gas_electricity,historical_compilation; latest years may be estimated upstream,downloaded_2026-08-01,owid-energy-data.csv
DS-OWID-ENERGY,SRC-OWID-ENERGY,historical,,,,World,OWID_WRL,world,1997,electricity_generation,nuclear,,all_generation_reported_by_upstream_compilation,2390.064,TWh,2390.064,TWh,nuclear_electricity,historical_compilation; latest years may be estimated upstream,downloaded_2026-08-01,owid-energy-data.csv
DS-OWID-ENERGY,SRC-OWID-ENERGY,historical,,,,World,OWID_WRL,world,1997,electricity_generation,oil,,all_generation_reported_by_upstream_compilation,1245.286,TWh,1245.286,TWh,oil_electricity,historical_compilation; latest years may be estimated upstream,downloaded_2026-08-01,owid-energy-data.csv
DS-OWID-ENERGY,SRC-OWID-ENERGY,historical,,,,World,OWID_WRL,world,1997,electricity_generation,solar,,all_generation_reported_by_upstream_compilation,0.75,TWh,0.75,TWh,solar_electricity,historical_compilation; latest years may be estimated upstream,downloaded_2026-08-01,owid-energy-data.csv
DS-OWID-ENERGY,SRC-OWID-ENERGY,historical,,,,World,OWID_WRL,world,1997,electricity_generation,total,all sources,all_generation_reported_by_upstream_compilation,14128.604,TWh,14128.604,TWh,electricity_generation,historical_compilation; latest years may be estimated upstream,downloaded_2026-08-01,owid-energy-data.csv
DS-OWID-ENERGY,SRC-OWID-ENERGY,historical,,,,World,OWID_WRL,world,1997,electricity_generation,wind,,all_generation_reported_by_upstream_compilation,12.028,TWh,12.028,TWh,wind_electricity,historical_compilation; latest years may be estimated upstream,downloaded_2026-08-01,owid-energy-data.csv
DS-OWID-ENERGY,SRC-OWID-ENERGY,historical,,,,World,OWID_WRL,world,1998,electricity_generation,coal,,all_generation_reported_by_upstream_compilation,5511.211,TWh,5511.211,TWh,coal_electricity,historical_compilation; latest years may be estimated upstream,downloaded_2026-08-01,owid-energy-data.csv
DS-OWID-ENERGY,SRC-OWID-ENERGY,historical,,,,World,OWID_WRL,world,1998,electricity_generation,hydropower,,all_generation_reported_by_upstream_compilation,2580.933,TWh,2580.933,TWh,hydro_electricity,historical_compilation; latest years may be estimated upstream,downloaded_2026-08-01,owid-energy-data.csv
DS-OWID-ENERGY,SRC-OWID-ENERGY,historical,,,,World,OWID_WRL,world,1998,electricity_generation,natural_gas,,all_generation_reported_by_upstream_compilation,2407.846,TWh,2407.846,TWh,gas_electricity,historical_compilation; latest years may be estimated upstream,downloaded_2026-08-01,owid-energy-data.csv
DS-OWID-ENERGY,SRC-OWID-ENERGY,historical,,,,World,OWID_WRL,world,1998,electricity_generation,nuclear,,all_generation_reported_by_upstream_compilation,2431.195,TWh,2431.195,TWh,nuclear_electricity,historical_compilation; latest years may be estimated upstream,downloaded_2026-08-01,owid-energy-data.csv
DS-OWID-ENERGY,SRC-OWID-ENERGY,historical,,,,World,OWID_WRL,world,1998,electricity_generation,oil,,all_generation_reported_by_upstream_compilation,1295.537,TWh,1295.537,TWh,oil_electricity,historical_compilation; latest years may be estimated upstream,downloaded_2026-08-01,owid-energy-data.csv
DS-OWID-ENERGY,SRC-OWID-ENERGY,historical,,,,World,OWID_WRL,world,1998,electricity_generation,solar,,all_generation_reported_by_upstream_compilation,0.812,TWh,0.812,TWh,solar_electricity,historical_compilation; latest years may be estimated upstream,downloaded_2026-08-01,owid-energy-data.csv
DS-OWID-ENERGY,SRC-OWID-ENERGY,historical,,,,World,OWID_WRL,world,1998,electricity_generation,total,all sources,all_generation_reported_by_upstream_compilation,14511.013,TWh,14511.013,TWh,electricity_generation,historical_compilation; latest years may be estimated upstream,downloaded_2026-08-01,owid-energy-data.csv
DS-OWID-ENERGY,SRC-OWID-ENERGY,historical,,,,World,OWID_WRL,world,1998,electricity_generation,wind,,all_generation_reported_by_upstream_compilation,15.929,TWh,15.929,TWh,wind_electricity,historical_compilation; latest years may be estimated upstream,downloaded_2026-08-01,owid-energy-data.csv
DS-OWID-ENERGY,SRC-OWID-ENERGY,historical,,,,World,OWID_WRL,world,1999,electricity_generation,coal,,all_generation_reported_by_upstream_compilation,5630.671,TWh,5630.671,TWh,coal_electricity,historical_compilation; latest years may be estimated upstream,downloaded_2026-08-01,owid-energy-data.csv
DS-OWID-ENERGY,SRC-OWID-ENERGY,historical,,,,World,OWID_WRL,world,1999,electricity_generation,hydropower,,all_generation_reported_by_upstream_compilation,2600.469,TWh,2600.469,TWh,hydro_electricity,historical_compilation; latest years may be estimated upstream,downloaded_2026-08-01,owid-energy-data.csv
DS-OWID-ENERGY,SRC-OWID-ENERGY,historical,,,,World,OWID_WRL,world,1999,electricity_generation,natural_gas,,all_generation_reported_by_upstream_compilation,2600.207,TWh,2600.207,TWh,gas_electricity,historical_compilation; latest years may be estimated upstream,downloaded_2026-08-01,owid-energy-data.csv
DS-OWID-ENERGY,SRC-OWID-ENERGY,historical,,,,World,OWID_WRL,world,1999,electricity_generation,nuclear,,all_generation_reported_by_upstream_compilation,2523.706,TWh,2523.706,TWh,nuclear_electricity,historical_compilation; latest years may be estimated upstream,downloaded_2026-08-01,owid-energy-data.csv
DS-OWID-ENERGY,SRC-OWID-ENERGY,historical,,,,World,OWID_WRL,world,1999,electricity_generation,oil,,all_generation_reported_by_upstream_compilation,1267.927,TWh,1267.927,TWh,oil_electricity,historical_compilation; latest years may be estimated upstream,downloaded_2026-08-01,owid-energy-data.csv
DS-OWID-ENERGY,SRC-OWID-ENERGY,historical,,,,World,OWID_WRL,world,1999,electricity_generation,solar,,all_generation_reported_by_upstream_compilation,0.905,TWh,0.905,TWh,solar_electricity,historical_compilation; latest years may be estimated upstream,downloaded_2026-08-01,owid-energy-data.csv
DS-OWID-ENERGY,SRC-OWID-ENERGY,historical,,,,World,OWID_WRL,world,1999,electricity_generation,total,all sources,all_generation_reported_by_upstream_compilation,14926.271,TWh,14926.271,TWh,electricity_generation,historical_compilation; latest years may be estimated upstream,downloaded_2026-08-01,owid-energy-data.csv
DS-OWID-ENERGY,SRC-OWID-ENERGY,historical,,,,World,OWID_WRL,world,1999,electricity_generation,wind,,all_generation_reported_by_upstream_compilation,21.227,TWh,21.227,TWh,wind_electricity,historical_compilation; latest years may be estimated upstream,downloaded_2026-08-01,owid-energy-data.csv
DS-OWID-ENERGY,SRC-OWID-ENERGY,historical,,,,World,OWID_WRL,world,2000,electricity_generation,bioenergy,biofuels,all_generation_reported_by_upstream_compilation,154.13,TWh,154.13,TWh,biofuel_electricity,historical_compilation; latest years may be estimated upstream,downloaded_2026-08-01,owid-energy-data.csv
DS-OWID-ENERGY,SRC-OWID-ENERGY,historical,,,,World,OWID_WRL,world,2000,electricity_generation,coal,,all_generation_reported_by_upstream_compilation,5808.81,TWh,5808.81,TWh,coal_electricity,historical_compilation; latest years may be estimated upstream,downloaded_2026-08-01,owid-energy-data.csv
DS-OWID-ENERGY,SRC-OWID-ENERGY,historical,,,,World,OWID_WRL,world,2000,electricity_generation,hydropower,,all_generation_reported_by_upstream_compilation,2629.67,TWh,2629.67,TWh,hydro_electricity,historical_compilation; latest years may be estimated upstream,downloaded_2026-08-01,owid-energy-data.csv
DS-OWID-ENERGY,SRC-OWID-ENERGY,historical,,,,World,OWID_WRL,world,2000,electricity_generation,natural_gas,,all_generation_reported_by_upstream_compilation,2745.57,TWh,2745.57,TWh,gas_electricity,historical_compilation; latest years may be estimated upstream,downloaded_2026-08-01,owid-energy-data.csv
DS-OWID-ENERGY,SRC-OWID-ENERGY,historical,,,,World,OWID_WRL,world,2000,electricity_generation,nuclear,,all_generation_reported_by_upstream_compilation,2540.46,TWh,2540.46,TWh,nuclear_electricity,historical_compilation; latest years may be estimated upstream,downloaded_2026-08-01,owid-energy-data.csv
DS-OWID-ENERGY,SRC-OWID-ENERGY,historical,,,,World,OWID_WRL,world,2000,electricity_generation,oil,,all_generation_reported_by_upstream_compilation,1324.32,TWh,1324.32,TWh,oil_electricity,historical_compilation; latest years may be estimated upstream,downloaded_2026-08-01,owid-energy-data.csv
DS-OWID-ENERGY,SRC-OWID-ENERGY,historical,,,,World,OWID_WRL,world,2000,electricity_generation,other_renewables,"geothermal, marine, and other renewables excluding bioenergy",all_generation_reported_by_upstream_compilation,43.65,TWh,43.65,TWh,other_renewable_exc_biofuel_electricity,historical_compilation; latest years may be estimated upstream,downloaded_2026-08-01,owid-energy-data.csv
DS-OWID-ENERGY,SRC-OWID-ENERGY,historical,,,,World,OWID_WRL,world,2000,electricity_generation,solar,,all_generation_reported_by_upstream_compilation,1.02,TWh,1.02,TWh,solar_electricity,historical_compilation; latest years may be estimated upstream,downloaded_2026-08-01,owid-energy-data.csv
DS-OWID-ENERGY,SRC-OWID-ENERGY,historical,,,,World,OWID_WRL,world,2000,electricity_generation,total,all sources,all_generation_reported_by_upstream_compilation,15278.78,TWh,15278.78,TWh,electricity_generation,historical_compilation; latest years may be estimated upstream,downloaded_2026-08-01,owid-energy-data.csv
DS-OWID-ENERGY,SRC-OWID-ENERGY,historical,,,,World,OWID_WRL,world,2000,electricity_generation,wind,,all_generation_reported_by_upstream_compilation,31.15,TWh,31.15,TWh,wind_electricity,historical_compilation; latest years may be estimated upstream,downloaded_2026-08-01,owid-energy-data.csv
DS-OWID-ENERGY,SRC-OWID-ENERGY,historical,,,,World,OWID_WRL,world,2001,electricity_generation,bioenergy,biofuels,all_generation_reported_by_upstream_compilation,149.55,TWh,149.55,TWh,biofuel_electricity,historical_compilation; latest years may be estimated upstream,downloaded_2026-08-01,owid-energy-data.csv
DS-OWID-ENERGY,SRC-OWID-ENERGY,historical,,,,World,OWID_WRL,world,2001,electricity_generation,coal,,all_generation_reported_by_upstream_compilation,5890.67,TWh,5890.67,TWh,coal_electricity,historical_compilation; latest years may be estimated upstream,downloaded_2026-08-01,owid-energy-data.csv
DS-OWID-ENERGY,SRC-OWID-ENERGY,historical,,,,World,OWID_WRL,world,2001,electricity_generation,hydropower,,all_generation_reported_by_upstream_compilation,2563.72,TWh,2563.72,TWh,hydro_electricity,historical_compilation; latest years may be estimated upstream,downloaded_2026-08-01,owid-energy-data.csv
DS-OWID-ENERGY,SRC-OWID-ENERGY,historical,,,,World,OWID_WRL,world,2001,electricity_generation,natural_gas,,all_generation_reported_by_upstream_compilation,2914.78,TWh,2914.78,TWh,gas_electricity,historical_compilation; latest years may be estimated upstream,downloaded_2026-08-01,owid-energy-data.csv
DS-OWID-ENERGY,SRC-OWID-ENERGY,historical,,,,World,OWID_WRL,world,2001,electricity_generation,nuclear,,all_generation_reported_by_upstream_compilation,2613.17,TWh,2613.17,TWh,nuclear_electricity,historical_compilation; latest years may be estimated upstream,downloaded_2026-08-01,owid-energy-data.csv
DS-OWID-ENERGY,SRC-OWID-ENERGY,historical,,,,World,OWID_WRL,world,2001,electricity_generation,oil,,all_generation_reported_by_upstream_compilation,1285.24,TWh,1285.24,TWh,oil_electricity,historical_compilation; latest years may be estimated upstream,downloaded_2026-08-01,owid-energy-data.csv
DS-OWID-ENERGY,SRC-OWID-ENERGY,historical,,,,World,OWID_WRL,world,2001,electricity_generation,other_renewables,"geothermal, marine, and other renewables excluding bioenergy",all_generation_reported_by_upstream_compilation,44.15,TWh,44.15,TWh,other_renewable_exc_biofuel_electricity,historical_compilation; latest years may be estimated upstream,downloaded_2026-08-01,owid-energy-data.csv
DS-OWID-ENERGY,SRC-OWID-ENERGY,historical,,,,World,OWID_WRL,world,2001,electricity_generation,solar,,all_generation_reported_by_upstream_compilation,1.36,TWh,1.36,TWh,solar_electricity,historical_compilation; latest years may be estimated upstream,downloaded_2026-08-01,owid-energy-data.csv
DS-OWID-ENERGY,SRC-OWID-ENERGY,historical,,,,World,OWID_WRL,world,2001,electricity_generation,total,all sources,all_generation_reported_by_upstream_compilation,15500.83,TWh,15500.83,TWh,electricity_generation,historical_compilation; latest years may be estimated upstream,downloaded_2026-08-01,owid-energy-data.csv
DS-OWID-ENERGY,SRC-OWID-ENERGY,historical,,,,World,OWID_WRL,world,2001,electricity_generation,wind,,all_generation_reported_by_upstream_compilation,38.19,TWh,38.19,TWh,wind_electricity,historical_compilation; latest years may be estimated upstream,downloaded_2026-08-01,owid-energy-data.csv
DS-OWID-ENERGY,SRC-OWID-ENERGY,historical,,,,World,OWID_WRL,world,2002,electricity_generation,bioenergy,biofuels,all_generation_reported_by_upstream_compilation,162.81,TWh,162.81,TWh,biofuel_electricity,historical_compilation; latest years may be estimated upstream,downloaded_2026-08-01,owid-energy-data.csv
DS-OWID-ENERGY,SRC-OWID-ENERGY,historical,,,,World,OWID_WRL,world,2002,electricity_generation,coal,,all_generation_reported_by_upstream_compilation,6144.3,TWh,6144.3,TWh,coal_electricity,historical_compilation; latest years may be estimated upstream,downloaded_2026-08-01,owid-energy-data.csv
DS-OWID-ENERGY,SRC-OWID-ENERGY,historical,,,,World,OWID_WRL,world,2002,electricity_generation,hydropower,,all_generation_reported_by_upstream_compilation,2611.58,TWh,2611.58,TWh,hydro_electricity,historical_compilation; latest years may be estimated upstream,downloaded_2026-08-01,owid-energy-data.csv
DS-OWID-ENERGY,SRC-OWID-ENERGY,historical,,,,World,OWID_WRL,world,2002,electricity_generation,natural_gas,,all_generation_reported_by_upstream_compilation,3104.81,TWh,3104.81,TWh,gas_electricity,historical_compilation; latest years may be estimated upstream,downloaded_2026-08-01,owid-energy-data.csv
DS-OWID-ENERGY,SRC-OWID-ENERGY,historical,,,,World,OWID_WRL,world,2002,electricity_generation,nuclear,,all_generation_reported_by_upstream_compilation,2654.78,TWh,2654.78,TWh,nuclear_electricity,historical_compilation; latest years may be estimated upstream,downloaded_2026-08-01,owid-energy-data.csv
DS-OWID-ENERGY,SRC-OWID-ENERGY,historical,,,,World,OWID_WRL,world,2002,electricity_generation,oil,,all_generation_reported_by_upstream_compilation,1271.84,TWh,1271.84,TWh,oil_electricity,historical_compilation; latest years may be estimated upstream,downloaded_2026-08-01,owid-energy-data.csv
DS-OWID-ENERGY,SRC-OWID-ENERGY,historical,,,,World,OWID_WRL,world,2002,electricity_generation,other_renewables,"geothermal, marine, and other renewables excluding bioenergy",all_generation_reported_by_upstream_compilation,45.83,TWh,45.83,TWh,other_renewable_exc_biofuel_electricity,historical_compilation; latest years may be estimated upstream,downloaded_2026-08-01,owid-energy-data.csv
DS-OWID-ENERGY,SRC-OWID-ENERGY,historical,,,,World,OWID_WRL,world,2002,electricity_generation,solar,,all_generation_reported_by_upstream_compilation,1.72,TWh,1.72,TWh,solar_electricity,historical_compilation; latest years may be estimated upstream,downloaded_2026-08-01,owid-energy-data.csv
DS-OWID-ENERGY,SRC-OWID-ENERGY,historical,,,,World,OWID_WRL,world,2002,electricity_generation,total,all sources,all_generation_reported_by_upstream_compilation,16049.89,TWh,16049.89,TWh,electricity_generation,historical_compilation; latest years may be estimated upstream,downloaded_2026-08-01,owid-energy-data.csv
DS-OWID-ENERGY,SRC-OWID-ENERGY,historical,,,,World,OWID_WRL,world,2002,electricity_generation,wind,,all_generation_reported_by_upstream_compilation,52.22,TWh,52.22,TWh,wind_electricity,historical_compilation; latest years may be estimated upstream,downloaded_2026-08-01,owid-energy-data.csv
DS-OWID-ENERGY,SRC-OWID-ENERGY,historical,,,,World,OWID_WRL,world,2003,electricity_generation,bioenergy,biofuels,all_generation_reported_by_upstream_compilation,176.37,TWh,176.37,TWh,biofuel_electricity,historical_compilation; latest years may be estimated upstream,downloaded_2026-08-01,owid-energy-data.csv
DS-OWID-ENERGY,SRC-OWID-ENERGY,historical,,,,World,OWID_WRL,world,2003,electricity_generation,coal,,all_generation_reported_by_upstream_compilation,6574.95,TWh,6574.95,TWh,coal_electricity,historical_compilation; latest years may be estimated upstream,downloaded_2026-08-01,owid-energy-data.csv
DS-OWID-ENERGY,SRC-OWID-ENERGY,historical,,,,World,OWID_WRL,world,2003,electricity_generation,hydropower,,all_generation_reported_by_upstream_compilation,2611.97,TWh,2611.97,TWh,hydro_electricity,historical_compilation; latest years may be estimated upstream,downloaded_2026-08-01,owid-energy-data.csv
DS-OWID-ENERGY,SRC-OWID-ENERGY,historical,,,,World,OWID_WRL,world,2003,electricity_generation,natural_gas,,all_generation_reported_by_upstream_compilation,3255.5,TWh,3255.5,TWh,gas_electricity,historical_compilation; latest years may be estimated upstream,downloaded_2026-08-01,owid-energy-data.csv
DS-OWID-ENERGY,SRC-OWID-ENERGY,historical,,,,World,OWID_WRL,world,2003,electricity_generation,nuclear,,all_generation_reported_by_upstream_compilation,2601.05,TWh,2601.05,TWh,nuclear_electricity,historical_compilation; latest years may be estimated upstream,downloaded_2026-08-01,owid-energy-data.csv
DS-OWID-ENERGY,SRC-OWID-ENERGY,historical,,,,World,OWID_WRL,world,2003,electricity_generation,oil,,all_generation_reported_by_upstream_compilation,1296.25,TWh,1296.25,TWh,oil_electricity,historical_compilation; latest years may be estimated upstream,downloaded_2026-08-01,owid-energy-data.csv
DS-OWID-ENERGY,SRC-OWID-ENERGY,historical,,,,World,OWID_WRL,world,2003,electricity_generation,other_renewables,"geothermal, marine, and other renewables excluding bioenergy",all_generation_reported_by_upstream_compilation,46.61,TWh,46.61,TWh,other_renewable_exc_biofuel_electricity,historical_compilation; latest years may be estimated upstream,downloaded_2026-08-01,owid-energy-data.csv
DS-OWID-ENERGY,SRC-OWID-ENERGY,historical,,,,World,OWID_WRL,world,2003,electricity_generation,solar,,all_generation_reported_by_upstream_compilation,2.11,TWh,2.11,TWh,solar_electricity,historical_compilation; latest years may be estimated upstream,downloaded_2026-08-01,owid-energy-data.csv
DS-OWID-ENERGY,SRC-OWID-ENERGY,historical,,,,World,OWID_WRL,world,2003,electricity_generation,total,all sources,all_generation_reported_by_upstream_compilation,16628.01,TWh,16628.01,TWh,electricity_generation,historical_compilation; latest years may be estimated upstream,downloaded_2026-08-01,owid-energy-data.csv
DS-OWID-ENERGY,SRC-OWID-ENERGY,historical,,,,World,OWID_WRL,world,2003,electricity_generation,wind,,all_generation_reported_by_upstream_compilation,63.2,TWh,63.2,TWh,wind_electricity,historical_compilation; latest years may be estimated upstream,downloaded_2026-08-01,owid-energy-data.csv
DS-OWID-ENERGY,SRC-OWID-ENERGY,historical,,,,World,OWID_WRL,world,2004,electricity_generation,bioenergy,biofuels,all_generation_reported_by_upstream_compilation,192.41,TWh,192.41,TWh,biofuel_electricity,historical_compilation; latest years may be estimated upstream,downloaded_2026-08-01,owid-energy-data.csv
DS-OWID-ENERGY,SRC-OWID-ENERGY,historical,,,,World,OWID_WRL,world,2004,electricity_generation,coal,,all_generation_reported_by_upstream_compilation,6797.3,TWh,6797.3,TWh,coal_electricity,historical_compilation; latest years may be estimated upstream,downloaded_2026-08-01,owid-energy-data.csv
DS-OWID-ENERGY,SRC-OWID-ENERGY,historical,,,,World,OWID_WRL,world,2004,electricity_generation,hydropower,,all_generation_reported_by_upstream_compilation,2802.61,TWh,2802.61,TWh,hydro_electricity,historical_compilation; latest years may be estimated upstream,downloaded_2026-08-01,owid-energy-data.csv
DS-OWID-ENERGY,SRC-OWID-ENERGY,historical,,,,World,OWID_WRL,world,2004,electricity_generation,natural_gas,,all_generation_reported_by_upstream_compilation,3503.08,TWh,3503.08,TWh,gas_electricity,historical_compilation; latest years may be estimated upstream,downloaded_2026-08-01,owid-energy-data.csv
DS-OWID-ENERGY,SRC-OWID-ENERGY,historical,,,,World,OWID_WRL,world,2004,electricity_generation,nuclear,,all_generation_reported_by_upstream_compilation,2719.41,TWh,2719.41,TWh,nuclear_electricity,historical_compilation; latest years may be estimated upstream,downloaded_2026-08-01,owid-energy-data.csv
DS-OWID-ENERGY,SRC-OWID-ENERGY,historical,,,,World,OWID_WRL,world,2004,electricity_generation,oil,,all_generation_reported_by_upstream_compilation,1263.66,TWh,1263.66,TWh,oil_electricity,historical_compilation; latest years may be estimated upstream,downloaded_2026-08-01,owid-energy-data.csv
DS-OWID-ENERGY,SRC-OWID-ENERGY,historical,,,,World,OWID_WRL,world,2004,electricity_generation,other_renewables,"geothermal, marine, and other renewables excluding bioenergy",all_generation_reported_by_upstream_compilation,48.26,TWh,48.26,TWh,other_renewable_exc_biofuel_electricity,historical_compilation; latest years may be estimated upstream,downloaded_2026-08-01,owid-energy-data.csv
DS-OWID-ENERGY,SRC-OWID-ENERGY,historical,,,,World,OWID_WRL,world,2004,electricity_generation,solar,,all_generation_reported_by_upstream_compilation,2.78,TWh,2.78,TWh,solar_electricity,historical_compilation; latest years may be estimated upstream,downloaded_2026-08-01,owid-energy-data.csv
DS-OWID-ENERGY,SRC-OWID-ENERGY,historical,,,,World,OWID_WRL,world,2004,electricity_generation,total,all sources,all_generation_reported_by_upstream_compilation,17414.99,TWh,17414.99,TWh,electricity_generation,historical_compilation; latest years may be estimated upstream,downloaded_2026-08-01,owid-energy-data.csv
DS-OWID-ENERGY,SRC-OWID-ENERGY,historical,,,,World,OWID_WRL,world,2004,electricity_generation,wind,,all_generation_reported_by_upstream_compilation,85.48,TWh,85.48,TWh,wind_electricity,historical_compilation; latest years may be estimated upstream,downloaded_2026-08-01,owid-energy-data.csv
DS-OWID-ENERGY,SRC-OWID-ENERGY,historical,,,,World,OWID_WRL,world,2005,electricity_generation,bioenergy,biofuels,all_generation_reported_by_upstream_compilation,212.76,TWh,212.76,TWh,biofuel_electricity,historical_compilation; latest years may be estimated upstream,downloaded_2026-08-01,owid-energy-data.csv
DS-OWID-ENERGY,SRC-OWID-ENERGY,historical,,,,World,OWID_WRL,world,2005,electricity_generation,coal,,all_generation_reported_by_upstream_compilation,7167.21,TWh,7167.21,TWh,coal_electricity,historical_compilation; latest years may be estimated upstream,downloaded_2026-08-01,owid-energy-data.csv
DS-OWID-ENERGY,SRC-OWID-ENERGY,historical,,,,World,OWID_WRL,world,2005,electricity_generation,hydropower,,all_generation_reported_by_upstream_compilation,2911.77,TWh,2911.77,TWh,hydro_electricity,historical_compilation; latest years may be estimated upstream,downloaded_2026-08-01,owid-energy-data.csv
DS-OWID-ENERGY,SRC-OWID-ENERGY,historical,,,,World,OWID_WRL,world,2005,electricity_generation,natural_gas,,all_generation_reported_by_upstream_compilation,3680.54,TWh,3680.54,TWh,gas_electricity,historical_compilation; latest years may be estimated upstream,downloaded_2026-08-01,owid-energy-data.csv
DS-OWID-ENERGY,SRC-OWID-ENERGY,historical,,,,World,OWID_WRL,world,2005,electricity_generation,nuclear,,all_generation_reported_by_upstream_compilation,2726.97,TWh,2726.97,TWh,nuclear_electricity,historical_compilation; latest years may be estimated upstream,downloaded_2026-08-01,owid-energy-data.csv
DS-OWID-ENERGY,SRC-OWID-ENERGY,historical,,,,World,OWID_WRL,world,2005,electricity_generation,oil,,all_generation_reported_by_upstream_compilation,1277.89,TWh,1277.89,TWh,oil_electricity,historical_compilation; latest years may be estimated upstream,downloaded_2026-08-01,owid-energy-data.csv
DS-OWID-ENERGY,SRC-OWID-ENERGY,historical,,,,World,OWID_WRL,world,2005,electricity_generation,other_renewables,"geothermal, marine, and other renewables excluding bioenergy",all_generation_reported_by_upstream_compilation,48.59,TWh,48.59,TWh,other_renewable_exc_biofuel_electricity,historical_compilation; latest years may be estimated upstream,downloaded_2026-08-01,owid-energy-data.csv
DS-OWID-ENERGY,SRC-OWID-ENERGY,historical,,,,World,OWID_WRL,world,2005,electricity_generation,solar,,all_generation_reported_by_upstream_compilation,3.95,TWh,3.95,TWh,solar_electricity,historical_compilation; latest years may be estimated upstream,downloaded_2026-08-01,owid-energy-data.csv
DS-OWID-ENERGY,SRC-OWID-ENERGY,historical,,,,World,OWID_WRL,world,2005,electricity_generation,total,all sources,all_generation_reported_by_upstream_compilation,18134.08,TWh,18134.08,TWh,electricity_generation,historical_compilation; latest years may be estimated upstream,downloaded_2026-08-01,owid-energy-data.csv
DS-OWID-ENERGY,SRC-OWID-ENERGY,historical,,,,World,OWID_WRL,world,2005,electricity_generation,wind,,all_generation_reported_by_upstream_compilation,104.4,TWh,104.4,TWh,wind_electricity,historical_compilation; latest years may be estimated upstream,downloaded_2026-08-01,owid-energy-data.csv
DS-OWID-ENERGY,SRC-OWID-ENERGY,historical,,,,World,OWID_WRL,world,2006,electricity_generation,bioenergy,biofuels,all_generation_reported_by_upstream_compilation,226.61,TWh,226.61,TWh,biofuel_electricity,historical_compilation; latest years may be estimated upstream,downloaded_2026-08-01,owid-energy-data.csv
DS-OWID-ENERGY,SRC-OWID-ENERGY,historical,,,,World,OWID_WRL,world,2006,electricity_generation,coal,,all_generation_reported_by_upstream_compilation,7566.97,TWh,7566.97,TWh,coal_electricity,historical_compilation; latest years may be estimated upstream,downloaded_2026-08-01,owid-energy-data.csv
DS-OWID-ENERGY,SRC-OWID-ENERGY,historical,,,,World,OWID_WRL,world,2006,electricity_generation,hydropower,,all_generation_reported_by_upstream_compilation,3018.07,TWh,3018.07,TWh,hydro_electricity,historical_compilation; latest years may be estimated upstream,downloaded_2026-08-01,owid-energy-data.csv
DS-OWID-ENERGY,SRC-OWID-ENERGY,historical,,,,World,OWID_WRL,world,2006,electricity_generation,natural_gas,,all_generation_reported_by_upstream_compilation,3900.59,TWh,3900.59,TWh,gas_electricity,historical_compilation; latest years may be estimated upstream,downloaded_2026-08-01,owid-energy-data.csv
DS-OWID-ENERGY,SRC-OWID-ENERGY,historical,,,,World,OWID_WRL,world,2006,electricity_generation,nuclear,,all_generation_reported_by_upstream_compilation,2761.59,TWh,2761.59,TWh,nuclear_electricity,historical_compilation; latest years may be estimated upstream,downloaded_2026-08-01,owid-energy-data.csv
DS-OWID-ENERGY,SRC-OWID-ENERGY,historical,,,,World,OWID_WRL,world,2006,electricity_generation,oil,,all_generation_reported_by_upstream_compilation,1175.78,TWh,1175.78,TWh,oil_electricity,historical_compilation; latest years may be estimated upstream,downloaded_2026-08-01,owid-energy-data.csv
DS-OWID-ENERGY,SRC-OWID-ENERGY,historical,,,,World,OWID_WRL,world,2006,electricity_generation,other_renewables,"geothermal, marine, and other renewables excluding bioenergy",all_generation_reported_by_upstream_compilation,50.76,TWh,50.76,TWh,other_renewable_exc_biofuel_electricity,historical_compilation; latest years may be estimated upstream,downloaded_2026-08-01,owid-energy-data.csv
DS-OWID-ENERGY,SRC-OWID-ENERGY,historical,,,,World,OWID_WRL,world,2006,electricity_generation,solar,,all_generation_reported_by_upstream_compilation,5.42,TWh,5.42,TWh,solar_electricity,historical_compilation; latest years may be estimated upstream,downloaded_2026-08-01,owid-energy-data.csv
DS-OWID-ENERGY,SRC-OWID-ENERGY,historical,,,,World,OWID_WRL,world,2006,electricity_generation,total,all sources,all_generation_reported_by_upstream_compilation,18838.99,TWh,18838.99,TWh,electricity_generation,historical_compilation; latest years may be estimated upstream,downloaded_2026-08-01,owid-energy-data.csv
DS-OWID-ENERGY,SRC-OWID-ENERGY,historical,,,,World,OWID_WRL,world,2006,electricity_generation,wind,,all_generation_reported_by_upstream_compilation,133.2,TWh,133.2,TWh,wind_electricity,historical_compilation; latest years may be estimated upstream,downloaded_2026-08-01,owid-energy-data.csv
DS-OWID-ENERGY,SRC-OWID-ENERGY,historical,,,,World,OWID_WRL,world,2007,electricity_generation,bioenergy,biofuels,all_generation_reported_by_upstream_compilation,249.29,TWh,249.29,TWh,biofuel_electricity,historical_compilation; latest years may be estimated upstream,downloaded_2026-08-01,owid-energy-data.csv
DS-OWID-ENERGY,SRC-OWID-ENERGY,historical,,,,World,OWID_WRL,world,2007,electricity_generation,coal,,all_generation_reported_by_upstream_compilation,8051.83,TWh,8051.83,TWh,coal_electricity,historical_compilation; latest years may be estimated upstream,downloaded_2026-08-01,owid-energy-data.csv
DS-OWID-ENERGY,SRC-OWID-ENERGY,historical,,,,World,OWID_WRL,world,2007,electricity_generation,hydropower,,all_generation_reported_by_upstream_compilation,3062.78,TWh,3062.78,TWh,hydro_electricity,historical_compilation; latest years may be estimated upstream,downloaded_2026-08-01,owid-energy-data.csv
DS-OWID-ENERGY,SRC-OWID-ENERGY,historical,,,,World,OWID_WRL,world,2007,electricity_generation,natural_gas,,all_generation_reported_by_upstream_compilation,4219.27,TWh,4219.27,TWh,gas_electricity,historical_compilation; latest years may be estimated upstream,downloaded_2026-08-01,owid-energy-data.csv
DS-OWID-ENERGY,SRC-OWID-ENERGY,historical,,,,World,OWID_WRL,world,2007,electricity_generation,nuclear,,all_generation_reported_by_upstream_compilation,2703.49,TWh,2703.49,TWh,nuclear_electricity,historical_compilation; latest years may be estimated upstream,downloaded_2026-08-01,owid-energy-data.csv
DS-OWID-ENERGY,SRC-OWID-ENERGY,historical,,,,World,OWID_WRL,world,2007,electricity_generation,oil,,all_generation_reported_by_upstream_compilation,1196.05,TWh,1196.05,TWh,oil_electricity,historical_compilation; latest years may be estimated upstream,downloaded_2026-08-01,owid-energy-data.csv
DS-OWID-ENERGY,SRC-OWID-ENERGY,historical,,,,World,OWID_WRL,world,2007,electricity_generation,other_renewables,"geothermal, marine, and other renewables excluding bioenergy",all_generation_reported_by_upstream_compilation,52.81,TWh,52.81,TWh,other_renewable_exc_biofuel_electricity,historical_compilation; latest years may be estimated upstream,downloaded_2026-08-01,owid-energy-data.csv
DS-OWID-ENERGY,SRC-OWID-ENERGY,historical,,,,World,OWID_WRL,world,2007,electricity_generation,solar,,all_generation_reported_by_upstream_compilation,7.29,TWh,7.29,TWh,solar_electricity,historical_compilation; latest years may be estimated upstream,downloaded_2026-08-01,owid-energy-data.csv
DS-OWID-ENERGY,SRC-OWID-ENERGY,historical,,,,World,OWID_WRL,world,2007,electricity_generation,total,all sources,all_generation_reported_by_upstream_compilation,19713.961,TWh,19713.961,TWh,electricity_generation,historical_compilation; latest years may be estimated upstream,downloaded_2026-08-01,owid-energy-data.csv
DS-OWID-ENERGY,SRC-OWID-ENERGY,historical,,,,World,OWID_WRL,world,2007,electricity_generation,wind,,all_generation_reported_by_upstream_compilation,171.15,TWh,171.15,TWh,wind_electricity,historical_compilation; latest years may be estimated upstream,downloaded_2026-08-01,owid-energy-data.csv
DS-OWID-ENERGY,SRC-OWID-ENERGY,historical,,,,World,OWID_WRL,world,2008,electricity_generation,bioenergy,biofuels,all_generation_reported_by_upstream_compilation,266.38,TWh,266.38,TWh,biofuel_electricity,historical_compilation; latest years may be estimated upstream,downloaded_2026-08-01,owid-energy-data.csv
DS-OWID-ENERGY,SRC-OWID-ENERGY,historical,,,,World,OWID_WRL,world,2008,electricity_generation,coal,,all_generation_reported_by_upstream_compilation,8074.19,TWh,8074.19,TWh,coal_electricity,historical_compilation; latest years may be estimated upstream,downloaded_2026-08-01,owid-energy-data.csv
DS-OWID-ENERGY,SRC-OWID-ENERGY,historical,,,,World,OWID_WRL,world,2008,electricity_generation,hydropower,,all_generation_reported_by_upstream_compilation,3245.35,TWh,3245.35,TWh,hydro_electricity,historical_compilation; latest years may be estimated upstream,downloaded_2026-08-01,owid-energy-data.csv
DS-OWID-ENERGY,SRC-OWID-ENERGY,historical,,,,World,OWID_WRL,world,2008,electricity_generation,natural_gas,,all_generation_reported_by_upstream_compilation,4360.99,TWh,4360.99,TWh,gas_electricity,historical_compilation; latest years may be estimated upstream,downloaded_2026-08-01,owid-energy-data.csv
DS-OWID-ENERGY,SRC-OWID-ENERGY,historical,,,,World,OWID_WRL,world,2008,electricity_generation,nuclear,,all_generation_reported_by_upstream_compilation,2694.72,TWh,2694.72,TWh,nuclear_electricity,historical_compilation; latest years may be estimated upstream,downloaded_2026-08-01,owid-energy-data.csv
DS-OWID-ENERGY,SRC-OWID-ENERGY,historical,,,,World,OWID_WRL,world,2008,electricity_generation,oil,,all_generation_reported_by_upstream_compilation,1171.72,TWh,1171.72,TWh,oil_electricity,historical_compilation; latest years may be estimated upstream,downloaded_2026-08-01,owid-energy-data.csv
DS-OWID-ENERGY,SRC-OWID-ENERGY,historical,,,,World,OWID_WRL,world,2008,electricity_generation,other_renewables,"geothermal, marine, and other renewables excluding bioenergy",all_generation_reported_by_upstream_compilation,56.59,TWh,56.59,TWh,other_renewable_exc_biofuel_electricity,historical_compilation; latest years may be estimated upstream,downloaded_2026-08-01,owid-energy-data.csv
DS-OWID-ENERGY,SRC-OWID-ENERGY,historical,,,,World,OWID_WRL,world,2008,electricity_generation,solar,,all_generation_reported_by_upstream_compilation,11.85,TWh,11.85,TWh,solar_electricity,historical_compilation; latest years may be estimated upstream,downloaded_2026-08-01,owid-energy-data.csv
DS-OWID-ENERGY,SRC-OWID-ENERGY,historical,,,,World,OWID_WRL,world,2008,electricity_generation,total,all sources,all_generation_reported_by_upstream_compilation,20102.641,TWh,20102.641,TWh,electricity_generation,historical_compilation; latest years may be estimated upstream,downloaded_2026-08-01,owid-energy-data.csv
DS-OWID-ENERGY,SRC-OWID-ENERGY,historical,,,,World,OWID_WRL,world,2008,electricity_generation,wind,,all_generation_reported_by_upstream_compilation,220.85,TWh,220.85,TWh,wind_electricity,historical_compilation; latest years may be estimated upstream,downloaded_2026-08-01,owid-energy-data.csv
DS-OWID-ENERGY,SRC-OWID-ENERGY,historical,,,,World,OWID_WRL,world,2009,electricity_generation,bioenergy,biofuels,all_generation_reported_by_upstream_compilation,286.46,TWh,286.46,TWh,biofuel_electricity,historical_compilation; latest years may be estimated upstream,downloaded_2026-08-01,owid-energy-data.csv
DS-OWID-ENERGY,SRC-OWID-ENERGY,historical,,,,World,OWID_WRL,world,2009,electricity_generation,coal,,all_generation_reported_by_upstream_compilation,7950.77,TWh,7950.77,TWh,coal_electricity,historical_compilation; latest years may be estimated upstream,downloaded_2026-08-01,owid-energy-data.csv
DS-OWID-ENERGY,SRC-OWID-ENERGY,historical,,,,World,OWID_WRL,world,2009,electricity_generation,hydropower,,all_generation_reported_by_upstream_compilation,3241.27,TWh,3241.27,TWh,hydro_electricity,historical_compilation; latest years may be estimated upstream,downloaded_2026-08-01,owid-energy-data.csv
DS-OWID-ENERGY,SRC-OWID-ENERGY,historical,,,,World,OWID_WRL,world,2009,electricity_generation,natural_gas,,all_generation_reported_by_upstream_compilation,4382.35,TWh,4382.35,TWh,gas_electricity,historical_compilation; latest years may be estimated upstream,downloaded_2026-08-01,owid-energy-data.csv
DS-OWID-ENERGY,SRC-OWID-ENERGY,historical,,,,World,OWID_WRL,world,2009,electricity_generation,nuclear,,all_generation_reported_by_upstream_compilation,2656.76,TWh,2656.76,TWh,nuclear_electricity,historical_compilation; latest years may be estimated upstream,downloaded_2026-08-01,owid-energy-data.csv
DS-OWID-ENERGY,SRC-OWID-ENERGY,historical,,,,World,OWID_WRL,world,2009,electricity_generation,oil,,all_generation_reported_by_upstream_compilation,1071.16,TWh,1071.16,TWh,oil_electricity,historical_compilation; latest years may be estimated upstream,downloaded_2026-08-01,owid-energy-data.csv
DS-OWID-ENERGY,SRC-OWID-ENERGY,historical,,,,World,OWID_WRL,world,2009,electricity_generation,other_renewables,"geothermal, marine, and other renewables excluding bioenergy",all_generation_reported_by_upstream_compilation,58.66,TWh,58.66,TWh,other_renewable_exc_biofuel_electricity,historical_compilation; latest years may be estimated upstream,downloaded_2026-08-01,owid-energy-data.csv
DS-OWID-ENERGY,SRC-OWID-ENERGY,historical,,,,World,OWID_WRL,world,2009,electricity_generation,solar,,all_generation_reported_by_upstream_compilation,19.82,TWh,19.82,TWh,solar_electricity,historical_compilation; latest years may be estimated upstream,downloaded_2026-08-01,owid-energy-data.csv
DS-OWID-ENERGY,SRC-OWID-ENERGY,historical,,,,World,OWID_WRL,world,2009,electricity_generation,total,all sources,all_generation_reported_by_upstream_compilation,19943.51,TWh,19943.51,TWh,electricity_generation,historical_compilation; latest years may be estimated upstream,downloaded_2026-08-01,owid-energy-data.csv
DS-OWID-ENERGY,SRC-OWID-ENERGY,historical,,,,World,OWID_WRL,world,2009,electricity_generation,wind,,all_generation_reported_by_upstream_compilation,276.26,TWh,276.26,TWh,wind_electricity,historical_compilation; latest years may be estimated upstream,downloaded_2026-08-01,owid-energy-data.csv
DS-OWID-ENERGY,SRC-OWID-ENERGY,historical,,,,World,OWID_WRL,world,2010,electricity_generation,bioenergy,biofuels,all_generation_reported_by_upstream_compilation,327.19,TWh,327.19,TWh,biofuel_electricity,historical_compilation; latest years may be estimated upstream,downloaded_2026-08-01,owid-energy-data.csv
DS-OWID-ENERGY,SRC-OWID-ENERGY,historical,,,,World,OWID_WRL,world,2010,electricity_generation,coal,,all_generation_reported_by_upstream_compilation,8458.0,TWh,8458.0,TWh,coal_electricity,historical_compilation; latest years may be estimated upstream,downloaded_2026-08-01,owid-energy-data.csv
DS-OWID-ENERGY,SRC-OWID-ENERGY,historical,,,,World,OWID_WRL,world,2010,electricity_generation,hydropower,,all_generation_reported_by_upstream_compilation,3428.21,TWh,3428.21,TWh,hydro_electricity,historical_compilation; latest years may be estimated upstream,downloaded_2026-08-01,owid-energy-data.csv
DS-OWID-ENERGY,SRC-OWID-ENERGY,historical,,,,World,OWID_WRL,world,2010,electricity_generation,natural_gas,,all_generation_reported_by_upstream_compilation,4807.86,TWh,4807.86,TWh,gas_electricity,historical_compilation; latest years may be estimated upstream,downloaded_2026-08-01,owid-energy-data.csv
DS-OWID-ENERGY,SRC-OWID-ENERGY,historical,,,,World,OWID_WRL,world,2010,electricity_generation,nuclear,,all_generation_reported_by_upstream_compilation,2725.91,TWh,2725.91,TWh,nuclear_electricity,historical_compilation; latest years may be estimated upstream,downloaded_2026-08-01,owid-energy-data.csv
DS-OWID-ENERGY,SRC-OWID-ENERGY,historical,,,,World,OWID_WRL,world,2010,electricity_generation,oil,,all_generation_reported_by_upstream_compilation,1078.66,TWh,1078.66,TWh,oil_electricity,historical_compilation; latest years may be estimated upstream,downloaded_2026-08-01,owid-energy-data.csv
DS-OWID-ENERGY,SRC-OWID-ENERGY,historical,,,,World,OWID_WRL,world,2010,electricity_generation,other_renewables,"geothermal, marine, and other renewables excluding bioenergy",all_generation_reported_by_upstream_compilation,59.72,TWh,59.72,TWh,other_renewable_exc_biofuel_electricity,historical_compilation; latest years may be estimated upstream,downloaded_2026-08-01,owid-energy-data.csv
DS-OWID-ENERGY,SRC-OWID-ENERGY,historical,,,,World,OWID_WRL,world,2010,electricity_generation,solar,,all_generation_reported_by_upstream_compilation,32.21,TWh,32.21,TWh,solar_electricity,historical_compilation; latest years may be estimated upstream,downloaded_2026-08-01,owid-energy-data.csv
DS-OWID-ENERGY,SRC-OWID-ENERGY,historical,,,,World,OWID_WRL,world,2010,electricity_generation,total,all sources,all_generation_reported_by_upstream_compilation,21263.75,TWh,21263.75,TWh,electricity_generation,historical_compilation; latest years may be estimated upstream,downloaded_2026-08-01,owid-energy-data.csv
DS-OWID-ENERGY,SRC-OWID-ENERGY,historical,,,,World,OWID_WRL,world,2010,electricity_generation,wind,,all_generation_reported_by_upstream_compilation,345.99,TWh,345.99,TWh,wind_electricity,historical_compilation; latest years may be estimated upstream,downloaded_2026-08-01,owid-energy-data.csv
DS-OWID-ENERGY,SRC-OWID-ENERGY,historical,,,,World,OWID_WRL,world,2011,electricity_generation,bioenergy,biofuels,all_generation_reported_by_upstream_compilation,345.27,TWh,345.27,TWh,biofuel_electricity,historical_compilation; latest years may be estimated upstream,downloaded_2026-08-01,owid-energy-data.csv
DS-OWID-ENERGY,SRC-OWID-ENERGY,historical,,,,World,OWID_WRL,world,2011,electricity_generation,coal,,all_generation_reported_by_upstream_compilation,8911.04,TWh,8911.04,TWh,coal_electricity,historical_compilation; latest years may be estimated upstream,downloaded_2026-08-01,owid-energy-data.csv
DS-OWID-ENERGY,SRC-OWID-ENERGY,historical,,,,World,OWID_WRL,world,2011,electricity_generation,hydropower,,all_generation_reported_by_upstream_compilation,3488.07,TWh,3488.07,TWh,hydro_electricity,historical_compilation; latest years may be estimated upstream,downloaded_2026-08-01,owid-energy-data.csv
DS-OWID-ENERGY,SRC-OWID-ENERGY,historical,,,,World,OWID_WRL,world,2011,electricity_generation,natural_gas,,all_generation_reported_by_upstream_compilation,4865.93,TWh,4865.93,TWh,gas_electricity,historical_compilation; latest years may be estimated upstream,downloaded_2026-08-01,owid-energy-data.csv
DS-OWID-ENERGY,SRC-OWID-ENERGY,historical,,,,World,OWID_WRL,world,2011,electricity_generation,nuclear,,all_generation_reported_by_upstream_compilation,2610.34,TWh,2610.34,TWh,nuclear_electricity,historical_compilation; latest years may be estimated upstream,downloaded_2026-08-01,owid-energy-data.csv
DS-OWID-ENERGY,SRC-OWID-ENERGY,historical,,,,World,OWID_WRL,world,2011,electricity_generation,oil,,all_generation_reported_by_upstream_compilation,1186.76,TWh,1186.76,TWh,oil_electricity,historical_compilation; latest years may be estimated upstream,downloaded_2026-08-01,owid-energy-data.csv
DS-OWID-ENERGY,SRC-OWID-ENERGY,historical,,,,World,OWID_WRL,world,2011,electricity_generation,other_renewables,"geothermal, marine, and other renewables excluding bioenergy",all_generation_reported_by_upstream_compilation,61.08,TWh,61.08,TWh,other_renewable_exc_biofuel_electricity,historical_compilation; latest years may be estimated upstream,downloaded_2026-08-01,owid-energy-data.csv
DS-OWID-ENERGY,SRC-OWID-ENERGY,historical,,,,World,OWID_WRL,world,2011,electricity_generation,solar,,all_generation_reported_by_upstream_compilation,63.56,TWh,63.56,TWh,solar_electricity,historical_compilation; latest years may be estimated upstream,downloaded_2026-08-01,owid-energy-data.csv
DS-OWID-ENERGY,SRC-OWID-ENERGY,historical,,,,World,OWID_WRL,world,2011,electricity_generation,total,all sources,all_generation_reported_by_upstream_compilation,21972.029,TWh,21972.029,TWh,electricity_generation,historical_compilation; latest years may be estimated upstream,downloaded_2026-08-01,owid-energy-data.csv
DS-OWID-ENERGY,SRC-OWID-ENERGY,historical,,,,World,OWID_WRL,world,2011,electricity_generation,wind,,all_generation_reported_by_upstream_compilation,439.98,TWh,439.98,TWh,wind_electricity,historical_compilation; latest years may be estimated upstream,downloaded_2026-08-01,owid-energy-data.csv
DS-OWID-ENERGY,SRC-OWID-ENERGY,historical,,,,World,OWID_WRL,world,2012,electricity_generation,bioenergy,biofuels,all_generation_reported_by_upstream_compilation,374.02,TWh,374.02,TWh,biofuel_electricity,historical_compilation; latest years may be estimated upstream,downloaded_2026-08-01,owid-energy-data.csv
DS-OWID-ENERGY,SRC-OWID-ENERGY,historical,,,,World,OWID_WRL,world,2012,electricity_generation,coal,,all_generation_reported_by_upstream_compilation,8960.28,TWh,8960.28,TWh,coal_electricity,historical_compilation; latest years may be estimated upstream,downloaded_2026-08-01,owid-energy-data.csv
DS-OWID-ENERGY,SRC-OWID-ENERGY,historical,,,,World,OWID_WRL,world,2012,electricity_generation,hydropower,,all_generation_reported_by_upstream_compilation,3660.17,TWh,3660.17,TWh,hydro_electricity,historical_compilation; latest years may be estimated upstream,downloaded_2026-08-01,owid-energy-data.csv
DS-OWID-ENERGY,SRC-OWID-ENERGY,historical,,,,World,OWID_WRL,world,2012,electricity_generation,natural_gas,,all_generation_reported_by_upstream_compilation,5161.35,TWh,5161.35,TWh,gas_electricity,historical_compilation; latest years may be estimated upstream,downloaded_2026-08-01,owid-energy-data.csv
DS-OWID-ENERGY,SRC-OWID-ENERGY,historical,,,,World,OWID_WRL,world,2012,electricity_generation,nuclear,,all_generation_reported_by_upstream_compilation,2432.22,TWh,2432.22,TWh,nuclear_electricity,historical_compilation; latest years may be estimated upstream,downloaded_2026-08-01,owid-energy-data.csv
DS-OWID-ENERGY,SRC-OWID-ENERGY,historical,,,,World,OWID_WRL,world,2012,electricity_generation,oil,,all_generation_reported_by_upstream_compilation,1238.6,TWh,1238.6,TWh,oil_electricity,historical_compilation; latest years may be estimated upstream,downloaded_2026-08-01,owid-energy-data.csv
DS-OWID-ENERGY,SRC-OWID-ENERGY,historical,,,,World,OWID_WRL,world,2012,electricity_generation,other_renewables,"geothermal, marine, and other renewables excluding bioenergy",all_generation_reported_by_upstream_compilation,62.84,TWh,62.84,TWh,other_renewable_exc_biofuel_electricity,historical_compilation; latest years may be estimated upstream,downloaded_2026-08-01,owid-energy-data.csv
DS-OWID-ENERGY,SRC-OWID-ENERGY,historical,,,,World,OWID_WRL,world,2012,electricity_generation,solar,,all_generation_reported_by_upstream_compilation,96.92,TWh,96.92,TWh,solar_electricity,historical_compilation; latest years may be estimated upstream,downloaded_2026-08-01,owid-energy-data.csv
DS-OWID-ENERGY,SRC-OWID-ENERGY,historical,,,,World,OWID_WRL,world,2012,electricity_generation,total,all sources,all_generation_reported_by_upstream_compilation,22515.66,TWh,22515.66,TWh,electricity_generation,historical_compilation; latest years may be estimated upstream,downloaded_2026-08-01,owid-energy-data.csv
DS-OWID-ENERGY,SRC-OWID-ENERGY,historical,,,,World,OWID_WRL,world,2012,electricity_generation,wind,,all_generation_reported_by_upstream_compilation,529.26,TWh,529.26,TWh,wind_electricity,historical_compilation; latest years may be estimated upstream,downloaded_2026-08-01,owid-energy-data.csv
DS-OWID-ENERGY,SRC-OWID-ENERGY,historical,,,,World,OWID_WRL,world,2013,electricity_generation,bioenergy,biofuels,all_generation_reported_by_upstream_compilation,406.47,TWh,406.47,TWh,biofuel_electricity,historical_compilation; latest years may be estimated upstream,downloaded_2026-08-01,owid-energy-data.csv
DS-OWID-ENERGY,SRC-OWID-ENERGY,historical,,,,World,OWID_WRL,world,2013,electricity_generation,coal,,all_generation_reported_by_upstream_compilation,9423.85,TWh,9423.85,TWh,coal_electricity,historical_compilation; latest years may be estimated upstream,downloaded_2026-08-01,owid-energy-data.csv
DS-OWID-ENERGY,SRC-OWID-ENERGY,historical,,,,World,OWID_WRL,world,2013,electricity_generation,hydropower,,all_generation_reported_by_upstream_compilation,3790.79,TWh,3790.79,TWh,hydro_electricity,historical_compilation; latest years may be estimated upstream,downloaded_2026-08-01,owid-energy-data.csv
DS-OWID-ENERGY,SRC-OWID-ENERGY,historical,,,,World,OWID_WRL,world,2013,electricity_generation,natural_gas,,all_generation_reported_by_upstream_compilation,5058.36,TWh,5058.36,TWh,gas_electricity,historical_compilation; latest years may be estimated upstream,downloaded_2026-08-01,owid-energy-data.csv
DS-OWID-ENERGY,SRC-OWID-ENERGY,historical,,,,World,OWID_WRL,world,2013,electricity_generation,nuclear,,all_generation_reported_by_upstream_compilation,2448.52,TWh,2448.52,TWh,nuclear_electricity,historical_compilation; latest years may be estimated upstream,downloaded_2026-08-01,owid-energy-data.csv
DS-OWID-ENERGY,SRC-OWID-ENERGY,historical,,,,World,OWID_WRL,world,2013,electricity_generation,oil,,all_generation_reported_by_upstream_compilation,1196.83,TWh,1196.83,TWh,oil_electricity,historical_compilation; latest years may be estimated upstream,downloaded_2026-08-01,owid-energy-data.csv
DS-OWID-ENERGY,SRC-OWID-ENERGY,historical,,,,World,OWID_WRL,world,2013,electricity_generation,other_renewables,"geothermal, marine, and other renewables excluding bioenergy",all_generation_reported_by_upstream_compilation,64.32,TWh,64.32,TWh,other_renewable_exc_biofuel_electricity,historical_compilation; latest years may be estimated upstream,downloaded_2026-08-01,owid-energy-data.csv
DS-OWID-ENERGY,SRC-OWID-ENERGY,historical,,,,World,OWID_WRL,world,2013,electricity_generation,solar,,all_generation_reported_by_upstream_compilation,131.75,TWh,131.75,TWh,solar_electricity,historical_compilation; latest years may be estimated upstream,downloaded_2026-08-01,owid-energy-data.csv
DS-OWID-ENERGY,SRC-OWID-ENERGY,historical,,,,World,OWID_WRL,world,2013,electricity_generation,total,all sources,all_generation_reported_by_upstream_compilation,23155.029,TWh,23155.029,TWh,electricity_generation,historical_compilation; latest years may be estimated upstream,downloaded_2026-08-01,owid-energy-data.csv
DS-OWID-ENERGY,SRC-OWID-ENERGY,historical,,,,World,OWID_WRL,world,2013,electricity_generation,wind,,all_generation_reported_by_upstream_compilation,634.14,TWh,634.14,TWh,wind_electricity,historical_compilation; latest years may be estimated upstream,downloaded_2026-08-01,owid-energy-data.csv
DS-OWID-ENERGY,SRC-OWID-ENERGY,historical,,,,World,OWID_WRL,world,2014,electricity_generation,bioenergy,biofuels,all_generation_reported_by_upstream_compilation,442.68,TWh,442.68,TWh,biofuel_electricity,historical_compilation; latest years may be estimated upstream,downloaded_2026-08-01,owid-energy-data.csv
DS-OWID-ENERGY,SRC-OWID-ENERGY,historical,,,,World,OWID_WRL,world,2014,electricity_generation,coal,,all_generation_reported_by_upstream_compilation,9603.84,TWh,9603.84,TWh,coal_electricity,historical_compilation; latest years may be estimated upstream,downloaded_2026-08-01,owid-energy-data.csv
DS-OWID-ENERGY,SRC-OWID-ENERGY,historical,,,,World,OWID_WRL,world,2014,electricity_generation,hydropower,,all_generation_reported_by_upstream_compilation,3870.67,TWh,3870.67,TWh,hydro_electricity,historical_compilation; latest years may be estimated upstream,downloaded_2026-08-01,owid-energy-data.csv
DS-OWID-ENERGY,SRC-OWID-ENERGY,historical,,,,World,OWID_WRL,world,2014,electricity_generation,natural_gas,,all_generation_reported_by_upstream_compilation,5214.12,TWh,5214.12,TWh,gas_electricity,historical_compilation; latest years may be estimated upstream,downloaded_2026-08-01,owid-energy-data.csv
DS-OWID-ENERGY,SRC-OWID-ENERGY,historical,,,,World,OWID_WRL,world,2014,electricity_generation,nuclear,,all_generation_reported_by_upstream_compilation,2498.73,TWh,2498.73,TWh,nuclear_electricity,historical_compilation; latest years may be estimated upstream,downloaded_2026-08-01,owid-energy-data.csv
DS-OWID-ENERGY,SRC-OWID-ENERGY,historical,,,,World,OWID_WRL,world,2014,electricity_generation,oil,,all_generation_reported_by_upstream_compilation,1143.66,TWh,1143.66,TWh,oil_electricity,historical_compilation; latest years may be estimated upstream,downloaded_2026-08-01,owid-energy-data.csv
DS-OWID-ENERGY,SRC-OWID-ENERGY,historical,,,,World,OWID_WRL,world,2014,electricity_generation,other_renewables,"geothermal, marine, and other renewables excluding bioenergy",all_generation_reported_by_upstream_compilation,69.53,TWh,69.53,TWh,other_renewable_exc_biofuel_electricity,historical_compilation; latest years may be estimated upstream,downloaded_2026-08-01,owid-energy-data.csv
DS-OWID-ENERGY,SRC-OWID-ENERGY,historical,,,,World,OWID_WRL,world,2014,electricity_generation,solar,,all_generation_reported_by_upstream_compilation,197.74,TWh,197.74,TWh,solar_electricity,historical_compilation; latest years may be estimated upstream,downloaded_2026-08-01,owid-energy-data.csv
DS-OWID-ENERGY,SRC-OWID-ENERGY,historical,,,,World,OWID_WRL,world,2014,electricity_generation,total,all sources,all_generation_reported_by_upstream_compilation,23747.07,TWh,23747.07,TWh,electricity_generation,historical_compilation; latest years may be estimated upstream,downloaded_2026-08-01,owid-energy-data.csv
DS-OWID-ENERGY,SRC-OWID-ENERGY,historical,,,,World,OWID_WRL,world,2014,electricity_generation,wind,,all_generation_reported_by_upstream_compilation,706.1,TWh,706.1,TWh,wind_electricity,historical_compilation; latest years may be estimated upstream,downloaded_2026-08-01,owid-energy-data.csv
DS-OWID-ENERGY,SRC-OWID-ENERGY,historical,,,,World,OWID_WRL,world,2015,electricity_generation,bioenergy,biofuels,all_generation_reported_by_upstream_compilation,471.79,TWh,471.79,TWh,biofuel_electricity,historical_compilation; latest years may be estimated upstream,downloaded_2026-08-01,owid-energy-data.csv
DS-OWID-ENERGY,SRC-OWID-ENERGY,historical,,,,World,OWID_WRL,world,2015,electricity_generation,coal,,all_generation_reported_by_upstream_compilation,9283.61,TWh,9283.61,TWh,coal_electricity,historical_compilation; latest years may be estimated upstream,downloaded_2026-08-01,owid-energy-data.csv
DS-OWID-ENERGY,SRC-OWID-ENERGY,historical,,,,World,OWID_WRL,world,2015,electricity_generation,hydropower,,all_generation_reported_by_upstream_compilation,3882.13,TWh,3882.13,TWh,hydro_electricity,historical_compilation; latest years may be estimated upstream,downloaded_2026-08-01,owid-energy-data.csv
DS-OWID-ENERGY,SRC-OWID-ENERGY,historical,,,,World,OWID_WRL,world,2015,electricity_generation,natural_gas,,all_generation_reported_by_upstream_compilation,5539.88,TWh,5539.88,TWh,gas_electricity,historical_compilation; latest years may be estimated upstream,downloaded_2026-08-01,owid-energy-data.csv
DS-OWID-ENERGY,SRC-OWID-ENERGY,historical,,,,World,OWID_WRL,world,2015,electricity_generation,nuclear,,all_generation_reported_by_upstream_compilation,2532.93,TWh,2532.93,TWh,nuclear_electricity,historical_compilation; latest years may be estimated upstream,downloaded_2026-08-01,owid-energy-data.csv
DS-OWID-ENERGY,SRC-OWID-ENERGY,historical,,,,World,OWID_WRL,world,2015,electricity_generation,oil,,all_generation_reported_by_upstream_compilation,1133.29,TWh,1133.29,TWh,oil_electricity,historical_compilation; latest years may be estimated upstream,downloaded_2026-08-01,owid-energy-data.csv
DS-OWID-ENERGY,SRC-OWID-ENERGY,historical,,,,World,OWID_WRL,world,2015,electricity_generation,other_renewables,"geothermal, marine, and other renewables excluding bioenergy",all_generation_reported_by_upstream_compilation,73.08,TWh,73.08,TWh,other_renewable_exc_biofuel_electricity,historical_compilation; latest years may be estimated upstream,downloaded_2026-08-01,owid-energy-data.csv
DS-OWID-ENERGY,SRC-OWID-ENERGY,historical,,,,World,OWID_WRL,world,2015,electricity_generation,solar,,all_generation_reported_by_upstream_compilation,256.01,TWh,256.01,TWh,solar_electricity,historical_compilation; latest years may be estimated upstream,downloaded_2026-08-01,owid-energy-data.csv
DS-OWID-ENERGY,SRC-OWID-ENERGY,historical,,,,World,OWID_WRL,world,2015,electricity_generation,total,all sources,all_generation_reported_by_upstream_compilation,24002.35,TWh,24002.35,TWh,electricity_generation,historical_compilation; latest years may be estimated upstream,downloaded_2026-08-01,owid-energy-data.csv
DS-OWID-ENERGY,SRC-OWID-ENERGY,historical,,,,World,OWID_WRL,world,2015,electricity_generation,wind,,all_generation_reported_by_upstream_compilation,829.63,TWh,829.63,TWh,wind_electricity,historical_compilation; latest years may be estimated upstream,downloaded_2026-08-01,owid-energy-data.csv
DS-OWID-ENERGY,SRC-OWID-ENERGY,historical,,,,World,OWID_WRL,world,2016,electricity_generation,bioenergy,biofuels,all_generation_reported_by_upstream_compilation,482.08,TWh,482.08,TWh,biofuel_electricity,historical_compilation; latest years may be estimated upstream,downloaded_2026-08-01,owid-energy-data.csv
DS-OWID-ENERGY,SRC-OWID-ENERGY,historical,,,,World,OWID_WRL,world,2016,electricity_generation,coal,,all_generation_reported_by_upstream_compilation,9327.96,TWh,9327.96,TWh,coal_electricity,historical_compilation; latest years may be estimated upstream,downloaded_2026-08-01,owid-energy-data.csv
DS-OWID-ENERGY,SRC-OWID-ENERGY,historical,,,,World,OWID_WRL,world,2016,electricity_generation,hydropower,,all_generation_reported_by_upstream_compilation,4014.75,TWh,4014.75,TWh,hydro_electricity,historical_compilation; latest years may be estimated upstream,downloaded_2026-08-01,owid-energy-data.csv
DS-OWID-ENERGY,SRC-OWID-ENERGY,historical,,,,World,OWID_WRL,world,2016,electricity_generation,natural_gas,,all_generation_reported_by_upstream_compilation,5849.92,TWh,5849.92,TWh,gas_electricity,historical_compilation; latest years may be estimated upstream,downloaded_2026-08-01,owid-energy-data.csv
DS-OWID-ENERGY,SRC-OWID-ENERGY,historical,,,,World,OWID_WRL,world,2016,electricity_generation,nuclear,,all_generation_reported_by_upstream_compilation,2571.05,TWh,2571.05,TWh,nuclear_electricity,historical_compilation; latest years may be estimated upstream,downloaded_2026-08-01,owid-energy-data.csv
DS-OWID-ENERGY,SRC-OWID-ENERGY,historical,,,,World,OWID_WRL,world,2016,electricity_generation,oil,,all_generation_reported_by_upstream_compilation,1085.11,TWh,1085.11,TWh,oil_electricity,historical_compilation; latest years may be estimated upstream,downloaded_2026-08-01,owid-energy-data.csv
DS-OWID-ENERGY,SRC-OWID-ENERGY,historical,,,,World,OWID_WRL,world,2016,electricity_generation,other_renewables,"geothermal, marine, and other renewables excluding bioenergy",all_generation_reported_by_upstream_compilation,75.87,TWh,75.87,TWh,other_renewable_exc_biofuel_electricity,historical_compilation; latest years may be estimated upstream,downloaded_2026-08-01,owid-energy-data.csv
DS-OWID-ENERGY,SRC-OWID-ENERGY,historical,,,,World,OWID_WRL,world,2016,electricity_generation,solar,,all_generation_reported_by_upstream_compilation,327.47,TWh,327.47,TWh,solar_electricity,historical_compilation; latest years may be estimated upstream,downloaded_2026-08-01,owid-energy-data.csv
DS-OWID-ENERGY,SRC-OWID-ENERGY,historical,,,,World,OWID_WRL,world,2016,electricity_generation,total,all sources,all_generation_reported_by_upstream_compilation,24694.51,TWh,24694.51,TWh,electricity_generation,historical_compilation; latest years may be estimated upstream,downloaded_2026-08-01,owid-energy-data.csv
DS-OWID-ENERGY,SRC-OWID-ENERGY,historical,,,,World,OWID_WRL,world,2016,electricity_generation,wind,,all_generation_reported_by_upstream_compilation,960.3,TWh,960.3,TWh,wind_electricity,historical_compilation; latest years may be estimated upstream,downloaded_2026-08-01,owid-energy-data.csv
DS-OWID-ENERGY,SRC-OWID-ENERGY,historical,,,,World,OWID_WRL,world,2017,electricity_generation,bioenergy,biofuels,all_generation_reported_by_upstream_compilation,507.39,TWh,507.39,TWh,biofuel_electricity,historical_compilation; latest years may be estimated upstream,downloaded_2026-08-01,owid-energy-data.csv
DS-OWID-ENERGY,SRC-OWID-ENERGY,historical,,,,World,OWID_WRL,world,2017,electricity_generation,coal,,all_generation_reported_by_upstream_compilation,9655.05,TWh,9655.05,TWh,coal_electricity,historical_compilation; latest years may be estimated upstream,downloaded_2026-08-01,owid-energy-data.csv
DS-OWID-ENERGY,SRC-OWID-ENERGY,historical,,,,World,OWID_WRL,world,2017,electricity_generation,hydropower,,all_generation_reported_by_upstream_compilation,4054.03,TWh,4054.03,TWh,hydro_electricity,historical_compilation; latest years may be estimated upstream,downloaded_2026-08-01,owid-energy-data.csv
DS-OWID-ENERGY,SRC-OWID-ENERGY,historical,,,,World,OWID_WRL,world,2017,electricity_generation,natural_gas,,all_generation_reported_by_upstream_compilation,5973.6,TWh,5973.6,TWh,gas_electricity,historical_compilation; latest years may be estimated upstream,downloaded_2026-08-01,owid-energy-data.csv
DS-OWID-ENERGY,SRC-OWID-ENERGY,historical,,,,World,OWID_WRL,world,2017,electricity_generation,nuclear,,all_generation_reported_by_upstream_compilation,2594.23,TWh,2594.23,TWh,nuclear_electricity,historical_compilation; latest years may be estimated upstream,downloaded_2026-08-01,owid-energy-data.csv
DS-OWID-ENERGY,SRC-OWID-ENERGY,historical,,,,World,OWID_WRL,world,2017,electricity_generation,oil,,all_generation_reported_by_upstream_compilation,993.83,TWh,993.83,TWh,oil_electricity,historical_compilation; latest years may be estimated upstream,downloaded_2026-08-01,owid-energy-data.csv
DS-OWID-ENERGY,SRC-OWID-ENERGY,historical,,,,World,OWID_WRL,world,2017,electricity_generation,other_renewables,"geothermal, marine, and other renewables excluding bioenergy",all_generation_reported_by_upstream_compilation,78.82,TWh,78.82,TWh,other_renewable_exc_biofuel_electricity,historical_compilation; latest years may be estimated upstream,downloaded_2026-08-01,owid-energy-data.csv
DS-OWID-ENERGY,SRC-OWID-ENERGY,historical,,,,World,OWID_WRL,world,2017,electricity_generation,solar,,all_generation_reported_by_upstream_compilation,444.65,TWh,444.65,TWh,solar_electricity,historical_compilation; latest years may be estimated upstream,downloaded_2026-08-01,owid-energy-data.csv
DS-OWID-ENERGY,SRC-OWID-ENERGY,historical,,,,World,OWID_WRL,world,2017,electricity_generation,total,all sources,all_generation_reported_by_upstream_compilation,25441.039,TWh,25441.039,TWh,electricity_generation,historical_compilation; latest years may be estimated upstream,downloaded_2026-08-01,owid-energy-data.csv
DS-OWID-ENERGY,SRC-OWID-ENERGY,historical,,,,World,OWID_WRL,world,2017,electricity_generation,wind,,all_generation_reported_by_upstream_compilation,1139.44,TWh,1139.44,TWh,wind_electricity,historical_compilation; latest years may be estimated upstream,downloaded_2026-08-01,owid-energy-data.csv
DS-OWID-ENERGY,SRC-OWID-ENERGY,historical,,,,World,OWID_WRL,world,2018,electricity_generation,bioenergy,biofuels,all_generation_reported_by_upstream_compilation,537.74,TWh,537.74,TWh,biofuel_electricity,historical_compilation; latest years may be estimated upstream,downloaded_2026-08-01,owid-energy-data.csv
DS-OWID-ENERGY,SRC-OWID-ENERGY,historical,,,,World,OWID_WRL,world,2018,electricity_generation,coal,,all_generation_reported_by_upstream_compilation,10033.03,TWh,10033.03,TWh,coal_electricity,historical_compilation; latest years may be estimated upstream,downloaded_2026-08-01,owid-energy-data.csv
DS-OWID-ENERGY,SRC-OWID-ENERGY,historical,,,,World,OWID_WRL,world,2018,electricity_generation,hydropower,,all_generation_reported_by_upstream_compilation,4176.84,TWh,4176.84,TWh,hydro_electricity,historical_compilation; latest years may be estimated upstream,downloaded_2026-08-01,owid-energy-data.csv
DS-OWID-ENERGY,SRC-OWID-ENERGY,historical,,,,World,OWID_WRL,world,2018,electricity_generation,natural_gas,,all_generation_reported_by_upstream_compilation,6224.56,TWh,6224.56,TWh,gas_electricity,historical_compilation; latest years may be estimated upstream,downloaded_2026-08-01,owid-energy-data.csv
DS-OWID-ENERGY,SRC-OWID-ENERGY,historical,,,,World,OWID_WRL,world,2018,electricity_generation,nuclear,,all_generation_reported_by_upstream_compilation,2658.7,TWh,2658.7,TWh,nuclear_electricity,historical_compilation; latest years may be estimated upstream,downloaded_2026-08-01,owid-energy-data.csv
DS-OWID-ENERGY,SRC-OWID-ENERGY,historical,,,,World,OWID_WRL,world,2018,electricity_generation,oil,,all_generation_reported_by_upstream_compilation,908.6,TWh,908.6,TWh,oil_electricity,historical_compilation; latest years may be estimated upstream,downloaded_2026-08-01,owid-energy-data.csv
DS-OWID-ENERGY,SRC-OWID-ENERGY,historical,,,,World,OWID_WRL,world,2018,electricity_generation,other_renewables,"geothermal, marine, and other renewables excluding bioenergy",all_generation_reported_by_upstream_compilation,81.72,TWh,81.72,TWh,other_renewable_exc_biofuel_electricity,historical_compilation; latest years may be estimated upstream,downloaded_2026-08-01,owid-energy-data.csv
DS-OWID-ENERGY,SRC-OWID-ENERGY,historical,,,,World,OWID_WRL,world,2018,electricity_generation,solar,,all_generation_reported_by_upstream_compilation,575.16,TWh,575.16,TWh,solar_electricity,historical_compilation; latest years may be estimated upstream,downloaded_2026-08-01,owid-energy-data.csv
DS-OWID-ENERGY,SRC-OWID-ENERGY,historical,,,,World,OWID_WRL,world,2018,electricity_generation,total,all sources,all_generation_reported_by_upstream_compilation,26464.49,TWh,26464.49,TWh,electricity_generation,historical_compilation; latest years may be estimated upstream,downloaded_2026-08-01,owid-energy-data.csv
DS-OWID-ENERGY,SRC-OWID-ENERGY,historical,,,,World,OWID_WRL,world,2018,electricity_generation,wind,,all_generation_reported_by_upstream_compilation,1268.14,TWh,1268.14,TWh,wind_electricity,historical_compilation; latest years may be estimated upstream,downloaded_2026-08-01,owid-energy-data.csv
DS-OWID-ENERGY,SRC-OWID-ENERGY,historical,,,,World,OWID_WRL,world,2019,electricity_generation,bioenergy,biofuels,all_generation_reported_by_upstream_compilation,566.0,TWh,566.0,TWh,biofuel_electricity,historical_compilation; latest years may be estimated upstream,downloaded_2026-08-01,owid-energy-data.csv
DS-OWID-ENERGY,SRC-OWID-ENERGY,historical,,,,World,OWID_WRL,world,2019,electricity_generation,coal,,all_generation_reported_by_upstream_compilation,9826.39,TWh,9826.39,TWh,coal_electricity,historical_compilation; latest years may be estimated upstream,downloaded_2026-08-01,owid-energy-data.csv
DS-OWID-ENERGY,SRC-OWID-ENERGY,historical,,,,World,OWID_WRL,world,2019,electricity_generation,hydropower,,all_generation_reported_by_upstream_compilation,4227.76,TWh,4227.76,TWh,hydro_electricity,historical_compilation; latest years may be estimated upstream,downloaded_2026-08-01,owid-energy-data.csv
DS-OWID-ENERGY,SRC-OWID-ENERGY,historical,,,,World,OWID_WRL,world,2019,electricity_generation,natural_gas,,all_generation_reported_by_upstream_compilation,6401.31,TWh,6401.31,TWh,gas_electricity,historical_compilation; latest years may be estimated upstream,downloaded_2026-08-01,owid-energy-data.csv
DS-OWID-ENERGY,SRC-OWID-ENERGY,historical,,,,World,OWID_WRL,world,2019,electricity_generation,nuclear,,all_generation_reported_by_upstream_compilation,2754.08,TWh,2754.08,TWh,nuclear_electricity,historical_compilation; latest years may be estimated upstream,downloaded_2026-08-01,owid-energy-data.csv
DS-OWID-ENERGY,SRC-OWID-ENERGY,historical,,,,World,OWID_WRL,world,2019,electricity_generation,oil,,all_generation_reported_by_upstream_compilation,855.03,TWh,855.03,TWh,oil_electricity,historical_compilation; latest years may be estimated upstream,downloaded_2026-08-01,owid-energy-data.csv
DS-OWID-ENERGY,SRC-OWID-ENERGY,historical,,,,World,OWID_WRL,world,2019,electricity_generation,other_renewables,"geothermal, marine, and other renewables excluding bioenergy",all_generation_reported_by_upstream_compilation,82.95,TWh,82.95,TWh,other_renewable_exc_biofuel_electricity,historical_compilation; latest years may be estimated upstream,downloaded_2026-08-01,owid-energy-data.csv
DS-OWID-ENERGY,SRC-OWID-ENERGY,historical,,,,World,OWID_WRL,world,2019,electricity_generation,solar,,all_generation_reported_by_upstream_compilation,697.94,TWh,697.94,TWh,solar_electricity,historical_compilation; latest years may be estimated upstream,downloaded_2026-08-01,owid-energy-data.csv
DS-OWID-ENERGY,SRC-OWID-ENERGY,historical,,,,World,OWID_WRL,world,2019,electricity_generation,total,all sources,all_generation_reported_by_upstream_compilation,26832.42,TWh,26832.42,TWh,electricity_generation,historical_compilation; latest years may be estimated upstream,downloaded_2026-08-01,owid-energy-data.csv
DS-OWID-ENERGY,SRC-OWID-ENERGY,historical,,,,World,OWID_WRL,world,2019,electricity_generation,wind,,all_generation_reported_by_upstream_compilation,1420.96,TWh,1420.96,TWh,wind_electricity,historical_compilation; latest years may be estimated upstream,downloaded_2026-08-01,owid-energy-data.csv
DS-OWID-ENERGY,SRC-OWID-ENERGY,historical,,,,World,OWID_WRL,world,2020,electricity_generation,bioenergy,biofuels,all_generation_reported_by_upstream_compilation,601.17,TWh,601.17,TWh,biofuel_electricity,historical_compilation; latest years may be estimated upstream,downloaded_2026-08-01,owid-energy-data.csv
DS-OWID-ENERGY,SRC-OWID-ENERGY,historical,,,,World,OWID_WRL,world,2020,electricity_generation,coal,,all_generation_reported_by_upstream_compilation,9437.05,TWh,9437.05,TWh,coal_electricity,historical_compilation; latest years may be estimated upstream,downloaded_2026-08-01,owid-energy-data.csv
DS-OWID-ENERGY,SRC-OWID-ENERGY,historical,,,,World,OWID_WRL,world,2020,electricity_generation,hydropower,,all_generation_reported_by_upstream_compilation,4347.02,TWh,4347.02,TWh,hydro_electricity,historical_compilation; latest years may be estimated upstream,downloaded_2026-08-01,owid-energy-data.csv
DS-OWID-ENERGY,SRC-OWID-ENERGY,historical,,,,World,OWID_WRL,world,2020,electricity_generation,natural_gas,,all_generation_reported_by_upstream_compilation,6382.94,TWh,6382.94,TWh,gas_electricity,historical_compilation; latest years may be estimated upstream,downloaded_2026-08-01,owid-energy-data.csv
DS-OWID-ENERGY,SRC-OWID-ENERGY,historical,,,,World,OWID_WRL,world,2020,electricity_generation,nuclear,,all_generation_reported_by_upstream_compilation,2648.33,TWh,2648.33,TWh,nuclear_electricity,historical_compilation; latest years may be estimated upstream,downloaded_2026-08-01,owid-energy-data.csv
DS-OWID-ENERGY,SRC-OWID-ENERGY,historical,,,,World,OWID_WRL,world,2020,electricity_generation,oil,,all_generation_reported_by_upstream_compilation,775.88,TWh,775.88,TWh,oil_electricity,historical_compilation; latest years may be estimated upstream,downloaded_2026-08-01,owid-energy-data.csv
DS-OWID-ENERGY,SRC-OWID-ENERGY,historical,,,,World,OWID_WRL,world,2020,electricity_generation,other_renewables,"geothermal, marine, and other renewables excluding bioenergy",all_generation_reported_by_upstream_compilation,86.12,TWh,86.12,TWh,other_renewable_exc_biofuel_electricity,historical_compilation; latest years may be estimated upstream,downloaded_2026-08-01,owid-energy-data.csv
DS-OWID-ENERGY,SRC-OWID-ENERGY,historical,,,,World,OWID_WRL,world,2020,electricity_generation,solar,,all_generation_reported_by_upstream_compilation,853.39,TWh,853.39,TWh,solar_electricity,historical_compilation; latest years may be estimated upstream,downloaded_2026-08-01,owid-energy-data.csv
DS-OWID-ENERGY,SRC-OWID-ENERGY,historical,,,,World,OWID_WRL,world,2020,electricity_generation,total,all sources,all_generation_reported_by_upstream_compilation,26723.369,TWh,26723.369,TWh,electricity_generation,historical_compilation; latest years may be estimated upstream,downloaded_2026-08-01,owid-energy-data.csv
DS-OWID-ENERGY,SRC-OWID-ENERGY,historical,,,,World,OWID_WRL,world,2020,electricity_generation,wind,,all_generation_reported_by_upstream_compilation,1591.47,TWh,1591.47,TWh,wind_electricity,historical_compilation; latest years may be estimated upstream,downloaded_2026-08-01,owid-energy-data.csv
DS-OWID-ENERGY,SRC-OWID-ENERGY,historical,,,,World,OWID_WRL,world,2021,electricity_generation,bioenergy,biofuels,all_generation_reported_by_upstream_compilation,655.3,TWh,655.3,TWh,biofuel_electricity,historical_compilation; latest years may be estimated upstream,downloaded_2026-08-01,owid-energy-data.csv
DS-OWID-ENERGY,SRC-OWID-ENERGY,historical,,,,World,OWID_WRL,world,2021,electricity_generation,coal,,all_generation_reported_by_upstream_compilation,10156.49,TWh,10156.49,TWh,coal_electricity,historical_compilation; latest years may be estimated upstream,downloaded_2026-08-01,owid-energy-data.csv
DS-OWID-ENERGY,SRC-OWID-ENERGY,historical,,,,World,OWID_WRL,world,2021,electricity_generation,hydropower,,all_generation_reported_by_upstream_compilation,4288.7,TWh,4288.7,TWh,hydro_electricity,historical_compilation; latest years may be estimated upstream,downloaded_2026-08-01,owid-energy-data.csv
DS-OWID-ENERGY,SRC-OWID-ENERGY,historical,,,,World,OWID_WRL,world,2021,electricity_generation,natural_gas,,all_generation_reported_by_upstream_compilation,6556.63,TWh,6556.63,TWh,gas_electricity,historical_compilation; latest years may be estimated upstream,downloaded_2026-08-01,owid-energy-data.csv
DS-OWID-ENERGY,SRC-OWID-ENERGY,historical,,,,World,OWID_WRL,world,2021,electricity_generation,nuclear,,all_generation_reported_by_upstream_compilation,2762.44,TWh,2762.44,TWh,nuclear_electricity,historical_compilation; latest years may be estimated upstream,downloaded_2026-08-01,owid-energy-data.csv
DS-OWID-ENERGY,SRC-OWID-ENERGY,historical,,,,World,OWID_WRL,world,2021,electricity_generation,oil,,all_generation_reported_by_upstream_compilation,842.25,TWh,842.25,TWh,oil_electricity,historical_compilation; latest years may be estimated upstream,downloaded_2026-08-01,owid-energy-data.csv
DS-OWID-ENERGY,SRC-OWID-ENERGY,historical,,,,World,OWID_WRL,world,2021,electricity_generation,other_renewables,"geothermal, marine, and other renewables excluding bioenergy",all_generation_reported_by_upstream_compilation,86.33,TWh,86.33,TWh,other_renewable_exc_biofuel_electricity,historical_compilation; latest years may be estimated upstream,downloaded_2026-08-01,owid-energy-data.csv
DS-OWID-ENERGY,SRC-OWID-ENERGY,historical,,,,World,OWID_WRL,world,2021,electricity_generation,solar,,all_generation_reported_by_upstream_compilation,1053.99,TWh,1053.99,TWh,solar_electricity,historical_compilation; latest years may be estimated upstream,downloaded_2026-08-01,owid-energy-data.csv
DS-OWID-ENERGY,SRC-OWID-ENERGY,historical,,,,World,OWID_WRL,world,2021,electricity_generation,total,all sources,all_generation_reported_by_upstream_compilation,28259.07,TWh,28259.07,TWh,electricity_generation,historical_compilation; latest years may be estimated upstream,downloaded_2026-08-01,owid-energy-data.csv
DS-OWID-ENERGY,SRC-OWID-ENERGY,historical,,,,World,OWID_WRL,world,2021,electricity_generation,wind,,all_generation_reported_by_upstream_compilation,1856.94,TWh,1856.94,TWh,wind_electricity,historical_compilation; latest years may be estimated upstream,downloaded_2026-08-01,owid-energy-data.csv
DS-OWID-ENERGY,SRC-OWID-ENERGY,historical,,,,World,OWID_WRL,world,2022,electricity_generation,bioenergy,biofuels,all_generation_reported_by_upstream_compilation,669.2,TWh,669.2,TWh,biofuel_electricity,historical_compilation; latest years may be estimated upstream,downloaded_2026-08-01,owid-energy-data.csv
DS-OWID-ENERGY,SRC-OWID-ENERGY,historical,,,,World,OWID_WRL,world,2022,electricity_generation,coal,,all_generation_reported_by_upstream_compilation,10240.44,TWh,10240.44,TWh,coal_electricity,historical_compilation; latest years may be estimated upstream,downloaded_2026-08-01,owid-energy-data.csv
DS-OWID-ENERGY,SRC-OWID-ENERGY,historical,,,,World,OWID_WRL,world,2022,electricity_generation,hydropower,,all_generation_reported_by_upstream_compilation,4324.07,TWh,4324.07,TWh,hydro_electricity,historical_compilation; latest years may be estimated upstream,downloaded_2026-08-01,owid-energy-data.csv
DS-OWID-ENERGY,SRC-OWID-ENERGY,historical,,,,World,OWID_WRL,world,2022,electricity_generation,natural_gas,,all_generation_reported_by_upstream_compilation,6628.27,TWh,6628.27,TWh,gas_electricity,historical_compilation; latest years may be estimated upstream,downloaded_2026-08-01,owid-energy-data.csv
DS-OWID-ENERGY,SRC-OWID-ENERGY,historical,,,,World,OWID_WRL,world,2022,electricity_generation,nuclear,,all_generation_reported_by_upstream_compilation,2639.64,TWh,2639.64,TWh,nuclear_electricity,historical_compilation; latest years may be estimated upstream,downloaded_2026-08-01,owid-energy-data.csv
DS-OWID-ENERGY,SRC-OWID-ENERGY,historical,,,,World,OWID_WRL,world,2022,electricity_generation,oil,,all_generation_reported_by_upstream_compilation,887.42,TWh,887.42,TWh,oil_electricity,historical_compilation; latest years may be estimated upstream,downloaded_2026-08-01,owid-energy-data.csv
DS-OWID-ENERGY,SRC-OWID-ENERGY,historical,,,,World,OWID_WRL,world,2022,electricity_generation,other_renewables,"geothermal, marine, and other renewables excluding bioenergy",all_generation_reported_by_upstream_compilation,87.94,TWh,87.94,TWh,other_renewable_exc_biofuel_electricity,historical_compilation; latest years may be estimated upstream,downloaded_2026-08-01,owid-energy-data.csv
DS-OWID-ENERGY,SRC-OWID-ENERGY,historical,,,,World,OWID_WRL,world,2022,electricity_generation,solar,,all_generation_reported_by_upstream_compilation,1333.12,TWh,1333.12,TWh,solar_electricity,historical_compilation; latest years may be estimated upstream,downloaded_2026-08-01,owid-energy-data.csv
DS-OWID-ENERGY,SRC-OWID-ENERGY,historical,,,,World,OWID_WRL,world,2022,electricity_generation,total,all sources,all_generation_reported_by_upstream_compilation,28917.76,TWh,28917.76,TWh,electricity_generation,historical_compilation; latest years may be estimated upstream,downloaded_2026-08-01,owid-energy-data.csv
DS-OWID-ENERGY,SRC-OWID-ENERGY,historical,,,,World,OWID_WRL,world,2022,electricity_generation,wind,,all_generation_reported_by_upstream_compilation,2107.66,TWh,2107.66,TWh,wind_electricity,historical_compilation; latest years may be estimated upstream,downloaded_2026-08-01,owid-energy-data.csv
DS-OWID-ENERGY,SRC-OWID-ENERGY,historical,,,,World,OWID_WRL,world,2023,electricity_generation,bioenergy,biofuels,all_generation_reported_by_upstream_compilation,683.62,TWh,683.62,TWh,biofuel_electricity,historical_compilation; latest years may be estimated upstream,downloaded_2026-08-01,owid-energy-data.csv
DS-OWID-ENERGY,SRC-OWID-ENERGY,historical,,,,World,OWID_WRL,world,2023,electricity_generation,coal,,all_generation_reported_by_upstream_compilation,10395.94,TWh,10395.94,TWh,coal_electricity,historical_compilation; latest years may be estimated upstream,downloaded_2026-08-01,owid-energy-data.csv
DS-OWID-ENERGY,SRC-OWID-ENERGY,historical,,,,World,OWID_WRL,world,2023,electricity_generation,hydropower,,all_generation_reported_by_upstream_compilation,4240.11,TWh,4240.11,TWh,hydro_electricity,historical_compilation; latest years may be estimated upstream,downloaded_2026-08-01,owid-energy-data.csv
DS-OWID-ENERGY,SRC-OWID-ENERGY,historical,,,,World,OWID_WRL,world,2023,electricity_generation,natural_gas,,all_generation_reported_by_upstream_compilation,6699.42,TWh,6699.42,TWh,gas_electricity,historical_compilation; latest years may be estimated upstream,downloaded_2026-08-01,owid-energy-data.csv
DS-OWID-ENERGY,SRC-OWID-ENERGY,historical,,,,World,OWID_WRL,world,2023,electricity_generation,nuclear,,all_generation_reported_by_upstream_compilation,2697.74,TWh,2697.74,TWh,nuclear_electricity,historical_compilation; latest years may be estimated upstream,downloaded_2026-08-01,owid-energy-data.csv
DS-OWID-ENERGY,SRC-OWID-ENERGY,historical,,,,World,OWID_WRL,world,2023,electricity_generation,oil,,all_generation_reported_by_upstream_compilation,876.79,TWh,876.79,TWh,oil_electricity,historical_compilation; latest years may be estimated upstream,downloaded_2026-08-01,owid-energy-data.csv
DS-OWID-ENERGY,SRC-OWID-ENERGY,historical,,,,World,OWID_WRL,world,2023,electricity_generation,other_renewables,"geothermal, marine, and other renewables excluding bioenergy",all_generation_reported_by_upstream_compilation,88.4,TWh,88.4,TWh,other_renewable_exc_biofuel_electricity,historical_compilation; latest years may be estimated upstream,downloaded_2026-08-01,owid-energy-data.csv
DS-OWID-ENERGY,SRC-OWID-ENERGY,historical,,,,World,OWID_WRL,world,2023,electricity_generation,solar,,all_generation_reported_by_upstream_compilation,1664.14,TWh,1664.14,TWh,solar_electricity,historical_compilation; latest years may be estimated upstream,downloaded_2026-08-01,owid-energy-data.csv
DS-OWID-ENERGY,SRC-OWID-ENERGY,historical,,,,World,OWID_WRL,world,2023,electricity_generation,total,all sources,all_generation_reported_by_upstream_compilation,29665.34,TWh,29665.34,TWh,electricity_generation,historical_compilation; latest years may be estimated upstream,downloaded_2026-08-01,owid-energy-data.csv
DS-OWID-ENERGY,SRC-OWID-ENERGY,historical,,,,World,OWID_WRL,world,2023,electricity_generation,wind,,all_generation_reported_by_upstream_compilation,2319.18,TWh,2319.18,TWh,wind_electricity,historical_compilation; latest years may be estimated upstream,downloaded_2026-08-01,owid-energy-data.csv
DS-OWID-ENERGY,SRC-OWID-ENERGY,historical,,,,World,OWID_WRL,world,2024,electricity_generation,bioenergy,biofuels,all_generation_reported_by_upstream_compilation,703.37,TWh,703.37,TWh,biofuel_electricity,historical_compilation; latest years may be estimated upstream,downloaded_2026-08-01,owid-energy-data.csv
DS-OWID-ENERGY,SRC-OWID-ENERGY,historical,,,,World,OWID_WRL,world,2024,electricity_generation,coal,,all_generation_reported_by_upstream_compilation,10538.94,TWh,10538.94,TWh,coal_electricity,historical_compilation; latest years may be estimated upstream,downloaded_2026-08-01,owid-energy-data.csv
DS-OWID-ENERGY,SRC-OWID-ENERGY,historical,,,,World,OWID_WRL,world,2024,electricity_generation,hydropower,,all_generation_reported_by_upstream_compilation,4433.65,TWh,4433.65,TWh,hydro_electricity,historical_compilation; latest years may be estimated upstream,downloaded_2026-08-01,owid-energy-data.csv
DS-OWID-ENERGY,SRC-OWID-ENERGY,historical,,,,World,OWID_WRL,world,2024,electricity_generation,natural_gas,,all_generation_reported_by_upstream_compilation,6882.73,TWh,6882.73,TWh,gas_electricity,historical_compilation; latest years may be estimated upstream,downloaded_2026-08-01,owid-energy-data.csv
DS-OWID-ENERGY,SRC-OWID-ENERGY,historical,,,,World,OWID_WRL,world,2024,electricity_generation,nuclear,,all_generation_reported_by_upstream_compilation,2777.11,TWh,2777.11,TWh,nuclear_electricity,historical_compilation; latest years may be estimated upstream,downloaded_2026-08-01,owid-energy-data.csv
DS-OWID-ENERGY,SRC-OWID-ENERGY,historical,,,,World,OWID_WRL,world,2024,electricity_generation,oil,,all_generation_reported_by_upstream_compilation,853.84,TWh,853.84,TWh,oil_electricity,historical_compilation; latest years may be estimated upstream,downloaded_2026-08-01,owid-energy-data.csv
DS-OWID-ENERGY,SRC-OWID-ENERGY,historical,,,,World,OWID_WRL,world,2024,electricity_generation,other_renewables,"geothermal, marine, and other renewables excluding bioenergy",all_generation_reported_by_upstream_compilation,88.44,TWh,88.44,TWh,other_renewable_exc_biofuel_electricity,historical_compilation; latest years may be estimated upstream,downloaded_2026-08-01,owid-energy-data.csv
DS-OWID-ENERGY,SRC-OWID-ENERGY,historical,,,,World,OWID_WRL,world,2024,electricity_generation,solar,,all_generation_reported_by_upstream_compilation,2142.65,TWh,2142.65,TWh,solar_electricity,historical_compilation; latest years may be estimated upstream,downloaded_2026-08-01,owid-energy-data.csv
DS-OWID-ENERGY,SRC-OWID-ENERGY,historical,,,,World,OWID_WRL,world,2024,electricity_generation,total,all sources,all_generation_reported_by_upstream_compilation,30930.23,TWh,30930.23,TWh,electricity_generation,historical_compilation; latest years may be estimated upstream,downloaded_2026-08-01,owid-energy-data.csv
DS-OWID-ENERGY,SRC-OWID-ENERGY,historical,,,,World,OWID_WRL,world,2024,electricity_generation,wind,,all_generation_reported_by_upstream_compilation,2509.5,TWh,2509.5,TWh,wind_electricity,historical_compilation; latest years may be estimated upstream,downloaded_2026-08-01,owid-energy-data.csv
DS-OWID-ENERGY,SRC-OWID-ENERGY,historical,,,,World,OWID_WRL,world,2025,electricity_generation,bioenergy,biofuels,all_generation_reported_by_upstream_compilation,710.41,TWh,710.41,TWh,biofuel_electricity,historical_compilation; latest years may be estimated upstream,downloaded_2026-08-01,owid-energy-data.csv
DS-OWID-ENERGY,SRC-OWID-ENERGY,historical,,,,World,OWID_WRL,world,2025,electricity_generation,coal,,all_generation_reported_by_upstream_compilation,10471.53,TWh,10471.53,TWh,coal_electricity,historical_compilation; latest years may be estimated upstream,downloaded_2026-08-01,owid-energy-data.csv
DS-OWID-ENERGY,SRC-OWID-ENERGY,historical,,,,World,OWID_WRL,world,2025,electricity_generation,hydropower,,all_generation_reported_by_upstream_compilation,4434.97,TWh,4434.97,TWh,hydro_electricity,historical_compilation; latest years may be estimated upstream,downloaded_2026-08-01,owid-energy-data.csv
DS-OWID-ENERGY,SRC-OWID-ENERGY,historical,,,,World,OWID_WRL,world,2025,electricity_generation,natural_gas,,all_generation_reported_by_upstream_compilation,6921.14,TWh,6921.14,TWh,gas_electricity,historical_compilation; latest years may be estimated upstream,downloaded_2026-08-01,owid-energy-data.csv
DS-OWID-ENERGY,SRC-OWID-ENERGY,historical,,,,World,OWID_WRL,world,2025,electricity_generation,nuclear,,all_generation_reported_by_upstream_compilation,2811.57,TWh,2811.57,TWh,nuclear_electricity,historical_compilation; latest years may be estimated upstream,downloaded_2026-08-01,owid-energy-data.csv
DS-OWID-ENERGY,SRC-OWID-ENERGY,historical,,,,World,OWID_WRL,world,2025,electricity_generation,oil,,all_generation_reported_by_upstream_compilation,841.62,TWh,841.62,TWh,oil_electricity,historical_compilation; latest years may be estimated upstream,downloaded_2026-08-01,owid-energy-data.csv
DS-OWID-ENERGY,SRC-OWID-ENERGY,historical,,,,World,OWID_WRL,world,2025,electricity_generation,other_renewables,"geothermal, marine, and other renewables excluding bioenergy",all_generation_reported_by_upstream_compilation,89.33,TWh,89.33,TWh,other_renewable_exc_biofuel_electricity,historical_compilation; latest years may be estimated upstream,downloaded_2026-08-01,owid-energy-data.csv
DS-OWID-ENERGY,SRC-OWID-ENERGY,historical,,,,World,OWID_WRL,world,2025,electricity_generation,solar,,all_generation_reported_by_upstream_compilation,2778.64,TWh,2778.64,TWh,solar_electricity,historical_compilation; latest years may be estimated upstream,downloaded_2026-08-01,owid-energy-data.csv
DS-OWID-ENERGY,SRC-OWID-ENERGY,historical,,,,World,OWID_WRL,world,2025,electricity_generation,total,all sources,all_generation_reported_by_upstream_compilation,31772.35,TWh,31772.35,TWh,electricity_generation,historical_compilation; latest years may be estimated upstream,downloaded_2026-08-01,owid-energy-data.csv
DS-OWID-ENERGY,SRC-OWID-ENERGY,historical,,,,World,OWID_WRL,world,2025,electricity_generation,wind,,all_generation_reported_by_upstream_compilation,2713.14,TWh,2713.14,TWh,wind_electricity,historical_compilation; latest years may be estimated upstream,downloaded_2026-08-01,owid-energy-data.csv
