dataset_id,source_id,record_type,model,scenario,scenario_family,geography,geography_code,region_level,year,metric,technology,technology_detail,scope,value,unit,source_value,source_unit,source_variable,upstream_status,source_vintage,source_file
DS-IRENASTAT-CAP26,SRC-IRENASTAT-CAP26,historical,,,,World,GLO,world,2000,installed_capacity,bioenergy,Bioenergy,on_grid_plus_off_grid,31.10818,GW,31108.18,MW,Bioenergy,reported,2026-04-16,irena-world-capacity-2000-2025.csv
DS-IRENASTAT-CAP26,SRC-IRENASTAT-CAP26,historical,,,,World,GLO,world,2000,installed_capacity,fossil_fuels_total,Fossil fuels,on_grid_plus_off_grid,2246.73839,GW,2246738.39,MW,Fossil fuels,reported,2026-04-16,irena-world-capacity-2000-2025.csv
DS-IRENASTAT-CAP26,SRC-IRENASTAT-CAP26,historical,,,,World,GLO,world,2000,installed_capacity,geothermal,Geothermal energy,on_grid_plus_off_grid,8.2727,GW,8272.7,MW,Geothermal energy,reported,2026-04-16,irena-world-capacity-2000-2025.csv
DS-IRENASTAT-CAP26,SRC-IRENASTAT-CAP26,historical,,,,World,GLO,world,2000,installed_capacity,hydropower,Renewable hydropower,on_grid_plus_off_grid,706.27649,GW,706276.49,MW,Renewable hydropower,reported,2026-04-16,irena-world-capacity-2000-2025.csv
DS-IRENASTAT-CAP26,SRC-IRENASTAT-CAP26,historical,,,,World,GLO,world,2000,installed_capacity,marine_energy,Marine energy,on_grid_plus_off_grid,0.23825,GW,238.25,MW,Marine energy,reported,2026-04-16,irena-world-capacity-2000-2025.csv
DS-IRENASTAT-CAP26,SRC-IRENASTAT-CAP26,historical,,,,World,GLO,world,2000,installed_capacity,nonrenewables_total,Total non-renewable energy,on_grid_plus_off_grid,2610.91005,GW,2610910.05,MW,Total non-renewable energy,reported,2026-04-16,irena-world-capacity-2000-2025.csv
DS-IRENASTAT-CAP26,SRC-IRENASTAT-CAP26,historical,,,,World,GLO,world,2000,installed_capacity,nuclear,Nuclear energy,on_grid_plus_off_grid,358.4615,GW,358461.5,MW,Nuclear energy,reported,2026-04-16,irena-world-capacity-2000-2025.csv
DS-IRENASTAT-CAP26,SRC-IRENASTAT-CAP26,historical,,,,World,GLO,world,2000,installed_capacity,other_nonrenewable,Other non-renewable energy,on_grid_plus_off_grid,3.40916,GW,3409.16,MW,Other non-renewable energy,reported,2026-04-16,irena-world-capacity-2000-2025.csv
DS-IRENASTAT-CAP26,SRC-IRENASTAT-CAP26,historical,,,,World,GLO,world,2000,installed_capacity,other_nonrenewable_nec,Other non-renewable energy n.e.s.,on_grid_plus_off_grid,0.26345,GW,263.45,MW,Other non-renewable energy n.e.s.,reported,2026-04-16,irena-world-capacity-2000-2025.csv
DS-IRENASTAT-CAP26,SRC-IRENASTAT-CAP26,historical,,,,World,GLO,world,2000,installed_capacity,pumped_hydro_storage,Pumped hydro,on_grid_plus_off_grid,80.83855,GW,80838.55,MW,Pumped hydro,reported,2026-04-16,irena-world-capacity-2000-2025.csv
DS-IRENASTAT-CAP26,SRC-IRENASTAT-CAP26,historical,,,,World,GLO,world,2000,installed_capacity,renewables_total,Total renewable energy,on_grid_plus_off_grid,764.07766,GW,764077.66,MW,Total renewable energy,reported,2026-04-16,irena-world-capacity-2000-2025.csv
DS-IRENASTAT-CAP26,SRC-IRENASTAT-CAP26,historical,,,,World,GLO,world,2000,installed_capacity,solar,Solar energy,on_grid_plus_off_grid,1.22111,GW,1221.11,MW,Solar energy,reported,2026-04-16,irena-world-capacity-2000-2025.csv
DS-IRENASTAT-CAP26,SRC-IRENASTAT-CAP26,historical,,,,World,GLO,world,2000,installed_capacity,wind,Wind energy,on_grid_plus_off_grid,16.96093,GW,16960.93,MW,Wind energy,reported,2026-04-16,irena-world-capacity-2000-2025.csv
DS-IRENASTAT-CAP26,SRC-IRENASTAT-CAP26,historical,,,,World,GLO,world,2001,installed_capacity,bioenergy,Bioenergy,on_grid_plus_off_grid,33.53561,GW,33535.61,MW,Bioenergy,reported,2026-04-16,irena-world-capacity-2000-2025.csv
DS-IRENASTAT-CAP26,SRC-IRENASTAT-CAP26,historical,,,,World,GLO,world,2001,installed_capacity,fossil_fuels_total,Fossil fuels,on_grid_plus_off_grid,2317.09467,GW,2317094.67,MW,Fossil fuels,reported,2026-04-16,irena-world-capacity-2000-2025.csv
DS-IRENASTAT-CAP26,SRC-IRENASTAT-CAP26,historical,,,,World,GLO,world,2001,installed_capacity,geothermal,Geothermal energy,on_grid_plus_off_grid,7.9607,GW,7960.7,MW,Geothermal energy,reported,2026-04-16,irena-world-capacity-2000-2025.csv
DS-IRENASTAT-CAP26,SRC-IRENASTAT-CAP26,historical,,,,World,GLO,world,2001,installed_capacity,hydropower,Renewable hydropower,on_grid_plus_off_grid,718.18305,GW,718183.05,MW,Renewable hydropower,reported,2026-04-16,irena-world-capacity-2000-2025.csv
DS-IRENASTAT-CAP26,SRC-IRENASTAT-CAP26,historical,,,,World,GLO,world,2001,installed_capacity,marine_energy,Marine energy,on_grid_plus_off_grid,0.24025,GW,240.25,MW,Marine energy,reported,2026-04-16,irena-world-capacity-2000-2025.csv
DS-IRENASTAT-CAP26,SRC-IRENASTAT-CAP26,historical,,,,World,GLO,world,2001,installed_capacity,nonrenewables_total,Total non-renewable energy,on_grid_plus_off_grid,2683.3987,GW,2683398.7,MW,Total non-renewable energy,reported,2026-04-16,irena-world-capacity-2000-2025.csv
DS-IRENASTAT-CAP26,SRC-IRENASTAT-CAP26,historical,,,,World,GLO,world,2001,installed_capacity,nuclear,Nuclear energy,on_grid_plus_off_grid,360.3225,GW,360322.5,MW,Nuclear energy,reported,2026-04-16,irena-world-capacity-2000-2025.csv
DS-IRENASTAT-CAP26,SRC-IRENASTAT-CAP26,historical,,,,World,GLO,world,2001,installed_capacity,other_nonrenewable,Other non-renewable energy,on_grid_plus_off_grid,3.16973,GW,3169.73,MW,Other non-renewable energy,reported,2026-04-16,irena-world-capacity-2000-2025.csv
DS-IRENASTAT-CAP26,SRC-IRENASTAT-CAP26,historical,,,,World,GLO,world,2001,installed_capacity,other_nonrenewable_nec,Other non-renewable energy n.e.s.,on_grid_plus_off_grid,0.22445,GW,224.45,MW,Other non-renewable energy n.e.s.,reported,2026-04-16,irena-world-capacity-2000-2025.csv
DS-IRENASTAT-CAP26,SRC-IRENASTAT-CAP26,historical,,,,World,GLO,world,2001,installed_capacity,pumped_hydro_storage,Pumped hydro,on_grid_plus_off_grid,77.72255,GW,77722.55,MW,Pumped hydro,reported,2026-04-16,irena-world-capacity-2000-2025.csv
DS-IRENASTAT-CAP26,SRC-IRENASTAT-CAP26,historical,,,,World,GLO,world,2001,installed_capacity,renewables_total,Total renewable energy,on_grid_plus_off_grid,785.2058,GW,785205.8,MW,Total renewable energy,reported,2026-04-16,irena-world-capacity-2000-2025.csv
DS-IRENASTAT-CAP26,SRC-IRENASTAT-CAP26,historical,,,,World,GLO,world,2001,installed_capacity,solar,Solar energy,on_grid_plus_off_grid,1.33167,GW,1331.67,MW,Solar energy,reported,2026-04-16,irena-world-capacity-2000-2025.csv
DS-IRENASTAT-CAP26,SRC-IRENASTAT-CAP26,historical,,,,World,GLO,world,2001,installed_capacity,wind,Wind energy,on_grid_plus_off_grid,23.95452,GW,23954.52,MW,Wind energy,reported,2026-04-16,irena-world-capacity-2000-2025.csv
DS-IRENASTAT-CAP26,SRC-IRENASTAT-CAP26,historical,,,,World,GLO,world,2002,installed_capacity,bioenergy,Bioenergy,on_grid_plus_off_grid,35.49146,GW,35491.46,MW,Bioenergy,reported,2026-04-16,irena-world-capacity-2000-2025.csv
DS-IRENASTAT-CAP26,SRC-IRENASTAT-CAP26,historical,,,,World,GLO,world,2002,installed_capacity,fossil_fuels_total,Fossil fuels,on_grid_plus_off_grid,2416.56924,GW,2416569.24,MW,Fossil fuels,reported,2026-04-16,irena-world-capacity-2000-2025.csv
DS-IRENASTAT-CAP26,SRC-IRENASTAT-CAP26,historical,,,,World,GLO,world,2002,installed_capacity,geothermal,Geothermal energy,on_grid_plus_off_grid,8.1132,GW,8113.2,MW,Geothermal energy,reported,2026-04-16,irena-world-capacity-2000-2025.csv
DS-IRENASTAT-CAP26,SRC-IRENASTAT-CAP26,historical,,,,World,GLO,world,2002,installed_capacity,hydropower,Renewable hydropower,on_grid_plus_off_grid,729.90281,GW,729902.81,MW,Renewable hydropower,reported,2026-04-16,irena-world-capacity-2000-2025.csv
DS-IRENASTAT-CAP26,SRC-IRENASTAT-CAP26,historical,,,,World,GLO,world,2002,installed_capacity,marine_energy,Marine energy,on_grid_plus_off_grid,0.24325,GW,243.25,MW,Marine energy,reported,2026-04-16,irena-world-capacity-2000-2025.csv
DS-IRENASTAT-CAP26,SRC-IRENASTAT-CAP26,historical,,,,World,GLO,world,2002,installed_capacity,nonrenewables_total,Total non-renewable energy,on_grid_plus_off_grid,2789.73643,GW,2789736.43,MW,Total non-renewable energy,reported,2026-04-16,irena-world-capacity-2000-2025.csv
DS-IRENASTAT-CAP26,SRC-IRENASTAT-CAP26,historical,,,,World,GLO,world,2002,installed_capacity,nuclear,Nuclear energy,on_grid_plus_off_grid,366.6805,GW,366680.5,MW,Nuclear energy,reported,2026-04-16,irena-world-capacity-2000-2025.csv
DS-IRENASTAT-CAP26,SRC-IRENASTAT-CAP26,historical,,,,World,GLO,world,2002,installed_capacity,other_nonrenewable,Other non-renewable energy,on_grid_plus_off_grid,3.58589,GW,3585.89,MW,Other non-renewable energy,reported,2026-04-16,irena-world-capacity-2000-2025.csv
DS-IRENASTAT-CAP26,SRC-IRENASTAT-CAP26,historical,,,,World,GLO,world,2002,installed_capacity,other_nonrenewable_nec,Other non-renewable energy n.e.s.,on_grid_plus_off_grid,0.26345,GW,263.45,MW,Other non-renewable energy n.e.s.,reported,2026-04-16,irena-world-capacity-2000-2025.csv
DS-IRENASTAT-CAP26,SRC-IRENASTAT-CAP26,historical,,,,World,GLO,world,2002,installed_capacity,pumped_hydro_storage,Pumped hydro,on_grid_plus_off_grid,79.13755,GW,79137.55,MW,Pumped hydro,reported,2026-04-16,irena-world-capacity-2000-2025.csv
DS-IRENASTAT-CAP26,SRC-IRENASTAT-CAP26,historical,,,,World,GLO,world,2002,installed_capacity,renewables_total,Total renewable energy,on_grid_plus_off_grid,806.10529,GW,806105.29,MW,Total renewable energy,reported,2026-04-16,irena-world-capacity-2000-2025.csv
DS-IRENASTAT-CAP26,SRC-IRENASTAT-CAP26,historical,,,,World,GLO,world,2002,installed_capacity,solar,Solar energy,on_grid_plus_off_grid,1.63137,GW,1631.37,MW,Solar energy,reported,2026-04-16,irena-world-capacity-2000-2025.csv
DS-IRENASTAT-CAP26,SRC-IRENASTAT-CAP26,historical,,,,World,GLO,world,2002,installed_capacity,wind,Wind energy,on_grid_plus_off_grid,30.7232,GW,30723.2,MW,Wind energy,reported,2026-04-16,irena-world-capacity-2000-2025.csv
DS-IRENASTAT-CAP26,SRC-IRENASTAT-CAP26,historical,,,,World,GLO,world,2003,installed_capacity,bioenergy,Bioenergy,on_grid_plus_off_grid,38.37058,GW,38370.58,MW,Bioenergy,reported,2026-04-16,irena-world-capacity-2000-2025.csv
DS-IRENASTAT-CAP26,SRC-IRENASTAT-CAP26,historical,,,,World,GLO,world,2003,installed_capacity,fossil_fuels_total,Fossil fuels,on_grid_plus_off_grid,2539.63973,GW,2539639.73,MW,Fossil fuels,reported,2026-04-16,irena-world-capacity-2000-2025.csv
DS-IRENASTAT-CAP26,SRC-IRENASTAT-CAP26,historical,,,,World,GLO,world,2003,installed_capacity,geothermal,Geothermal energy,on_grid_plus_off_grid,8.1881,GW,8188.1,MW,Geothermal energy,reported,2026-04-16,irena-world-capacity-2000-2025.csv
DS-IRENASTAT-CAP26,SRC-IRENASTAT-CAP26,historical,,,,World,GLO,world,2003,installed_capacity,hydropower,Renewable hydropower,on_grid_plus_off_grid,748.54112,GW,748541.12,MW,Renewable hydropower,reported,2026-04-16,irena-world-capacity-2000-2025.csv
DS-IRENASTAT-CAP26,SRC-IRENASTAT-CAP26,historical,,,,World,GLO,world,2003,installed_capacity,marine_energy,Marine energy,on_grid_plus_off_grid,0.24425,GW,244.25,MW,Marine energy,reported,2026-04-16,irena-world-capacity-2000-2025.csv
DS-IRENASTAT-CAP26,SRC-IRENASTAT-CAP26,historical,,,,World,GLO,world,2003,installed_capacity,nonrenewables_total,Total non-renewable energy,on_grid_plus_off_grid,2913.46941,GW,2913469.41,MW,Total non-renewable energy,reported,2026-04-16,irena-world-capacity-2000-2025.csv
DS-IRENASTAT-CAP26,SRC-IRENASTAT-CAP26,historical,,,,World,GLO,world,2003,installed_capacity,nuclear,Nuclear energy,on_grid_plus_off_grid,366.5265,GW,366526.5,MW,Nuclear energy,reported,2026-04-16,irena-world-capacity-2000-2025.csv
DS-IRENASTAT-CAP26,SRC-IRENASTAT-CAP26,historical,,,,World,GLO,world,2003,installed_capacity,other_nonrenewable,Other non-renewable energy,on_grid_plus_off_grid,4.00739,GW,4007.39,MW,Other non-renewable energy,reported,2026-04-16,irena-world-capacity-2000-2025.csv
DS-IRENASTAT-CAP26,SRC-IRENASTAT-CAP26,historical,,,,World,GLO,world,2003,installed_capacity,other_nonrenewable_nec,Other non-renewable energy n.e.s.,on_grid_plus_off_grid,0.73745,GW,737.45,MW,Other non-renewable energy n.e.s.,reported,2026-04-16,irena-world-capacity-2000-2025.csv
DS-IRENASTAT-CAP26,SRC-IRENASTAT-CAP26,historical,,,,World,GLO,world,2003,installed_capacity,pumped_hydro_storage,Pumped hydro,on_grid_plus_off_grid,79.29755,GW,79297.55,MW,Pumped hydro,reported,2026-04-16,irena-world-capacity-2000-2025.csv
DS-IRENASTAT-CAP26,SRC-IRENASTAT-CAP26,historical,,,,World,GLO,world,2003,installed_capacity,renewables_total,Total renewable energy,on_grid_plus_off_grid,836.34635,GW,836346.35,MW,Total renewable energy,reported,2026-04-16,irena-world-capacity-2000-2025.csv
DS-IRENASTAT-CAP26,SRC-IRENASTAT-CAP26,historical,,,,World,GLO,world,2003,installed_capacity,solar,Solar energy,on_grid_plus_off_grid,2.34259,GW,2342.59,MW,Solar energy,reported,2026-04-16,irena-world-capacity-2000-2025.csv
DS-IRENASTAT-CAP26,SRC-IRENASTAT-CAP26,historical,,,,World,GLO,world,2003,installed_capacity,wind,Wind energy,on_grid_plus_off_grid,38.65972,GW,38659.72,MW,Wind energy,reported,2026-04-16,irena-world-capacity-2000-2025.csv
DS-IRENASTAT-CAP26,SRC-IRENASTAT-CAP26,historical,,,,World,GLO,world,2004,installed_capacity,bioenergy,Bioenergy,on_grid_plus_off_grid,40.74382,GW,40743.82,MW,Bioenergy,reported,2026-04-16,irena-world-capacity-2000-2025.csv
DS-IRENASTAT-CAP26,SRC-IRENASTAT-CAP26,historical,,,,World,GLO,world,2004,installed_capacity,fossil_fuels_total,Fossil fuels,on_grid_plus_off_grid,2623.21318,GW,2623213.18,MW,Fossil fuels,reported,2026-04-16,irena-world-capacity-2000-2025.csv
DS-IRENASTAT-CAP26,SRC-IRENASTAT-CAP26,historical,,,,World,GLO,world,2004,installed_capacity,geothermal,Geothermal energy,on_grid_plus_off_grid,8.2088,GW,8208.8,MW,Geothermal energy,reported,2026-04-16,irena-world-capacity-2000-2025.csv
DS-IRENASTAT-CAP26,SRC-IRENASTAT-CAP26,historical,,,,World,GLO,world,2004,installed_capacity,hydropower,Renewable hydropower,on_grid_plus_off_grid,768.9212,GW,768921.2,MW,Renewable hydropower,reported,2026-04-16,irena-world-capacity-2000-2025.csv
DS-IRENASTAT-CAP26,SRC-IRENASTAT-CAP26,historical,,,,World,GLO,world,2004,installed_capacity,marine_energy,Marine energy,on_grid_plus_off_grid,0.24325,GW,243.25,MW,Marine energy,reported,2026-04-16,irena-world-capacity-2000-2025.csv
DS-IRENASTAT-CAP26,SRC-IRENASTAT-CAP26,historical,,,,World,GLO,world,2004,installed_capacity,nonrenewables_total,Total non-renewable energy,on_grid_plus_off_grid,3004.49157,GW,3004491.57,MW,Total non-renewable energy,reported,2026-04-16,irena-world-capacity-2000-2025.csv
DS-IRENASTAT-CAP26,SRC-IRENASTAT-CAP26,historical,,,,World,GLO,world,2004,installed_capacity,nuclear,Nuclear energy,on_grid_plus_off_grid,373.8045,GW,373804.5,MW,Nuclear energy,reported,2026-04-16,irena-world-capacity-2000-2025.csv
DS-IRENASTAT-CAP26,SRC-IRENASTAT-CAP26,historical,,,,World,GLO,world,2004,installed_capacity,other_nonrenewable,Other non-renewable energy,on_grid_plus_off_grid,3.91059,GW,3910.59,MW,Other non-renewable energy,reported,2026-04-16,irena-world-capacity-2000-2025.csv
DS-IRENASTAT-CAP26,SRC-IRENASTAT-CAP26,historical,,,,World,GLO,world,2004,installed_capacity,other_nonrenewable_nec,Other non-renewable energy n.e.s.,on_grid_plus_off_grid,0.57645,GW,576.45,MW,Other non-renewable energy n.e.s.,reported,2026-04-16,irena-world-capacity-2000-2025.csv
DS-IRENASTAT-CAP26,SRC-IRENASTAT-CAP26,historical,,,,World,GLO,world,2004,installed_capacity,pumped_hydro_storage,Pumped hydro,on_grid_plus_off_grid,80.42355,GW,80423.55,MW,Pumped hydro,reported,2026-04-16,irena-world-capacity-2000-2025.csv
DS-IRENASTAT-CAP26,SRC-IRENASTAT-CAP26,historical,,,,World,GLO,world,2004,installed_capacity,renewables_total,Total renewable energy,on_grid_plus_off_grid,869.20348,GW,869203.48,MW,Total renewable energy,reported,2026-04-16,irena-world-capacity-2000-2025.csv
DS-IRENASTAT-CAP26,SRC-IRENASTAT-CAP26,historical,,,,World,GLO,world,2004,installed_capacity,solar,Solar energy,on_grid_plus_off_grid,3.42694,GW,3426.94,MW,Solar energy,reported,2026-04-16,irena-world-capacity-2000-2025.csv
DS-IRENASTAT-CAP26,SRC-IRENASTAT-CAP26,historical,,,,World,GLO,world,2004,installed_capacity,wind,Wind energy,on_grid_plus_off_grid,47.65947,GW,47659.47,MW,Wind energy,reported,2026-04-16,irena-world-capacity-2000-2025.csv
DS-IRENASTAT-CAP26,SRC-IRENASTAT-CAP26,historical,,,,World,GLO,world,2005,installed_capacity,bioenergy,Bioenergy,on_grid_plus_off_grid,45.43647,GW,45436.47,MW,Bioenergy,reported,2026-04-16,irena-world-capacity-2000-2025.csv
DS-IRENASTAT-CAP26,SRC-IRENASTAT-CAP26,historical,,,,World,GLO,world,2005,installed_capacity,fossil_fuels_total,Fossil fuels,on_grid_plus_off_grid,2719.57977,GW,2719579.77,MW,Fossil fuels,reported,2026-04-16,irena-world-capacity-2000-2025.csv
DS-IRENASTAT-CAP26,SRC-IRENASTAT-CAP26,historical,,,,World,GLO,world,2005,installed_capacity,geothermal,Geothermal energy,on_grid_plus_off_grid,8.55582,GW,8555.82,MW,Geothermal energy,reported,2026-04-16,irena-world-capacity-2000-2025.csv
DS-IRENASTAT-CAP26,SRC-IRENASTAT-CAP26,historical,,,,World,GLO,world,2005,installed_capacity,hydropower,Renewable hydropower,on_grid_plus_off_grid,790.72324,GW,790723.24,MW,Renewable hydropower,reported,2026-04-16,irena-world-capacity-2000-2025.csv
DS-IRENASTAT-CAP26,SRC-IRENASTAT-CAP26,historical,,,,World,GLO,world,2005,installed_capacity,marine_energy,Marine energy,on_grid_plus_off_grid,0.24125,GW,241.25,MW,Marine energy,reported,2026-04-16,irena-world-capacity-2000-2025.csv
DS-IRENASTAT-CAP26,SRC-IRENASTAT-CAP26,historical,,,,World,GLO,world,2005,installed_capacity,nonrenewables_total,Total non-renewable energy,on_grid_plus_off_grid,3105.9727,GW,3105972.7,MW,Total non-renewable energy,reported,2026-04-16,irena-world-capacity-2000-2025.csv
DS-IRENASTAT-CAP26,SRC-IRENASTAT-CAP26,historical,,,,World,GLO,world,2005,installed_capacity,nuclear,Nuclear energy,on_grid_plus_off_grid,377.9735,GW,377973.5,MW,Nuclear energy,reported,2026-04-16,irena-world-capacity-2000-2025.csv
DS-IRENASTAT-CAP26,SRC-IRENASTAT-CAP26,historical,,,,World,GLO,world,2005,installed_capacity,other_nonrenewable,Other non-renewable energy,on_grid_plus_off_grid,4.58255,GW,4582.55,MW,Other non-renewable energy,reported,2026-04-16,irena-world-capacity-2000-2025.csv
DS-IRENASTAT-CAP26,SRC-IRENASTAT-CAP26,historical,,,,World,GLO,world,2005,installed_capacity,other_nonrenewable_nec,Other non-renewable energy n.e.s.,on_grid_plus_off_grid,1.02745,GW,1027.45,MW,Other non-renewable energy n.e.s.,reported,2026-04-16,irena-world-capacity-2000-2025.csv
DS-IRENASTAT-CAP26,SRC-IRENASTAT-CAP26,historical,,,,World,GLO,world,2005,installed_capacity,pumped_hydro_storage,Pumped hydro,on_grid_plus_off_grid,83.26655,GW,83266.55,MW,Pumped hydro,reported,2026-04-16,irena-world-capacity-2000-2025.csv
DS-IRENASTAT-CAP26,SRC-IRENASTAT-CAP26,historical,,,,World,GLO,world,2005,installed_capacity,renewables_total,Total renewable energy,on_grid_plus_off_grid,908.34244,GW,908342.44,MW,Total renewable energy,reported,2026-04-16,irena-world-capacity-2000-2025.csv
DS-IRENASTAT-CAP26,SRC-IRENASTAT-CAP26,historical,,,,World,GLO,world,2005,installed_capacity,solar,Solar energy,on_grid_plus_off_grid,4.92335,GW,4923.35,MW,Solar energy,reported,2026-04-16,irena-world-capacity-2000-2025.csv
DS-IRENASTAT-CAP26,SRC-IRENASTAT-CAP26,historical,,,,World,GLO,world,2005,installed_capacity,wind,Wind energy,on_grid_plus_off_grid,58.4623,GW,58462.3,MW,Wind energy,reported,2026-04-16,irena-world-capacity-2000-2025.csv
DS-IRENASTAT-CAP26,SRC-IRENASTAT-CAP26,historical,,,,World,GLO,world,2006,installed_capacity,bioenergy,Bioenergy,on_grid_plus_off_grid,49.71057,GW,49710.57,MW,Bioenergy,reported,2026-04-16,irena-world-capacity-2000-2025.csv
DS-IRENASTAT-CAP26,SRC-IRENASTAT-CAP26,historical,,,,World,GLO,world,2006,installed_capacity,fossil_fuels_total,Fossil fuels,on_grid_plus_off_grid,2853.89948,GW,2853899.48,MW,Fossil fuels,reported,2026-04-16,irena-world-capacity-2000-2025.csv
DS-IRENASTAT-CAP26,SRC-IRENASTAT-CAP26,historical,,,,World,GLO,world,2006,installed_capacity,geothermal,Geothermal energy,on_grid_plus_off_grid,8.75872,GW,8758.72,MW,Geothermal energy,reported,2026-04-16,irena-world-capacity-2000-2025.csv
DS-IRENASTAT-CAP26,SRC-IRENASTAT-CAP26,historical,,,,World,GLO,world,2006,installed_capacity,hydropower,Renewable hydropower,on_grid_plus_off_grid,811.45232,GW,811452.32,MW,Renewable hydropower,reported,2026-04-16,irena-world-capacity-2000-2025.csv
DS-IRENASTAT-CAP26,SRC-IRENASTAT-CAP26,historical,,,,World,GLO,world,2006,installed_capacity,marine_energy,Marine energy,on_grid_plus_off_grid,0.24025,GW,240.25,MW,Marine energy,reported,2026-04-16,irena-world-capacity-2000-2025.csv
DS-IRENASTAT-CAP26,SRC-IRENASTAT-CAP26,historical,,,,World,GLO,world,2006,installed_capacity,nonrenewables_total,Total non-renewable energy,on_grid_plus_off_grid,3241.46538,GW,3241465.38,MW,Total non-renewable energy,reported,2026-04-16,irena-world-capacity-2000-2025.csv
DS-IRENASTAT-CAP26,SRC-IRENASTAT-CAP26,historical,,,,World,GLO,world,2006,installed_capacity,nuclear,Nuclear energy,on_grid_plus_off_grid,378.5985,GW,378598.5,MW,Nuclear energy,reported,2026-04-16,irena-world-capacity-2000-2025.csv
DS-IRENASTAT-CAP26,SRC-IRENASTAT-CAP26,historical,,,,World,GLO,world,2006,installed_capacity,other_nonrenewable,Other non-renewable energy,on_grid_plus_off_grid,4.7958,GW,4795.8,MW,Other non-renewable energy,reported,2026-04-16,irena-world-capacity-2000-2025.csv
DS-IRENASTAT-CAP26,SRC-IRENASTAT-CAP26,historical,,,,World,GLO,world,2006,installed_capacity,other_nonrenewable_nec,Other non-renewable energy n.e.s.,on_grid_plus_off_grid,1.20645,GW,1206.45,MW,Other non-renewable energy n.e.s.,reported,2026-04-16,irena-world-capacity-2000-2025.csv
DS-IRENASTAT-CAP26,SRC-IRENASTAT-CAP26,historical,,,,World,GLO,world,2006,installed_capacity,pumped_hydro_storage,Pumped hydro,on_grid_plus_off_grid,85.96055,GW,85960.55,MW,Pumped hydro,reported,2026-04-16,irena-world-capacity-2000-2025.csv
DS-IRENASTAT-CAP26,SRC-IRENASTAT-CAP26,historical,,,,World,GLO,world,2006,installed_capacity,renewables_total,Total renewable energy,on_grid_plus_off_grid,949.79092,GW,949790.92,MW,Total renewable energy,reported,2026-04-16,irena-world-capacity-2000-2025.csv
DS-IRENASTAT-CAP26,SRC-IRENASTAT-CAP26,historical,,,,World,GLO,world,2006,installed_capacity,solar,Solar energy,on_grid_plus_off_grid,6.48631,GW,6486.31,MW,Solar energy,reported,2026-04-16,irena-world-capacity-2000-2025.csv
DS-IRENASTAT-CAP26,SRC-IRENASTAT-CAP26,historical,,,,World,GLO,world,2006,installed_capacity,wind,Wind energy,on_grid_plus_off_grid,73.14276,GW,73142.76,MW,Wind energy,reported,2026-04-16,irena-world-capacity-2000-2025.csv
DS-IRENASTAT-CAP26,SRC-IRENASTAT-CAP26,historical,,,,World,GLO,world,2007,installed_capacity,bioenergy,Bioenergy,on_grid_plus_off_grid,52.71014,GW,52710.14,MW,Bioenergy,reported,2026-04-16,irena-world-capacity-2000-2025.csv
DS-IRENASTAT-CAP26,SRC-IRENASTAT-CAP26,historical,,,,World,GLO,world,2007,installed_capacity,fossil_fuels_total,Fossil fuels,on_grid_plus_off_grid,2977.90913,GW,2977909.13,MW,Fossil fuels,reported,2026-04-16,irena-world-capacity-2000-2025.csv
DS-IRENASTAT-CAP26,SRC-IRENASTAT-CAP26,historical,,,,World,GLO,world,2007,installed_capacity,geothermal,Geothermal energy,on_grid_plus_off_grid,9.01274,GW,9012.74,MW,Geothermal energy,reported,2026-04-16,irena-world-capacity-2000-2025.csv
DS-IRENASTAT-CAP26,SRC-IRENASTAT-CAP26,historical,,,,World,GLO,world,2007,installed_capacity,hydropower,Renewable hydropower,on_grid_plus_off_grid,836.79893,GW,836798.93,MW,Renewable hydropower,reported,2026-04-16,irena-world-capacity-2000-2025.csv
DS-IRENASTAT-CAP26,SRC-IRENASTAT-CAP26,historical,,,,World,GLO,world,2007,installed_capacity,marine_energy,Marine energy,on_grid_plus_off_grid,0.24255,GW,242.55,MW,Marine energy,reported,2026-04-16,irena-world-capacity-2000-2025.csv
DS-IRENASTAT-CAP26,SRC-IRENASTAT-CAP26,historical,,,,World,GLO,world,2007,installed_capacity,nonrenewables_total,Total non-renewable energy,on_grid_plus_off_grid,3366.5808,GW,3366580.8,MW,Total non-renewable energy,reported,2026-04-16,irena-world-capacity-2000-2025.csv
DS-IRENASTAT-CAP26,SRC-IRENASTAT-CAP26,historical,,,,World,GLO,world,2007,installed_capacity,nuclear,Nuclear energy,on_grid_plus_off_grid,379.7825,GW,379782.5,MW,Nuclear energy,reported,2026-04-16,irena-world-capacity-2000-2025.csv
DS-IRENASTAT-CAP26,SRC-IRENASTAT-CAP26,historical,,,,World,GLO,world,2007,installed_capacity,other_nonrenewable,Other non-renewable energy,on_grid_plus_off_grid,4.65359,GW,4653.59,MW,Other non-renewable energy,reported,2026-04-16,irena-world-capacity-2000-2025.csv
DS-IRENASTAT-CAP26,SRC-IRENASTAT-CAP26,historical,,,,World,GLO,world,2007,installed_capacity,other_nonrenewable_nec,Other non-renewable energy n.e.s.,on_grid_plus_off_grid,0.95745,GW,957.45,MW,Other non-renewable energy n.e.s.,reported,2026-04-16,irena-world-capacity-2000-2025.csv
DS-IRENASTAT-CAP26,SRC-IRENASTAT-CAP26,historical,,,,World,GLO,world,2007,installed_capacity,pumped_hydro_storage,Pumped hydro,on_grid_plus_off_grid,90.13955,GW,90139.55,MW,Pumped hydro,reported,2026-04-16,irena-world-capacity-2000-2025.csv
DS-IRENASTAT-CAP26,SRC-IRENASTAT-CAP26,historical,,,,World,GLO,world,2007,installed_capacity,renewables_total,Total renewable energy,on_grid_plus_off_grid,999.23577,GW,999235.77,MW,Total renewable energy,reported,2026-04-16,irena-world-capacity-2000-2025.csv
DS-IRENASTAT-CAP26,SRC-IRENASTAT-CAP26,historical,,,,World,GLO,world,2007,installed_capacity,solar,Solar energy,on_grid_plus_off_grid,8.95559,GW,8955.59,MW,Solar energy,reported,2026-04-16,irena-world-capacity-2000-2025.csv
DS-IRENASTAT-CAP26,SRC-IRENASTAT-CAP26,historical,,,,World,GLO,world,2007,installed_capacity,wind,Wind energy,on_grid_plus_off_grid,91.51582,GW,91515.82,MW,Wind energy,reported,2026-04-16,irena-world-capacity-2000-2025.csv
DS-IRENASTAT-CAP26,SRC-IRENASTAT-CAP26,historical,,,,World,GLO,world,2008,installed_capacity,bioenergy,Bioenergy,on_grid_plus_off_grid,56.13898,GW,56138.98,MW,Bioenergy,reported,2026-04-16,irena-world-capacity-2000-2025.csv
DS-IRENASTAT-CAP26,SRC-IRENASTAT-CAP26,historical,,,,World,GLO,world,2008,installed_capacity,fossil_fuels_total,Fossil fuels,on_grid_plus_off_grid,3079.43585,GW,3079435.85,MW,Fossil fuels,reported,2026-04-16,irena-world-capacity-2000-2025.csv
DS-IRENASTAT-CAP26,SRC-IRENASTAT-CAP26,historical,,,,World,GLO,world,2008,installed_capacity,geothermal,Geothermal energy,on_grid_plus_off_grid,9.31902,GW,9319.02,MW,Geothermal energy,reported,2026-04-16,irena-world-capacity-2000-2025.csv
DS-IRENASTAT-CAP26,SRC-IRENASTAT-CAP26,historical,,,,World,GLO,world,2008,installed_capacity,hydropower,Renewable hydropower,on_grid_plus_off_grid,865.91989,GW,865919.89,MW,Renewable hydropower,reported,2026-04-16,irena-world-capacity-2000-2025.csv
DS-IRENASTAT-CAP26,SRC-IRENASTAT-CAP26,historical,,,,World,GLO,world,2008,installed_capacity,marine_energy,Marine energy,on_grid_plus_off_grid,0.24555,GW,245.55,MW,Marine energy,reported,2026-04-16,irena-world-capacity-2000-2025.csv
DS-IRENASTAT-CAP26,SRC-IRENASTAT-CAP26,historical,,,,World,GLO,world,2008,installed_capacity,nonrenewables_total,Total non-renewable energy,on_grid_plus_off_grid,3467.16947,GW,3467169.47,MW,Total non-renewable energy,reported,2026-04-16,irena-world-capacity-2000-2025.csv
DS-IRENASTAT-CAP26,SRC-IRENASTAT-CAP26,historical,,,,World,GLO,world,2008,installed_capacity,nuclear,Nuclear energy,on_grid_plus_off_grid,378.6017,GW,378601.7,MW,Nuclear energy,reported,2026-04-16,irena-world-capacity-2000-2025.csv
DS-IRENASTAT-CAP26,SRC-IRENASTAT-CAP26,historical,,,,World,GLO,world,2008,installed_capacity,other_nonrenewable,Other non-renewable energy,on_grid_plus_off_grid,4.9112,GW,4911.2,MW,Other non-renewable energy,reported,2026-04-16,irena-world-capacity-2000-2025.csv
DS-IRENASTAT-CAP26,SRC-IRENASTAT-CAP26,historical,,,,World,GLO,world,2008,installed_capacity,other_nonrenewable_nec,Other non-renewable energy n.e.s.,on_grid_plus_off_grid,0.96445,GW,964.45,MW,Other non-renewable energy n.e.s.,reported,2026-04-16,irena-world-capacity-2000-2025.csv
DS-IRENASTAT-CAP26,SRC-IRENASTAT-CAP26,historical,,,,World,GLO,world,2008,installed_capacity,pumped_hydro_storage,Pumped hydro,on_grid_plus_off_grid,91.92655,GW,91926.55,MW,Pumped hydro,reported,2026-04-16,irena-world-capacity-2000-2025.csv
DS-IRENASTAT-CAP26,SRC-IRENASTAT-CAP26,historical,,,,World,GLO,world,2008,installed_capacity,renewables_total,Total renewable energy,on_grid_plus_off_grid,1062.32686,GW,1062326.86,MW,Total renewable energy,reported,2026-04-16,irena-world-capacity-2000-2025.csv
DS-IRENASTAT-CAP26,SRC-IRENASTAT-CAP26,historical,,,,World,GLO,world,2008,installed_capacity,solar,Solar energy,on_grid_plus_off_grid,15.22864,GW,15228.64,MW,Solar energy,reported,2026-04-16,irena-world-capacity-2000-2025.csv
DS-IRENASTAT-CAP26,SRC-IRENASTAT-CAP26,historical,,,,World,GLO,world,2008,installed_capacity,wind,Wind energy,on_grid_plus_off_grid,115.4748,GW,115474.8,MW,Wind energy,reported,2026-04-16,irena-world-capacity-2000-2025.csv
DS-IRENASTAT-CAP26,SRC-IRENASTAT-CAP26,historical,,,,World,GLO,world,2009,installed_capacity,bioenergy,Bioenergy,on_grid_plus_off_grid,63.87709,GW,63877.09,MW,Bioenergy,reported,2026-04-16,irena-world-capacity-2000-2025.csv
DS-IRENASTAT-CAP26,SRC-IRENASTAT-CAP26,historical,,,,World,GLO,world,2009,installed_capacity,fossil_fuels_total,Fossil fuels,on_grid_plus_off_grid,3195.29299,GW,3195292.99,MW,Fossil fuels,reported,2026-04-16,irena-world-capacity-2000-2025.csv
DS-IRENASTAT-CAP26,SRC-IRENASTAT-CAP26,historical,,,,World,GLO,world,2009,installed_capacity,geothermal,Geothermal energy,on_grid_plus_off_grid,9.75442,GW,9754.42,MW,Geothermal energy,reported,2026-04-16,irena-world-capacity-2000-2025.csv
DS-IRENASTAT-CAP26,SRC-IRENASTAT-CAP26,historical,,,,World,GLO,world,2009,installed_capacity,hydropower,Renewable hydropower,on_grid_plus_off_grid,895.88195,GW,895881.95,MW,Renewable hydropower,reported,2026-04-16,irena-world-capacity-2000-2025.csv
DS-IRENASTAT-CAP26,SRC-IRENASTAT-CAP26,historical,,,,World,GLO,world,2009,installed_capacity,marine_energy,Marine energy,on_grid_plus_off_grid,0.24455,GW,244.55,MW,Marine energy,reported,2026-04-16,irena-world-capacity-2000-2025.csv
DS-IRENASTAT-CAP26,SRC-IRENASTAT-CAP26,historical,,,,World,GLO,world,2009,installed_capacity,nonrenewables_total,Total non-renewable energy,on_grid_plus_off_grid,3584.79162,GW,3584791.62,MW,Total non-renewable energy,reported,2026-04-16,irena-world-capacity-2000-2025.csv
DS-IRENASTAT-CAP26,SRC-IRENASTAT-CAP26,historical,,,,World,GLO,world,2009,installed_capacity,nuclear,Nuclear energy,on_grid_plus_off_grid,379.9477,GW,379947.7,MW,Nuclear energy,reported,2026-04-16,irena-world-capacity-2000-2025.csv
DS-IRENASTAT-CAP26,SRC-IRENASTAT-CAP26,historical,,,,World,GLO,world,2009,installed_capacity,other_nonrenewable,Other non-renewable energy,on_grid_plus_off_grid,4.92044,GW,4920.44,MW,Other non-renewable energy,reported,2026-04-16,irena-world-capacity-2000-2025.csv
DS-IRENASTAT-CAP26,SRC-IRENASTAT-CAP26,historical,,,,World,GLO,world,2009,installed_capacity,other_nonrenewable_nec,Other non-renewable energy n.e.s.,on_grid_plus_off_grid,0.9928,GW,992.8,MW,Other non-renewable energy n.e.s.,reported,2026-04-16,irena-world-capacity-2000-2025.csv
DS-IRENASTAT-CAP26,SRC-IRENASTAT-CAP26,historical,,,,World,GLO,world,2009,installed_capacity,pumped_hydro_storage,Pumped hydro,on_grid_plus_off_grid,96.55005,GW,96550.05,MW,Pumped hydro,reported,2026-04-16,irena-world-capacity-2000-2025.csv
DS-IRENASTAT-CAP26,SRC-IRENASTAT-CAP26,historical,,,,World,GLO,world,2009,installed_capacity,renewables_total,Total renewable energy,on_grid_plus_off_grid,1143.40575,GW,1143405.75,MW,Total renewable energy,reported,2026-04-16,irena-world-capacity-2000-2025.csv
DS-IRENASTAT-CAP26,SRC-IRENASTAT-CAP26,historical,,,,World,GLO,world,2009,installed_capacity,solar,Solar energy,on_grid_plus_off_grid,23.54386,GW,23543.86,MW,Solar energy,reported,2026-04-16,irena-world-capacity-2000-2025.csv
DS-IRENASTAT-CAP26,SRC-IRENASTAT-CAP26,historical,,,,World,GLO,world,2009,installed_capacity,wind,Wind energy,on_grid_plus_off_grid,150.1039,GW,150103.9,MW,Wind energy,reported,2026-04-16,irena-world-capacity-2000-2025.csv
DS-IRENASTAT-CAP26,SRC-IRENASTAT-CAP26,historical,,,,World,GLO,world,2010,installed_capacity,bioenergy,Bioenergy,on_grid_plus_off_grid,68.15201,GW,68152.01,MW,Bioenergy,reported,2026-04-16,irena-world-capacity-2000-2025.csv
DS-IRENASTAT-CAP26,SRC-IRENASTAT-CAP26,historical,,,,World,GLO,world,2010,installed_capacity,fossil_fuels_total,Fossil fuels,on_grid_plus_off_grid,3341.41875,GW,3341418.75,MW,Fossil fuels,reported,2026-04-16,irena-world-capacity-2000-2025.csv
DS-IRENASTAT-CAP26,SRC-IRENASTAT-CAP26,historical,,,,World,GLO,world,2010,installed_capacity,geothermal,Geothermal energy,on_grid_plus_off_grid,9.91472,GW,9914.72,MW,Geothermal energy,reported,2026-04-16,irena-world-capacity-2000-2025.csv
DS-IRENASTAT-CAP26,SRC-IRENASTAT-CAP26,historical,,,,World,GLO,world,2010,installed_capacity,hydropower,Renewable hydropower,on_grid_plus_off_grid,925.7531,GW,925753.1,MW,Renewable hydropower,reported,2026-04-16,irena-world-capacity-2000-2025.csv
DS-IRENASTAT-CAP26,SRC-IRENASTAT-CAP26,historical,,,,World,GLO,world,2010,installed_capacity,marine_energy,Marine energy,on_grid_plus_off_grid,0.2499,GW,249.9,MW,Marine energy,reported,2026-04-16,irena-world-capacity-2000-2025.csv
DS-IRENASTAT-CAP26,SRC-IRENASTAT-CAP26,historical,,,,World,GLO,world,2010,installed_capacity,nonrenewables_total,Total non-renewable energy,on_grid_plus_off_grid,3734.15475,GW,3734154.75,MW,Total non-renewable energy,reported,2026-04-16,irena-world-capacity-2000-2025.csv
DS-IRENASTAT-CAP26,SRC-IRENASTAT-CAP26,historical,,,,World,GLO,world,2010,installed_capacity,nuclear,Nuclear energy,on_grid_plus_off_grid,381.6935,GW,381693.5,MW,Nuclear energy,reported,2026-04-16,irena-world-capacity-2000-2025.csv
DS-IRENASTAT-CAP26,SRC-IRENASTAT-CAP26,historical,,,,World,GLO,world,2010,installed_capacity,other_nonrenewable,Other non-renewable energy,on_grid_plus_off_grid,6.12835,GW,6128.35,MW,Other non-renewable energy,reported,2026-04-16,irena-world-capacity-2000-2025.csv
DS-IRENASTAT-CAP26,SRC-IRENASTAT-CAP26,historical,,,,World,GLO,world,2010,installed_capacity,other_nonrenewable_nec,Other non-renewable energy n.e.s.,on_grid_plus_off_grid,0.9928,GW,992.8,MW,Other non-renewable energy n.e.s.,reported,2026-04-16,irena-world-capacity-2000-2025.csv
DS-IRENASTAT-CAP26,SRC-IRENASTAT-CAP26,historical,,,,World,GLO,world,2010,installed_capacity,pumped_hydro_storage,Pumped hydro,on_grid_plus_off_grid,100.05205,GW,100052.05,MW,Pumped hydro,reported,2026-04-16,irena-world-capacity-2000-2025.csv
DS-IRENASTAT-CAP26,SRC-IRENASTAT-CAP26,historical,,,,World,GLO,world,2010,installed_capacity,renewables_total,Total renewable energy,on_grid_plus_off_grid,1226.28044,GW,1226280.44,MW,Total renewable energy,reported,2026-04-16,irena-world-capacity-2000-2025.csv
DS-IRENASTAT-CAP26,SRC-IRENASTAT-CAP26,historical,,,,World,GLO,world,2010,installed_capacity,solar,Solar energy,on_grid_plus_off_grid,41.37079,GW,41370.79,MW,Solar energy,reported,2026-04-16,irena-world-capacity-2000-2025.csv
DS-IRENASTAT-CAP26,SRC-IRENASTAT-CAP26,historical,,,,World,GLO,world,2010,installed_capacity,wind,Wind energy,on_grid_plus_off_grid,180.83995,GW,180839.95,MW,Wind energy,reported,2026-04-16,irena-world-capacity-2000-2025.csv
DS-IRENASTAT-CAP26,SRC-IRENASTAT-CAP26,historical,,,,World,GLO,world,2011,installed_capacity,bioenergy,Bioenergy,on_grid_plus_off_grid,74.3784,GW,74378.4,MW,Bioenergy,reported,2026-04-16,irena-world-capacity-2000-2025.csv
DS-IRENASTAT-CAP26,SRC-IRENASTAT-CAP26,historical,,,,World,GLO,world,2011,installed_capacity,fossil_fuels_total,Fossil fuels,on_grid_plus_off_grid,3463.42688,GW,3463426.88,MW,Fossil fuels,reported,2026-04-16,irena-world-capacity-2000-2025.csv
DS-IRENASTAT-CAP26,SRC-IRENASTAT-CAP26,historical,,,,World,GLO,world,2011,installed_capacity,geothermal,Geothermal energy,on_grid_plus_off_grid,10.05847,GW,10058.47,MW,Geothermal energy,reported,2026-04-16,irena-world-capacity-2000-2025.csv
DS-IRENASTAT-CAP26,SRC-IRENASTAT-CAP26,historical,,,,World,GLO,world,2011,installed_capacity,hydropower,Renewable hydropower,on_grid_plus_off_grid,953.70982,GW,953709.82,MW,Renewable hydropower,reported,2026-04-16,irena-world-capacity-2000-2025.csv
DS-IRENASTAT-CAP26,SRC-IRENASTAT-CAP26,historical,,,,World,GLO,world,2011,installed_capacity,marine_energy,Marine energy,on_grid_plus_off_grid,0.24793,GW,247.93,MW,Marine energy,reported,2026-04-16,irena-world-capacity-2000-2025.csv
DS-IRENASTAT-CAP26,SRC-IRENASTAT-CAP26,historical,,,,World,GLO,world,2011,installed_capacity,nonrenewables_total,Total non-renewable energy,on_grid_plus_off_grid,3861.39308,GW,3861393.08,MW,Total non-renewable energy,reported,2026-04-16,irena-world-capacity-2000-2025.csv
DS-IRENASTAT-CAP26,SRC-IRENASTAT-CAP26,historical,,,,World,GLO,world,2011,installed_capacity,nuclear,Nuclear energy,on_grid_plus_off_grid,386.4175,GW,386417.5,MW,Nuclear energy,reported,2026-04-16,irena-world-capacity-2000-2025.csv
DS-IRENASTAT-CAP26,SRC-IRENASTAT-CAP26,historical,,,,World,GLO,world,2011,installed_capacity,other_nonrenewable,Other non-renewable energy,on_grid_plus_off_grid,6.41554,GW,6415.54,MW,Other non-renewable energy,reported,2026-04-16,irena-world-capacity-2000-2025.csv
DS-IRENASTAT-CAP26,SRC-IRENASTAT-CAP26,historical,,,,World,GLO,world,2011,installed_capacity,other_nonrenewable_nec,Other non-renewable energy n.e.s.,on_grid_plus_off_grid,1.0018,GW,1001.8,MW,Other non-renewable energy n.e.s.,reported,2026-04-16,irena-world-capacity-2000-2025.csv
DS-IRENASTAT-CAP26,SRC-IRENASTAT-CAP26,historical,,,,World,GLO,world,2011,installed_capacity,pumped_hydro_storage,Pumped hydro,on_grid_plus_off_grid,103.27321,GW,103273.21,MW,Pumped hydro,reported,2026-04-16,irena-world-capacity-2000-2025.csv
DS-IRENASTAT-CAP26,SRC-IRENASTAT-CAP26,historical,,,,World,GLO,world,2011,installed_capacity,renewables_total,Total renewable energy,on_grid_plus_off_grid,1331.07042,GW,1331070.42,MW,Total renewable energy,reported,2026-04-16,irena-world-capacity-2000-2025.csv
DS-IRENASTAT-CAP26,SRC-IRENASTAT-CAP26,historical,,,,World,GLO,world,2011,installed_capacity,solar,Solar energy,on_grid_plus_off_grid,72.49821,GW,72498.21,MW,Solar energy,reported,2026-04-16,irena-world-capacity-2000-2025.csv
DS-IRENASTAT-CAP26,SRC-IRENASTAT-CAP26,historical,,,,World,GLO,world,2011,installed_capacity,wind,Wind energy,on_grid_plus_off_grid,220.1776,GW,220177.6,MW,Wind energy,reported,2026-04-16,irena-world-capacity-2000-2025.csv
DS-IRENASTAT-CAP26,SRC-IRENASTAT-CAP26,historical,,,,World,GLO,world,2012,installed_capacity,bioenergy,Bioenergy,on_grid_plus_off_grid,78.3197,GW,78319.7,MW,Bioenergy,reported,2026-04-16,irena-world-capacity-2000-2025.csv
DS-IRENASTAT-CAP26,SRC-IRENASTAT-CAP26,historical,,,,World,GLO,world,2012,installed_capacity,fossil_fuels_total,Fossil fuels,on_grid_plus_off_grid,3580.96989,GW,3580969.89,MW,Fossil fuels,reported,2026-04-16,irena-world-capacity-2000-2025.csv
DS-IRENASTAT-CAP26,SRC-IRENASTAT-CAP26,historical,,,,World,GLO,world,2012,installed_capacity,geothermal,Geothermal energy,on_grid_plus_off_grid,10.51757,GW,10517.57,MW,Geothermal energy,reported,2026-04-16,irena-world-capacity-2000-2025.csv
DS-IRENASTAT-CAP26,SRC-IRENASTAT-CAP26,historical,,,,World,GLO,world,2012,installed_capacity,hydropower,Renewable hydropower,on_grid_plus_off_grid,987.23402,GW,987234.02,MW,Renewable hydropower,reported,2026-04-16,irena-world-capacity-2000-2025.csv
DS-IRENASTAT-CAP26,SRC-IRENASTAT-CAP26,historical,,,,World,GLO,world,2012,installed_capacity,marine_energy,Marine energy,on_grid_plus_off_grid,0.25466,GW,254.66,MW,Marine energy,reported,2026-04-16,irena-world-capacity-2000-2025.csv
DS-IRENASTAT-CAP26,SRC-IRENASTAT-CAP26,historical,,,,World,GLO,world,2012,installed_capacity,nonrenewables_total,Total non-renewable energy,on_grid_plus_off_grid,3972.7364,GW,3972736.4,MW,Total non-renewable energy,reported,2026-04-16,irena-world-capacity-2000-2025.csv
DS-IRENASTAT-CAP26,SRC-IRENASTAT-CAP26,historical,,,,World,GLO,world,2012,installed_capacity,nuclear,Nuclear energy,on_grid_plus_off_grid,378.8767,GW,378876.7,MW,Nuclear energy,reported,2026-04-16,irena-world-capacity-2000-2025.csv
DS-IRENASTAT-CAP26,SRC-IRENASTAT-CAP26,historical,,,,World,GLO,world,2012,installed_capacity,other_nonrenewable,Other non-renewable energy,on_grid_plus_off_grid,7.47018,GW,7470.18,MW,Other non-renewable energy,reported,2026-04-16,irena-world-capacity-2000-2025.csv
DS-IRENASTAT-CAP26,SRC-IRENASTAT-CAP26,historical,,,,World,GLO,world,2012,installed_capacity,other_nonrenewable_nec,Other non-renewable energy n.e.s.,on_grid_plus_off_grid,0.8818,GW,881.8,MW,Other non-renewable energy n.e.s.,reported,2026-04-16,irena-world-capacity-2000-2025.csv
DS-IRENASTAT-CAP26,SRC-IRENASTAT-CAP26,historical,,,,World,GLO,world,2012,installed_capacity,pumped_hydro_storage,Pumped hydro,on_grid_plus_off_grid,105.60529,GW,105605.29,MW,Pumped hydro,reported,2026-04-16,irena-world-capacity-2000-2025.csv
DS-IRENASTAT-CAP26,SRC-IRENASTAT-CAP26,historical,,,,World,GLO,world,2012,installed_capacity,renewables_total,Total renewable energy,on_grid_plus_off_grid,1445.85171,GW,1445851.71,MW,Total renewable energy,reported,2026-04-16,irena-world-capacity-2000-2025.csv
DS-IRENASTAT-CAP26,SRC-IRENASTAT-CAP26,historical,,,,World,GLO,world,2012,installed_capacity,solar,Solar energy,on_grid_plus_off_grid,102.58845,GW,102588.45,MW,Solar energy,reported,2026-04-16,irena-world-capacity-2000-2025.csv
DS-IRENASTAT-CAP26,SRC-IRENASTAT-CAP26,historical,,,,World,GLO,world,2012,installed_capacity,wind,Wind energy,on_grid_plus_off_grid,266.93733,GW,266937.33,MW,Wind energy,reported,2026-04-16,irena-world-capacity-2000-2025.csv
DS-IRENASTAT-CAP26,SRC-IRENASTAT-CAP26,historical,,,,World,GLO,world,2013,installed_capacity,bioenergy,Bioenergy,on_grid_plus_off_grid,84.93275,GW,84932.75,MW,Bioenergy,reported,2026-04-16,irena-world-capacity-2000-2025.csv
DS-IRENASTAT-CAP26,SRC-IRENASTAT-CAP26,historical,,,,World,GLO,world,2013,installed_capacity,fossil_fuels_total,Fossil fuels,on_grid_plus_off_grid,3686.43559,GW,3686435.59,MW,Fossil fuels,reported,2026-04-16,irena-world-capacity-2000-2025.csv
DS-IRENASTAT-CAP26,SRC-IRENASTAT-CAP26,historical,,,,World,GLO,world,2013,installed_capacity,geothermal,Geothermal energy,on_grid_plus_off_grid,10.78637,GW,10786.37,MW,Geothermal energy,reported,2026-04-16,irena-world-capacity-2000-2025.csv
DS-IRENASTAT-CAP26,SRC-IRENASTAT-CAP26,historical,,,,World,GLO,world,2013,installed_capacity,hydropower,Renewable hydropower,on_grid_plus_off_grid,1034.31744,GW,1034317.44,MW,Renewable hydropower,reported,2026-04-16,irena-world-capacity-2000-2025.csv
DS-IRENASTAT-CAP26,SRC-IRENASTAT-CAP26,historical,,,,World,GLO,world,2013,installed_capacity,marine_energy,Marine energy,on_grid_plus_off_grid,0.51446,GW,514.46,MW,Marine energy,reported,2026-04-16,irena-world-capacity-2000-2025.csv
DS-IRENASTAT-CAP26,SRC-IRENASTAT-CAP26,historical,,,,World,GLO,world,2013,installed_capacity,nonrenewables_total,Total non-renewable energy,on_grid_plus_off_grid,4077.56117,GW,4077561.17,MW,Total non-renewable energy,reported,2026-04-16,irena-world-capacity-2000-2025.csv
DS-IRENASTAT-CAP26,SRC-IRENASTAT-CAP26,historical,,,,World,GLO,world,2013,installed_capacity,nuclear,Nuclear energy,on_grid_plus_off_grid,376.8765,GW,376876.5,MW,Nuclear energy,reported,2026-04-16,irena-world-capacity-2000-2025.csv
DS-IRENASTAT-CAP26,SRC-IRENASTAT-CAP26,historical,,,,World,GLO,world,2013,installed_capacity,other_nonrenewable,Other non-renewable energy,on_grid_plus_off_grid,8.80933,GW,8809.33,MW,Other non-renewable energy,reported,2026-04-16,irena-world-capacity-2000-2025.csv
DS-IRENASTAT-CAP26,SRC-IRENASTAT-CAP26,historical,,,,World,GLO,world,2013,installed_capacity,other_nonrenewable_nec,Other non-renewable energy n.e.s.,on_grid_plus_off_grid,0.9828,GW,982.8,MW,Other non-renewable energy n.e.s.,reported,2026-04-16,irena-world-capacity-2000-2025.csv
DS-IRENASTAT-CAP26,SRC-IRENASTAT-CAP26,historical,,,,World,GLO,world,2013,installed_capacity,pumped_hydro_storage,Pumped hydro,on_grid_plus_off_grid,107.72924,GW,107729.24,MW,Pumped hydro,reported,2026-04-16,irena-world-capacity-2000-2025.csv
DS-IRENASTAT-CAP26,SRC-IRENASTAT-CAP26,historical,,,,World,GLO,world,2013,installed_capacity,renewables_total,Total renewable energy,on_grid_plus_off_grid,1569.71588,GW,1569715.88,MW,Total renewable energy,reported,2026-04-16,irena-world-capacity-2000-2025.csv
DS-IRENASTAT-CAP26,SRC-IRENASTAT-CAP26,historical,,,,World,GLO,world,2013,installed_capacity,solar,Solar energy,on_grid_plus_off_grid,139.40692,GW,139406.92,MW,Solar energy,reported,2026-04-16,irena-world-capacity-2000-2025.csv
DS-IRENASTAT-CAP26,SRC-IRENASTAT-CAP26,historical,,,,World,GLO,world,2013,installed_capacity,wind,Wind energy,on_grid_plus_off_grid,299.75796,GW,299757.96,MW,Wind energy,reported,2026-04-16,irena-world-capacity-2000-2025.csv
DS-IRENASTAT-CAP26,SRC-IRENASTAT-CAP26,historical,,,,World,GLO,world,2014,installed_capacity,bioenergy,Bioenergy,on_grid_plus_off_grid,89.84395,GW,89843.95,MW,Bioenergy,reported,2026-04-16,irena-world-capacity-2000-2025.csv
DS-IRENASTAT-CAP26,SRC-IRENASTAT-CAP26,historical,,,,World,GLO,world,2014,installed_capacity,fossil_fuels_total,Fossil fuels,on_grid_plus_off_grid,3812.91515,GW,3812915.15,MW,Fossil fuels,reported,2026-04-16,irena-world-capacity-2000-2025.csv
DS-IRENASTAT-CAP26,SRC-IRENASTAT-CAP26,historical,,,,World,GLO,world,2014,installed_capacity,geothermal,Geothermal energy,on_grid_plus_off_grid,11.24442,GW,11244.42,MW,Geothermal energy,reported,2026-04-16,irena-world-capacity-2000-2025.csv
DS-IRENASTAT-CAP26,SRC-IRENASTAT-CAP26,historical,,,,World,GLO,world,2014,installed_capacity,hydropower,Renewable hydropower,on_grid_plus_off_grid,1069.97117,GW,1069971.17,MW,Renewable hydropower,reported,2026-04-16,irena-world-capacity-2000-2025.csv
DS-IRENASTAT-CAP26,SRC-IRENASTAT-CAP26,historical,,,,World,GLO,world,2014,installed_capacity,marine_energy,Marine energy,on_grid_plus_off_grid,0.51728,GW,517.28,MW,Marine energy,reported,2026-04-16,irena-world-capacity-2000-2025.csv
DS-IRENASTAT-CAP26,SRC-IRENASTAT-CAP26,historical,,,,World,GLO,world,2014,installed_capacity,nonrenewables_total,Total non-renewable energy,on_grid_plus_off_grid,4212.67718,GW,4212677.180000001,MW,Total non-renewable energy,reported,2026-04-16,irena-world-capacity-2000-2025.csv
DS-IRENASTAT-CAP26,SRC-IRENASTAT-CAP26,historical,,,,World,GLO,world,2014,installed_capacity,nuclear,Nuclear energy,on_grid_plus_off_grid,384.7945,GW,384794.5,MW,Nuclear energy,reported,2026-04-16,irena-world-capacity-2000-2025.csv
DS-IRENASTAT-CAP26,SRC-IRENASTAT-CAP26,historical,,,,World,GLO,world,2014,installed_capacity,other_nonrenewable,Other non-renewable energy,on_grid_plus_off_grid,9.69133,GW,9691.33,MW,Other non-renewable energy,reported,2026-04-16,irena-world-capacity-2000-2025.csv
DS-IRENASTAT-CAP26,SRC-IRENASTAT-CAP26,historical,,,,World,GLO,world,2014,installed_capacity,other_nonrenewable_nec,Other non-renewable energy n.e.s.,on_grid_plus_off_grid,1.0498,GW,1049.8,MW,Other non-renewable energy n.e.s.,reported,2026-04-16,irena-world-capacity-2000-2025.csv
DS-IRENASTAT-CAP26,SRC-IRENASTAT-CAP26,historical,,,,World,GLO,world,2014,installed_capacity,pumped_hydro_storage,Pumped hydro,on_grid_plus_off_grid,109.47074,GW,109470.74,MW,Pumped hydro,reported,2026-04-16,irena-world-capacity-2000-2025.csv
DS-IRENASTAT-CAP26,SRC-IRENASTAT-CAP26,historical,,,,World,GLO,world,2014,installed_capacity,renewables_total,Total renewable energy,on_grid_plus_off_grid,1699.60254,GW,1699602.54,MW,Total renewable energy,reported,2026-04-16,irena-world-capacity-2000-2025.csv
DS-IRENASTAT-CAP26,SRC-IRENASTAT-CAP26,historical,,,,World,GLO,world,2014,installed_capacity,solar,Solar energy,on_grid_plus_off_grid,178.53251,GW,178532.51,MW,Solar energy,reported,2026-04-16,irena-world-capacity-2000-2025.csv
DS-IRENASTAT-CAP26,SRC-IRENASTAT-CAP26,historical,,,,World,GLO,world,2014,installed_capacity,wind,Wind energy,on_grid_plus_off_grid,349.49321,GW,349493.21,MW,Wind energy,reported,2026-04-16,irena-world-capacity-2000-2025.csv
DS-IRENASTAT-CAP26,SRC-IRENASTAT-CAP26,historical,,,,World,GLO,world,2015,installed_capacity,bioenergy,Bioenergy,on_grid_plus_off_grid,95.44395,GW,95443.95,MW,Bioenergy,reported,2026-04-16,irena-world-capacity-2000-2025.csv
DS-IRENASTAT-CAP26,SRC-IRENASTAT-CAP26,historical,,,,World,GLO,world,2015,installed_capacity,fossil_fuels_total,Fossil fuels,on_grid_plus_off_grid,3911.35867,GW,3911358.67,MW,Fossil fuels,reported,2026-04-16,irena-world-capacity-2000-2025.csv
DS-IRENASTAT-CAP26,SRC-IRENASTAT-CAP26,historical,,,,World,GLO,world,2015,installed_capacity,geothermal,Geothermal energy,on_grid_plus_off_grid,11.84347,GW,11843.47,MW,Geothermal energy,reported,2026-04-16,irena-world-capacity-2000-2025.csv
DS-IRENASTAT-CAP26,SRC-IRENASTAT-CAP26,historical,,,,World,GLO,world,2015,installed_capacity,hydropower,Renewable hydropower,on_grid_plus_off_grid,1101.85008,GW,1101850.08,MW,Renewable hydropower,reported,2026-04-16,irena-world-capacity-2000-2025.csv
DS-IRENASTAT-CAP26,SRC-IRENASTAT-CAP26,historical,,,,World,GLO,world,2015,installed_capacity,marine_energy,Marine energy,on_grid_plus_off_grid,0.51779,GW,517.79,MW,Marine energy,reported,2026-04-16,irena-world-capacity-2000-2025.csv
DS-IRENASTAT-CAP26,SRC-IRENASTAT-CAP26,historical,,,,World,GLO,world,2015,installed_capacity,nonrenewables_total,Total non-renewable energy,on_grid_plus_off_grid,4316.63997,GW,4316639.970000001,MW,Total non-renewable energy,reported,2026-04-16,irena-world-capacity-2000-2025.csv
DS-IRENASTAT-CAP26,SRC-IRENASTAT-CAP26,historical,,,,World,GLO,world,2015,installed_capacity,nuclear,Nuclear energy,on_grid_plus_off_grid,390.2805,GW,390280.5,MW,Nuclear energy,reported,2026-04-16,irena-world-capacity-2000-2025.csv
DS-IRENASTAT-CAP26,SRC-IRENASTAT-CAP26,historical,,,,World,GLO,world,2015,installed_capacity,other_nonrenewable,Other non-renewable energy,on_grid_plus_off_grid,9.55397,GW,9553.97,MW,Other non-renewable energy,reported,2026-04-16,irena-world-capacity-2000-2025.csv
DS-IRENASTAT-CAP26,SRC-IRENASTAT-CAP26,historical,,,,World,GLO,world,2015,installed_capacity,other_nonrenewable_nec,Other non-renewable energy n.e.s.,on_grid_plus_off_grid,1.3871,GW,1387.1,MW,Other non-renewable energy n.e.s.,reported,2026-04-16,irena-world-capacity-2000-2025.csv
DS-IRENASTAT-CAP26,SRC-IRENASTAT-CAP26,historical,,,,World,GLO,world,2015,installed_capacity,pumped_hydro_storage,Pumped hydro,on_grid_plus_off_grid,111.90174,GW,111901.74,MW,Pumped hydro,reported,2026-04-16,irena-world-capacity-2000-2025.csv
DS-IRENASTAT-CAP26,SRC-IRENASTAT-CAP26,historical,,,,World,GLO,world,2015,installed_capacity,renewables_total,Total renewable energy,on_grid_plus_off_grid,1852.34879,GW,1852348.79,MW,Total renewable energy,reported,2026-04-16,irena-world-capacity-2000-2025.csv
DS-IRENASTAT-CAP26,SRC-IRENASTAT-CAP26,historical,,,,World,GLO,world,2015,installed_capacity,solar,Solar energy,on_grid_plus_off_grid,226.30913,GW,226309.13,MW,Solar energy,reported,2026-04-16,irena-world-capacity-2000-2025.csv
DS-IRENASTAT-CAP26,SRC-IRENASTAT-CAP26,historical,,,,World,GLO,world,2015,installed_capacity,wind,Wind energy,on_grid_plus_off_grid,416.38439,GW,416384.39,MW,Wind energy,reported,2026-04-16,irena-world-capacity-2000-2025.csv
DS-IRENASTAT-CAP26,SRC-IRENASTAT-CAP26,historical,,,,World,GLO,world,2016,installed_capacity,bioenergy,Bioenergy,on_grid_plus_off_grid,103.8668,GW,103866.8,MW,Bioenergy,reported,2026-04-16,irena-world-capacity-2000-2025.csv
DS-IRENASTAT-CAP26,SRC-IRENASTAT-CAP26,historical,,,,World,GLO,world,2016,installed_capacity,fossil_fuels_total,Fossil fuels,on_grid_plus_off_grid,4002.36977,GW,4002369.77,MW,Fossil fuels,reported,2026-04-16,irena-world-capacity-2000-2025.csv
DS-IRENASTAT-CAP26,SRC-IRENASTAT-CAP26,historical,,,,World,GLO,world,2016,installed_capacity,geothermal,Geothermal energy,on_grid_plus_off_grid,12.16937,GW,12169.37,MW,Geothermal energy,reported,2026-04-16,irena-world-capacity-2000-2025.csv
DS-IRENASTAT-CAP26,SRC-IRENASTAT-CAP26,historical,,,,World,GLO,world,2016,installed_capacity,hydropower,Renewable hydropower,on_grid_plus_off_grid,1138.78671,GW,1138786.71,MW,Renewable hydropower,reported,2026-04-16,irena-world-capacity-2000-2025.csv
DS-IRENASTAT-CAP26,SRC-IRENASTAT-CAP26,historical,,,,World,GLO,world,2016,installed_capacity,marine_energy,Marine energy,on_grid_plus_off_grid,0.52391,GW,523.91,MW,Marine energy,reported,2026-04-16,irena-world-capacity-2000-2025.csv
DS-IRENASTAT-CAP26,SRC-IRENASTAT-CAP26,historical,,,,World,GLO,world,2016,installed_capacity,nonrenewables_total,Total non-renewable energy,on_grid_plus_off_grid,4417.57012,GW,4417570.12,MW,Total non-renewable energy,reported,2026-04-16,irena-world-capacity-2000-2025.csv
DS-IRENASTAT-CAP26,SRC-IRENASTAT-CAP26,historical,,,,World,GLO,world,2016,installed_capacity,nuclear,Nuclear energy,on_grid_plus_off_grid,399.1085,GW,399108.5,MW,Nuclear energy,reported,2026-04-16,irena-world-capacity-2000-2025.csv
DS-IRENASTAT-CAP26,SRC-IRENASTAT-CAP26,historical,,,,World,GLO,world,2016,installed_capacity,other_nonrenewable,Other non-renewable energy,on_grid_plus_off_grid,10.37179,GW,10371.79,MW,Other non-renewable energy,reported,2026-04-16,irena-world-capacity-2000-2025.csv
DS-IRENASTAT-CAP26,SRC-IRENASTAT-CAP26,historical,,,,World,GLO,world,2016,installed_capacity,other_nonrenewable_nec,Other non-renewable energy n.e.s.,on_grid_plus_off_grid,1.4101,GW,1410.1,MW,Other non-renewable energy n.e.s.,reported,2026-04-16,irena-world-capacity-2000-2025.csv
DS-IRENASTAT-CAP26,SRC-IRENASTAT-CAP26,historical,,,,World,GLO,world,2016,installed_capacity,pumped_hydro_storage,Pumped hydro,on_grid_plus_off_grid,116.99478,GW,116994.78,MW,Pumped hydro,reported,2026-04-16,irena-world-capacity-2000-2025.csv
DS-IRENASTAT-CAP26,SRC-IRENASTAT-CAP26,historical,,,,World,GLO,world,2016,installed_capacity,renewables_total,Total renewable energy,on_grid_plus_off_grid,2020.79198,GW,2020791.98,MW,Total renewable energy,reported,2026-04-16,irena-world-capacity-2000-2025.csv
DS-IRENASTAT-CAP26,SRC-IRENASTAT-CAP26,historical,,,,World,GLO,world,2016,installed_capacity,solar,Solar energy,on_grid_plus_off_grid,298.12941,GW,298129.41,MW,Solar energy,reported,2026-04-16,irena-world-capacity-2000-2025.csv
DS-IRENASTAT-CAP26,SRC-IRENASTAT-CAP26,historical,,,,World,GLO,world,2016,installed_capacity,wind,Wind energy,on_grid_plus_off_grid,467.31578,GW,467315.78,MW,Wind energy,reported,2026-04-16,irena-world-capacity-2000-2025.csv
DS-IRENASTAT-CAP26,SRC-IRENASTAT-CAP26,historical,,,,World,GLO,world,2017,installed_capacity,bioenergy,Bioenergy,on_grid_plus_off_grid,109.66253,GW,109662.53,MW,Bioenergy,reported,2026-04-16,irena-world-capacity-2000-2025.csv
DS-IRENASTAT-CAP26,SRC-IRENASTAT-CAP26,historical,,,,World,GLO,world,2017,installed_capacity,fossil_fuels_total,Fossil fuels,on_grid_plus_off_grid,4088.17099,GW,4088170.99,MW,Fossil fuels,reported,2026-04-16,irena-world-capacity-2000-2025.csv
DS-IRENASTAT-CAP26,SRC-IRENASTAT-CAP26,historical,,,,World,GLO,world,2017,installed_capacity,geothermal,Geothermal energy,on_grid_plus_off_grid,12.75398,GW,12753.98,MW,Geothermal energy,reported,2026-04-16,irena-world-capacity-2000-2025.csv
DS-IRENASTAT-CAP26,SRC-IRENASTAT-CAP26,historical,,,,World,GLO,world,2017,installed_capacity,hydropower,Renewable hydropower,on_grid_plus_off_grid,1157.2461,GW,1157246.1,MW,Renewable hydropower,reported,2026-04-16,irena-world-capacity-2000-2025.csv
DS-IRENASTAT-CAP26,SRC-IRENASTAT-CAP26,historical,,,,World,GLO,world,2017,installed_capacity,marine_energy,Marine energy,on_grid_plus_off_grid,0.52687,GW,526.87,MW,Marine energy,reported,2026-04-16,irena-world-capacity-2000-2025.csv
DS-IRENASTAT-CAP26,SRC-IRENASTAT-CAP26,historical,,,,World,GLO,world,2017,installed_capacity,nonrenewables_total,Total non-renewable energy,on_grid_plus_off_grid,4504.90397,GW,4504903.97,MW,Total non-renewable energy,reported,2026-04-16,irena-world-capacity-2000-2025.csv
DS-IRENASTAT-CAP26,SRC-IRENASTAT-CAP26,historical,,,,World,GLO,world,2017,installed_capacity,nuclear,Nuclear energy,on_grid_plus_off_grid,398.75861,GW,398758.61,MW,Nuclear energy,reported,2026-04-16,irena-world-capacity-2000-2025.csv
DS-IRENASTAT-CAP26,SRC-IRENASTAT-CAP26,historical,,,,World,GLO,world,2017,installed_capacity,other_nonrenewable,Other non-renewable energy,on_grid_plus_off_grid,12.16846,GW,12168.46,MW,Other non-renewable energy,reported,2026-04-16,irena-world-capacity-2000-2025.csv
DS-IRENASTAT-CAP26,SRC-IRENASTAT-CAP26,historical,,,,World,GLO,world,2017,installed_capacity,other_nonrenewable_nec,Other non-renewable energy n.e.s.,on_grid_plus_off_grid,1.46668,GW,1466.68,MW,Other non-renewable energy n.e.s.,reported,2026-04-16,irena-world-capacity-2000-2025.csv
DS-IRENASTAT-CAP26,SRC-IRENASTAT-CAP26,historical,,,,World,GLO,world,2017,installed_capacity,pumped_hydro_storage,Pumped hydro,on_grid_plus_off_grid,119.84336,GW,119843.36,MW,Pumped hydro,reported,2026-04-16,irena-world-capacity-2000-2025.csv
DS-IRENASTAT-CAP26,SRC-IRENASTAT-CAP26,historical,,,,World,GLO,world,2017,installed_capacity,renewables_total,Total renewable energy,on_grid_plus_off_grid,2186.94251,GW,2186942.51,MW,Total renewable energy,reported,2026-04-16,irena-world-capacity-2000-2025.csv
DS-IRENASTAT-CAP26,SRC-IRENASTAT-CAP26,historical,,,,World,GLO,world,2017,installed_capacity,solar,Solar energy,on_grid_plus_off_grid,391.78119,GW,391781.19,MW,Solar energy,reported,2026-04-16,irena-world-capacity-2000-2025.csv
DS-IRENASTAT-CAP26,SRC-IRENASTAT-CAP26,historical,,,,World,GLO,world,2017,installed_capacity,wind,Wind energy,on_grid_plus_off_grid,514.97185,GW,514971.85,MW,Wind energy,reported,2026-04-16,irena-world-capacity-2000-2025.csv
DS-IRENASTAT-CAP26,SRC-IRENASTAT-CAP26,historical,,,,World,GLO,world,2018,installed_capacity,bioenergy,Bioenergy,on_grid_plus_off_grid,116.75116,GW,116751.16,MW,Bioenergy,reported,2026-04-16,irena-world-capacity-2000-2025.csv
DS-IRENASTAT-CAP26,SRC-IRENASTAT-CAP26,historical,,,,World,GLO,world,2018,installed_capacity,fossil_fuels_total,Fossil fuels,on_grid_plus_off_grid,4218.4096,GW,4218409.6,MW,Fossil fuels,reported,2026-04-16,irena-world-capacity-2000-2025.csv
DS-IRENASTAT-CAP26,SRC-IRENASTAT-CAP26,historical,,,,World,GLO,world,2018,installed_capacity,geothermal,Geothermal energy,on_grid_plus_off_grid,13.19648,GW,13196.48,MW,Geothermal energy,reported,2026-04-16,irena-world-capacity-2000-2025.csv
DS-IRENASTAT-CAP26,SRC-IRENASTAT-CAP26,historical,,,,World,GLO,world,2018,installed_capacity,hydropower,Renewable hydropower,on_grid_plus_off_grid,1176.25026,GW,1176250.26,MW,Renewable hydropower,reported,2026-04-16,irena-world-capacity-2000-2025.csv
DS-IRENASTAT-CAP26,SRC-IRENASTAT-CAP26,historical,,,,World,GLO,world,2018,installed_capacity,marine_energy,Marine energy,on_grid_plus_off_grid,0.52685,GW,526.85,MW,Marine energy,reported,2026-04-16,irena-world-capacity-2000-2025.csv
DS-IRENASTAT-CAP26,SRC-IRENASTAT-CAP26,historical,,,,World,GLO,world,2018,installed_capacity,nonrenewables_total,Total non-renewable energy,on_grid_plus_off_grid,4645.83969,GW,4645839.69,MW,Total non-renewable energy,reported,2026-04-16,irena-world-capacity-2000-2025.csv
DS-IRENASTAT-CAP26,SRC-IRENASTAT-CAP26,historical,,,,World,GLO,world,2018,installed_capacity,nuclear,Nuclear energy,on_grid_plus_off_grid,405.23769,GW,405237.69,MW,Nuclear energy,reported,2026-04-16,irena-world-capacity-2000-2025.csv
DS-IRENASTAT-CAP26,SRC-IRENASTAT-CAP26,historical,,,,World,GLO,world,2018,installed_capacity,other_nonrenewable,Other non-renewable energy,on_grid_plus_off_grid,16.29771,GW,16297.71,MW,Other non-renewable energy,reported,2026-04-16,irena-world-capacity-2000-2025.csv
DS-IRENASTAT-CAP26,SRC-IRENASTAT-CAP26,historical,,,,World,GLO,world,2018,installed_capacity,other_nonrenewable_nec,Other non-renewable energy n.e.s.,on_grid_plus_off_grid,1.51186,GW,1511.86,MW,Other non-renewable energy n.e.s.,reported,2026-04-16,irena-world-capacity-2000-2025.csv
DS-IRENASTAT-CAP26,SRC-IRENASTAT-CAP26,historical,,,,World,GLO,world,2018,installed_capacity,pumped_hydro_storage,Pumped hydro,on_grid_plus_off_grid,120.36566,GW,120365.66,MW,Pumped hydro,reported,2026-04-16,irena-world-capacity-2000-2025.csv
DS-IRENASTAT-CAP26,SRC-IRENASTAT-CAP26,historical,,,,World,GLO,world,2018,installed_capacity,renewables_total,Total renewable energy,on_grid_plus_off_grid,2357.5367,GW,2357536.7,MW,Total renewable energy,reported,2026-04-16,irena-world-capacity-2000-2025.csv
DS-IRENASTAT-CAP26,SRC-IRENASTAT-CAP26,historical,,,,World,GLO,world,2018,installed_capacity,solar,Solar energy,on_grid_plus_off_grid,487.29606,GW,487296.06,MW,Solar energy,reported,2026-04-16,irena-world-capacity-2000-2025.csv
DS-IRENASTAT-CAP26,SRC-IRENASTAT-CAP26,historical,,,,World,GLO,world,2018,installed_capacity,wind,Wind energy,on_grid_plus_off_grid,563.51591,GW,563515.91,MW,Wind energy,reported,2026-04-16,irena-world-capacity-2000-2025.csv
DS-IRENASTAT-CAP26,SRC-IRENASTAT-CAP26,historical,,,,World,GLO,world,2019,installed_capacity,bioenergy,Bioenergy,on_grid_plus_off_grid,122.53524,GW,122535.24,MW,Bioenergy,reported,2026-04-16,irena-world-capacity-2000-2025.csv
DS-IRENASTAT-CAP26,SRC-IRENASTAT-CAP26,historical,,,,World,GLO,world,2019,installed_capacity,fossil_fuels_total,Fossil fuels,on_grid_plus_off_grid,4270.528,GW,4270528.0,MW,Fossil fuels,reported,2026-04-16,irena-world-capacity-2000-2025.csv
DS-IRENASTAT-CAP26,SRC-IRENASTAT-CAP26,historical,,,,World,GLO,world,2019,installed_capacity,geothermal,Geothermal energy,on_grid_plus_off_grid,13.82376,GW,13823.76,MW,Geothermal energy,reported,2026-04-16,irena-world-capacity-2000-2025.csv
DS-IRENASTAT-CAP26,SRC-IRENASTAT-CAP26,historical,,,,World,GLO,world,2019,installed_capacity,hydropower,Renewable hydropower,on_grid_plus_off_grid,1191.76432,GW,1191764.32,MW,Renewable hydropower,reported,2026-04-16,irena-world-capacity-2000-2025.csv
DS-IRENASTAT-CAP26,SRC-IRENASTAT-CAP26,historical,,,,World,GLO,world,2019,installed_capacity,marine_energy,Marine energy,on_grid_plus_off_grid,0.52483,GW,524.83,MW,Marine energy,reported,2026-04-16,irena-world-capacity-2000-2025.csv
DS-IRENASTAT-CAP26,SRC-IRENASTAT-CAP26,historical,,,,World,GLO,world,2019,installed_capacity,nonrenewables_total,Total non-renewable energy,on_grid_plus_off_grid,4699.04582,GW,4699045.82,MW,Total non-renewable energy,reported,2026-04-16,irena-world-capacity-2000-2025.csv
DS-IRENASTAT-CAP26,SRC-IRENASTAT-CAP26,historical,,,,World,GLO,world,2019,installed_capacity,nuclear,Nuclear energy,on_grid_plus_off_grid,403.69179,GW,403691.79,MW,Nuclear energy,reported,2026-04-16,irena-world-capacity-2000-2025.csv
DS-IRENASTAT-CAP26,SRC-IRENASTAT-CAP26,historical,,,,World,GLO,world,2019,installed_capacity,other_nonrenewable,Other non-renewable energy,on_grid_plus_off_grid,18.92726,GW,18927.26,MW,Other non-renewable energy,reported,2026-04-16,irena-world-capacity-2000-2025.csv
DS-IRENASTAT-CAP26,SRC-IRENASTAT-CAP26,historical,,,,World,GLO,world,2019,installed_capacity,other_nonrenewable_nec,Other non-renewable energy n.e.s.,on_grid_plus_off_grid,2.30285,GW,2302.85,MW,Other non-renewable energy n.e.s.,reported,2026-04-16,irena-world-capacity-2000-2025.csv
DS-IRENASTAT-CAP26,SRC-IRENASTAT-CAP26,historical,,,,World,GLO,world,2019,installed_capacity,pumped_hydro_storage,Pumped hydro,on_grid_plus_off_grid,120.61256,GW,120612.56,MW,Pumped hydro,reported,2026-04-16,irena-world-capacity-2000-2025.csv
DS-IRENASTAT-CAP26,SRC-IRENASTAT-CAP26,historical,,,,World,GLO,world,2019,installed_capacity,renewables_total,Total renewable energy,on_grid_plus_off_grid,2541.48559,GW,2541485.59,MW,Total renewable energy,reported,2026-04-16,irena-world-capacity-2000-2025.csv
DS-IRENASTAT-CAP26,SRC-IRENASTAT-CAP26,historical,,,,World,GLO,world,2019,installed_capacity,solar,Solar energy,on_grid_plus_off_grid,589.76145,GW,589761.45,MW,Solar energy,reported,2026-04-16,irena-world-capacity-2000-2025.csv
DS-IRENASTAT-CAP26,SRC-IRENASTAT-CAP26,historical,,,,World,GLO,world,2019,installed_capacity,wind,Wind energy,on_grid_plus_off_grid,623.07599,GW,623075.99,MW,Wind energy,reported,2026-04-16,irena-world-capacity-2000-2025.csv
DS-IRENASTAT-CAP26,SRC-IRENASTAT-CAP26,historical,,,,World,GLO,world,2020,installed_capacity,bioenergy,Bioenergy,on_grid_plus_off_grid,129.76515,GW,129765.15,MW,Bioenergy,reported,2026-04-16,irena-world-capacity-2000-2025.csv
DS-IRENASTAT-CAP26,SRC-IRENASTAT-CAP26,historical,,,,World,GLO,world,2020,installed_capacity,fossil_fuels_total,Fossil fuels,on_grid_plus_off_grid,4338.20683,GW,4338206.83,MW,Fossil fuels,reported,2026-04-16,irena-world-capacity-2000-2025.csv
DS-IRENASTAT-CAP26,SRC-IRENASTAT-CAP26,historical,,,,World,GLO,world,2020,installed_capacity,geothermal,Geothermal energy,on_grid_plus_off_grid,14.16478,GW,14164.78,MW,Geothermal energy,reported,2026-04-16,irena-world-capacity-2000-2025.csv
DS-IRENASTAT-CAP26,SRC-IRENASTAT-CAP26,historical,,,,World,GLO,world,2020,installed_capacity,hydropower,Renewable hydropower,on_grid_plus_off_grid,1212.06995,GW,1212069.95,MW,Renewable hydropower,reported,2026-04-16,irena-world-capacity-2000-2025.csv
DS-IRENASTAT-CAP26,SRC-IRENASTAT-CAP26,historical,,,,World,GLO,world,2020,installed_capacity,marine_energy,Marine energy,on_grid_plus_off_grid,0.49114,GW,491.14,MW,Marine energy,reported,2026-04-16,irena-world-capacity-2000-2025.csv
DS-IRENASTAT-CAP26,SRC-IRENASTAT-CAP26,historical,,,,World,GLO,world,2020,installed_capacity,nonrenewables_total,Total non-renewable energy,on_grid_plus_off_grid,4762.03862,GW,4762038.62,MW,Total non-renewable energy,reported,2026-04-16,irena-world-capacity-2000-2025.csv
DS-IRENASTAT-CAP26,SRC-IRENASTAT-CAP26,historical,,,,World,GLO,world,2020,installed_capacity,nuclear,Nuclear energy,on_grid_plus_off_grid,397.52639,GW,397526.39,MW,Nuclear energy,reported,2026-04-16,irena-world-capacity-2000-2025.csv
DS-IRENASTAT-CAP26,SRC-IRENASTAT-CAP26,historical,,,,World,GLO,world,2020,installed_capacity,other_nonrenewable,Other non-renewable energy,on_grid_plus_off_grid,20.62922,GW,20629.22,MW,Other non-renewable energy,reported,2026-04-16,irena-world-capacity-2000-2025.csv
DS-IRENASTAT-CAP26,SRC-IRENASTAT-CAP26,historical,,,,World,GLO,world,2020,installed_capacity,other_nonrenewable_nec,Other non-renewable energy n.e.s.,on_grid_plus_off_grid,1.96656,GW,1966.56,MW,Other non-renewable energy n.e.s.,reported,2026-04-16,irena-world-capacity-2000-2025.csv
DS-IRENASTAT-CAP26,SRC-IRENASTAT-CAP26,historical,,,,World,GLO,world,2020,installed_capacity,pumped_hydro_storage,Pumped hydro,on_grid_plus_off_grid,122.31942,GW,122319.42,MW,Pumped hydro,reported,2026-04-16,irena-world-capacity-2000-2025.csv
DS-IRENASTAT-CAP26,SRC-IRENASTAT-CAP26,historical,,,,World,GLO,world,2020,installed_capacity,renewables_total,Total renewable energy,on_grid_plus_off_grid,2810.89876,GW,2810898.76,MW,Total renewable energy,reported,2026-04-16,irena-world-capacity-2000-2025.csv
DS-IRENASTAT-CAP26,SRC-IRENASTAT-CAP26,historical,,,,World,GLO,world,2020,installed_capacity,solar,Solar energy,on_grid_plus_off_grid,721.13354,GW,721133.54,MW,Solar energy,reported,2026-04-16,irena-world-capacity-2000-2025.csv
DS-IRENASTAT-CAP26,SRC-IRENASTAT-CAP26,historical,,,,World,GLO,world,2020,installed_capacity,wind,Wind energy,on_grid_plus_off_grid,733.2742,GW,733274.2,MW,Wind energy,reported,2026-04-16,irena-world-capacity-2000-2025.csv
DS-IRENASTAT-CAP26,SRC-IRENASTAT-CAP26,historical,,,,World,GLO,world,2021,installed_capacity,bioenergy,Bioenergy,on_grid_plus_off_grid,136.411,GW,136411.0,MW,Bioenergy,reported,2026-04-16,irena-world-capacity-2000-2025.csv
DS-IRENASTAT-CAP26,SRC-IRENASTAT-CAP26,historical,,,,World,GLO,world,2021,installed_capacity,fossil_fuels_total,Fossil fuels,on_grid_plus_off_grid,4391.52056,GW,4391520.56,MW,Fossil fuels,reported,2026-04-16,irena-world-capacity-2000-2025.csv
DS-IRENASTAT-CAP26,SRC-IRENASTAT-CAP26,historical,,,,World,GLO,world,2021,installed_capacity,geothermal,Geothermal energy,on_grid_plus_off_grid,14.45098,GW,14450.98,MW,Geothermal energy,reported,2026-04-16,irena-world-capacity-2000-2025.csv
DS-IRENASTAT-CAP26,SRC-IRENASTAT-CAP26,historical,,,,World,GLO,world,2021,installed_capacity,hydropower,Renewable hydropower,on_grid_plus_off_grid,1235.53345,GW,1235533.45,MW,Renewable hydropower,reported,2026-04-16,irena-world-capacity-2000-2025.csv
DS-IRENASTAT-CAP26,SRC-IRENASTAT-CAP26,historical,,,,World,GLO,world,2021,installed_capacity,marine_energy,Marine energy,on_grid_plus_off_grid,0.49056,GW,490.56,MW,Marine energy,reported,2026-04-16,irena-world-capacity-2000-2025.csv
DS-IRENASTAT-CAP26,SRC-IRENASTAT-CAP26,historical,,,,World,GLO,world,2021,installed_capacity,nonrenewables_total,Total non-renewable energy,on_grid_plus_off_grid,4822.34501,GW,4822345.01,MW,Total non-renewable energy,reported,2026-04-16,irena-world-capacity-2000-2025.csv
DS-IRENASTAT-CAP26,SRC-IRENASTAT-CAP26,historical,,,,World,GLO,world,2021,installed_capacity,nuclear,Nuclear energy,on_grid_plus_off_grid,400.86189,GW,400861.89,MW,Nuclear energy,reported,2026-04-16,irena-world-capacity-2000-2025.csv
DS-IRENASTAT-CAP26,SRC-IRENASTAT-CAP26,historical,,,,World,GLO,world,2021,installed_capacity,other_nonrenewable,Other non-renewable energy,on_grid_plus_off_grid,24.50158,GW,24501.58,MW,Other non-renewable energy,reported,2026-04-16,irena-world-capacity-2000-2025.csv
DS-IRENASTAT-CAP26,SRC-IRENASTAT-CAP26,historical,,,,World,GLO,world,2021,installed_capacity,other_nonrenewable_nec,Other non-renewable energy n.e.s.,on_grid_plus_off_grid,2.6615,GW,2661.5,MW,Other non-renewable energy n.e.s.,reported,2026-04-16,irena-world-capacity-2000-2025.csv
DS-IRENASTAT-CAP26,SRC-IRENASTAT-CAP26,historical,,,,World,GLO,world,2021,installed_capacity,pumped_hydro_storage,Pumped hydro,on_grid_plus_off_grid,127.08292,GW,127082.92,MW,Pumped hydro,reported,2026-04-16,irena-world-capacity-2000-2025.csv
DS-IRENASTAT-CAP26,SRC-IRENASTAT-CAP26,historical,,,,World,GLO,world,2021,installed_capacity,renewables_total,Total renewable energy,on_grid_plus_off_grid,3077.11962,GW,3077119.62,MW,Total renewable energy,reported,2026-04-16,irena-world-capacity-2000-2025.csv
DS-IRENASTAT-CAP26,SRC-IRENASTAT-CAP26,historical,,,,World,GLO,world,2021,installed_capacity,solar,Solar energy,on_grid_plus_off_grid,866.04015,GW,866040.15,MW,Solar energy,reported,2026-04-16,irena-world-capacity-2000-2025.csv
DS-IRENASTAT-CAP26,SRC-IRENASTAT-CAP26,historical,,,,World,GLO,world,2021,installed_capacity,wind,Wind energy,on_grid_plus_off_grid,824.19348,GW,824193.48,MW,Wind energy,reported,2026-04-16,irena-world-capacity-2000-2025.csv
DS-IRENASTAT-CAP26,SRC-IRENASTAT-CAP26,historical,,,,World,GLO,world,2022,installed_capacity,bioenergy,Bioenergy,on_grid_plus_off_grid,143.04408,GW,143044.08,MW,Bioenergy,reported,2026-04-16,irena-world-capacity-2000-2025.csv
DS-IRENASTAT-CAP26,SRC-IRENASTAT-CAP26,historical,,,,World,GLO,world,2022,installed_capacity,fossil_fuels_total,Fossil fuels,on_grid_plus_off_grid,4442.3545,GW,4442354.5,MW,Fossil fuels,reported,2026-04-16,irena-world-capacity-2000-2025.csv
DS-IRENASTAT-CAP26,SRC-IRENASTAT-CAP26,historical,,,,World,GLO,world,2022,installed_capacity,geothermal,Geothermal energy,on_grid_plus_off_grid,14.69564,GW,14695.64,MW,Geothermal energy,reported,2026-04-16,irena-world-capacity-2000-2025.csv
DS-IRENASTAT-CAP26,SRC-IRENASTAT-CAP26,historical,,,,World,GLO,world,2022,installed_capacity,hydropower,Renewable hydropower,on_grid_plus_off_grid,1260.03288,GW,1260032.88,MW,Renewable hydropower,reported,2026-04-16,irena-world-capacity-2000-2025.csv
DS-IRENASTAT-CAP26,SRC-IRENASTAT-CAP26,historical,,,,World,GLO,world,2022,installed_capacity,marine_energy,Marine energy,on_grid_plus_off_grid,0.49214,GW,492.14,MW,Marine energy,reported,2026-04-16,irena-world-capacity-2000-2025.csv
DS-IRENASTAT-CAP26,SRC-IRENASTAT-CAP26,historical,,,,World,GLO,world,2022,installed_capacity,nonrenewables_total,Total non-renewable energy,on_grid_plus_off_grid,4889.94393,GW,4889943.93,MW,Total non-renewable energy,reported,2026-04-16,irena-world-capacity-2000-2025.csv
DS-IRENASTAT-CAP26,SRC-IRENASTAT-CAP26,historical,,,,World,GLO,world,2022,installed_capacity,nuclear,Nuclear energy,on_grid_plus_off_grid,399.51139,GW,399511.39,MW,Nuclear energy,reported,2026-04-16,irena-world-capacity-2000-2025.csv
DS-IRENASTAT-CAP26,SRC-IRENASTAT-CAP26,historical,,,,World,GLO,world,2022,installed_capacity,other_nonrenewable,Other non-renewable energy,on_grid_plus_off_grid,42.61085,GW,42610.85,MW,Other non-renewable energy,reported,2026-04-16,irena-world-capacity-2000-2025.csv
DS-IRENASTAT-CAP26,SRC-IRENASTAT-CAP26,historical,,,,World,GLO,world,2022,installed_capacity,other_nonrenewable_nec,Other non-renewable energy n.e.s.,on_grid_plus_off_grid,5.41955,GW,5419.55,MW,Other non-renewable energy n.e.s.,reported,2026-04-16,irena-world-capacity-2000-2025.csv
DS-IRENASTAT-CAP26,SRC-IRENASTAT-CAP26,historical,,,,World,GLO,world,2022,installed_capacity,pumped_hydro_storage,Pumped hydro,on_grid_plus_off_grid,136.51334,GW,136513.34,MW,Pumped hydro,reported,2026-04-16,irena-world-capacity-2000-2025.csv
DS-IRENASTAT-CAP26,SRC-IRENASTAT-CAP26,historical,,,,World,GLO,world,2022,installed_capacity,renewables_total,Total renewable energy,on_grid_plus_off_grid,3379.38923,GW,3379389.23,MW,Total renewable energy,reported,2026-04-16,irena-world-capacity-2000-2025.csv
DS-IRENASTAT-CAP26,SRC-IRENASTAT-CAP26,historical,,,,World,GLO,world,2022,installed_capacity,solar,Solar energy,on_grid_plus_off_grid,1058.03557,GW,1058035.57,MW,Solar energy,reported,2026-04-16,irena-world-capacity-2000-2025.csv
DS-IRENASTAT-CAP26,SRC-IRENASTAT-CAP26,historical,,,,World,GLO,world,2022,installed_capacity,wind,Wind energy,on_grid_plus_off_grid,903.08892,GW,903088.92,MW,Wind energy,reported,2026-04-16,irena-world-capacity-2000-2025.csv
DS-IRENASTAT-CAP26,SRC-IRENASTAT-CAP26,historical,,,,World,GLO,world,2023,installed_capacity,bioenergy,Bioenergy,on_grid_plus_off_grid,146.97604,GW,146976.04,MW,Bioenergy,reported,2026-04-16,irena-world-capacity-2000-2025.csv
DS-IRENASTAT-CAP26,SRC-IRENASTAT-CAP26,historical,,,,World,GLO,world,2023,installed_capacity,fossil_fuels_total,Fossil fuels,on_grid_plus_off_grid,4502.76287,GW,4502762.87,MW,Fossil fuels,reported,2026-04-16,irena-world-capacity-2000-2025.csv
DS-IRENASTAT-CAP26,SRC-IRENASTAT-CAP26,historical,,,,World,GLO,world,2023,installed_capacity,geothermal,Geothermal energy,on_grid_plus_off_grid,15.09152,GW,15091.52,MW,Geothermal energy,reported,2026-04-16,irena-world-capacity-2000-2025.csv
DS-IRENASTAT-CAP26,SRC-IRENASTAT-CAP26,historical,,,,World,GLO,world,2023,installed_capacity,hydropower,Renewable hydropower,on_grid_plus_off_grid,1270.01817,GW,1270018.17,MW,Renewable hydropower,reported,2026-04-16,irena-world-capacity-2000-2025.csv
DS-IRENASTAT-CAP26,SRC-IRENASTAT-CAP26,historical,,,,World,GLO,world,2023,installed_capacity,marine_energy,Marine energy,on_grid_plus_off_grid,0.49359,GW,493.59,MW,Marine energy,reported,2026-04-16,irena-world-capacity-2000-2025.csv
DS-IRENASTAT-CAP26,SRC-IRENASTAT-CAP26,historical,,,,World,GLO,world,2023,installed_capacity,nonrenewables_total,Total non-renewable energy,on_grid_plus_off_grid,4970.17734,GW,4970177.34,MW,Total non-renewable energy,reported,2026-04-16,irena-world-capacity-2000-2025.csv
DS-IRENASTAT-CAP26,SRC-IRENASTAT-CAP26,historical,,,,World,GLO,world,2023,installed_capacity,nuclear,Nuclear energy,on_grid_plus_off_grid,399.14769,GW,399147.69,MW,Nuclear energy,reported,2026-04-16,irena-world-capacity-2000-2025.csv
DS-IRENASTAT-CAP26,SRC-IRENASTAT-CAP26,historical,,,,World,GLO,world,2023,installed_capacity,other_nonrenewable,Other non-renewable energy,on_grid_plus_off_grid,62.67505,GW,62675.05,MW,Other non-renewable energy,reported,2026-04-16,irena-world-capacity-2000-2025.csv
DS-IRENASTAT-CAP26,SRC-IRENASTAT-CAP26,historical,,,,World,GLO,world,2023,installed_capacity,other_nonrenewable_nec,Other non-renewable energy n.e.s.,on_grid_plus_off_grid,7.98999,GW,7989.99,MW,Other non-renewable energy n.e.s.,reported,2026-04-16,irena-world-capacity-2000-2025.csv
DS-IRENASTAT-CAP26,SRC-IRENASTAT-CAP26,historical,,,,World,GLO,world,2023,installed_capacity,pumped_hydro_storage,Pumped hydro,on_grid_plus_off_grid,141.77169,GW,141771.69,MW,Pumped hydro,reported,2026-04-16,irena-world-capacity-2000-2025.csv
DS-IRENASTAT-CAP26,SRC-IRENASTAT-CAP26,historical,,,,World,GLO,world,2023,installed_capacity,renewables_total,Total renewable energy,on_grid_plus_off_grid,3872.82938,GW,3872829.38,MW,Total renewable energy,reported,2026-04-16,irena-world-capacity-2000-2025.csv
DS-IRENASTAT-CAP26,SRC-IRENASTAT-CAP26,historical,,,,World,GLO,world,2023,installed_capacity,solar,Solar energy,on_grid_plus_off_grid,1422.02558,GW,1422025.58,MW,Solar energy,reported,2026-04-16,irena-world-capacity-2000-2025.csv
DS-IRENASTAT-CAP26,SRC-IRENASTAT-CAP26,historical,,,,World,GLO,world,2023,installed_capacity,wind,Wind energy,on_grid_plus_off_grid,1018.22449,GW,1018224.49,MW,Wind energy,reported,2026-04-16,irena-world-capacity-2000-2025.csv
DS-IRENASTAT-CAP26,SRC-IRENASTAT-CAP26,historical,,,,World,GLO,world,2024,installed_capacity,bioenergy,Bioenergy,on_grid_plus_off_grid,150.96884,GW,150968.84,MW,Bioenergy,reported,2026-04-16,irena-world-capacity-2000-2025.csv
DS-IRENASTAT-CAP26,SRC-IRENASTAT-CAP26,historical,,,,World,GLO,world,2024,installed_capacity,fossil_fuels_total,Fossil fuels,on_grid_plus_off_grid,4533.06458,GW,4533064.58,MW,Fossil fuels,reported,2026-04-16,irena-world-capacity-2000-2025.csv
DS-IRENASTAT-CAP26,SRC-IRENASTAT-CAP26,historical,,,,World,GLO,world,2024,installed_capacity,geothermal,Geothermal energy,on_grid_plus_off_grid,15.41474,GW,15414.74,MW,Geothermal energy,reported,2026-04-16,irena-world-capacity-2000-2025.csv
DS-IRENASTAT-CAP26,SRC-IRENASTAT-CAP26,historical,,,,World,GLO,world,2024,installed_capacity,hydropower,Renewable hydropower,on_grid_plus_off_grid,1277.38092,GW,1277380.92,MW,Renewable hydropower,reported,2026-04-16,irena-world-capacity-2000-2025.csv
DS-IRENASTAT-CAP26,SRC-IRENASTAT-CAP26,historical,,,,World,GLO,world,2024,installed_capacity,marine_energy,Marine energy,on_grid_plus_off_grid,0.48956,GW,489.56,MW,Marine energy,reported,2026-04-16,irena-world-capacity-2000-2025.csv
DS-IRENASTAT-CAP26,SRC-IRENASTAT-CAP26,historical,,,,World,GLO,world,2024,installed_capacity,nonrenewables_total,Total non-renewable energy,on_grid_plus_off_grid,5013.07307,GW,5013073.07,MW,Total non-renewable energy,reported,2026-04-16,irena-world-capacity-2000-2025.csv
DS-IRENASTAT-CAP26,SRC-IRENASTAT-CAP26,historical,,,,World,GLO,world,2024,installed_capacity,nuclear,Nuclear energy,on_grid_plus_off_grid,407.34449,GW,407344.49,MW,Nuclear energy,reported,2026-04-16,irena-world-capacity-2000-2025.csv
DS-IRENASTAT-CAP26,SRC-IRENASTAT-CAP26,historical,,,,World,GLO,world,2024,installed_capacity,other_nonrenewable,Other non-renewable energy,on_grid_plus_off_grid,67.04132,GW,67041.32,MW,Other non-renewable energy,reported,2026-04-16,irena-world-capacity-2000-2025.csv
DS-IRENASTAT-CAP26,SRC-IRENASTAT-CAP26,historical,,,,World,GLO,world,2024,installed_capacity,other_nonrenewable_nec,Other non-renewable energy n.e.s.,on_grid_plus_off_grid,11.4456,GW,11445.6,MW,Other non-renewable energy n.e.s.,reported,2026-04-16,irena-world-capacity-2000-2025.csv
DS-IRENASTAT-CAP26,SRC-IRENASTAT-CAP26,historical,,,,World,GLO,world,2024,installed_capacity,pumped_hydro_storage,Pumped hydro,on_grid_plus_off_grid,149.52669,GW,149526.69,MW,Pumped hydro,reported,2026-04-16,irena-world-capacity-2000-2025.csv
DS-IRENASTAT-CAP26,SRC-IRENASTAT-CAP26,historical,,,,World,GLO,world,2024,installed_capacity,renewables_total,Total renewable energy,on_grid_plus_off_grid,4457.34038,GW,4457340.38,MW,Total renewable energy,reported,2026-04-16,irena-world-capacity-2000-2025.csv
DS-IRENASTAT-CAP26,SRC-IRENASTAT-CAP26,historical,,,,World,GLO,world,2024,installed_capacity,solar,Solar energy,on_grid_plus_off_grid,1880.39638,GW,1880396.38,MW,Solar energy,reported,2026-04-16,irena-world-capacity-2000-2025.csv
DS-IRENASTAT-CAP26,SRC-IRENASTAT-CAP26,historical,,,,World,GLO,world,2024,installed_capacity,wind,Wind energy,on_grid_plus_off_grid,1132.68994,GW,1132689.94,MW,Wind energy,reported,2026-04-16,irena-world-capacity-2000-2025.csv
DS-IRENASTAT-CAP26,SRC-IRENASTAT-CAP26,historical,,,,World,GLO,world,2025,installed_capacity,bioenergy,Bioenergy,on_grid_plus_off_grid,154.39914,GW,154399.14,MW,Bioenergy,reported,2026-04-16,irena-world-capacity-2000-2025.csv
DS-IRENASTAT-CAP26,SRC-IRENASTAT-CAP26,historical,,,,World,GLO,world,2025,installed_capacity,fossil_fuels_total,Fossil fuels,on_grid_plus_off_grid,4637.67391,GW,4637673.91,MW,Fossil fuels,reported,2026-04-16,irena-world-capacity-2000-2025.csv
DS-IRENASTAT-CAP26,SRC-IRENASTAT-CAP26,historical,,,,World,GLO,world,2025,installed_capacity,geothermal,Geothermal energy,on_grid_plus_off_grid,15.67358,GW,15673.58,MW,Geothermal energy,reported,2026-04-16,irena-world-capacity-2000-2025.csv
DS-IRENASTAT-CAP26,SRC-IRENASTAT-CAP26,historical,,,,World,GLO,world,2025,installed_capacity,hydropower,Renewable hydropower,on_grid_plus_off_grid,1295.76545,GW,1295765.45,MW,Renewable hydropower,reported,2026-04-16,irena-world-capacity-2000-2025.csv
DS-IRENASTAT-CAP26,SRC-IRENASTAT-CAP26,historical,,,,World,GLO,world,2025,installed_capacity,marine_energy,Marine energy,on_grid_plus_off_grid,0.48956,GW,489.56,MW,Marine energy,reported,2026-04-16,irena-world-capacity-2000-2025.csv
DS-IRENASTAT-CAP26,SRC-IRENASTAT-CAP26,historical,,,,World,GLO,world,2025,installed_capacity,nonrenewables_total,Total non-renewable energy,on_grid_plus_off_grid,5118.93914,GW,5118939.140000001,MW,Total non-renewable energy,reported,2026-04-16,irena-world-capacity-2000-2025.csv
DS-IRENASTAT-CAP26,SRC-IRENASTAT-CAP26,historical,,,,World,GLO,world,2025,installed_capacity,nuclear,Nuclear energy,on_grid_plus_off_grid,406.90779,GW,406907.79,MW,Nuclear energy,reported,2026-04-16,irena-world-capacity-2000-2025.csv
DS-IRENASTAT-CAP26,SRC-IRENASTAT-CAP26,historical,,,,World,GLO,world,2025,installed_capacity,other_nonrenewable,Other non-renewable energy,on_grid_plus_off_grid,68.73816,GW,68738.16,MW,Other non-renewable energy,reported,2026-04-16,irena-world-capacity-2000-2025.csv
DS-IRENASTAT-CAP26,SRC-IRENASTAT-CAP26,historical,,,,World,GLO,world,2025,installed_capacity,other_nonrenewable_nec,Other non-renewable energy n.e.s.,on_grid_plus_off_grid,12.13482,GW,12134.82,MW,Other non-renewable energy n.e.s.,reported,2026-04-16,irena-world-capacity-2000-2025.csv
DS-IRENASTAT-CAP26,SRC-IRENASTAT-CAP26,historical,,,,World,GLO,world,2025,installed_capacity,pumped_hydro_storage,Pumped hydro,on_grid_plus_off_grid,159.82249,GW,159822.49,MW,Pumped hydro,reported,2026-04-16,irena-world-capacity-2000-2025.csv
DS-IRENASTAT-CAP26,SRC-IRENASTAT-CAP26,historical,,,,World,GLO,world,2025,installed_capacity,renewables_total,Total renewable energy,on_grid_plus_off_grid,5149.28009,GW,5149280.09,MW,Total renewable energy,reported,2026-04-16,irena-world-capacity-2000-2025.csv
DS-IRENASTAT-CAP26,SRC-IRENASTAT-CAP26,historical,,,,World,GLO,world,2025,installed_capacity,solar,Solar energy,on_grid_plus_off_grid,2391.58449,GW,2391584.49,MW,Solar energy,reported,2026-04-16,irena-world-capacity-2000-2025.csv
DS-IRENASTAT-CAP26,SRC-IRENASTAT-CAP26,historical,,,,World,GLO,world,2025,installed_capacity,wind,Wind energy,on_grid_plus_off_grid,1291.36786,GW,1291367.86,MW,Wind energy,reported,2026-04-16,irena-world-capacity-2000-2025.csv
DS-IRENASTAT-GEN25,SRC-IRENASTAT-GEN25,historical,,,,World,GLO,world,2000,electricity_generation,bioenergy,Bioenergy,gross_generation_including_self_consumption,146.42247,TWh,146422.47,GWh,Bioenergy,reported; 2024 omitted because IRENA flags aggregate generation as preliminary and inaccurate,2026-04-16,irena-world-generation-2000-2023.csv
DS-IRENASTAT-GEN25,SRC-IRENASTAT-GEN25,historical,,,,World,GLO,world,2000,electricity_generation,fossil_fuels_total,Fossil fuels,gross_generation_including_self_consumption,9965.33764,TWh,9965337.64,GWh,Fossil fuels,reported; 2024 omitted because IRENA flags aggregate generation as preliminary and inaccurate,2026-04-16,irena-world-generation-2000-2023.csv
DS-IRENASTAT-GEN25,SRC-IRENASTAT-GEN25,historical,,,,World,GLO,world,2000,electricity_generation,geothermal,Geothermal energy,gross_generation_including_self_consumption,52.57104,TWh,52571.04,GWh,Geothermal energy,reported; 2024 omitted because IRENA flags aggregate generation as preliminary and inaccurate,2026-04-16,irena-world-generation-2000-2023.csv
DS-IRENASTAT-GEN25,SRC-IRENASTAT-GEN25,historical,,,,World,GLO,world,2000,electricity_generation,hydropower,Hydropower (excl. Pumped Storage),gross_generation_including_self_consumption,2619.12681,TWh,2619126.81,GWh,Hydropower (excl. Pumped Storage),reported; 2024 omitted because IRENA flags aggregate generation as preliminary and inaccurate,2026-04-16,irena-world-generation-2000-2023.csv
DS-IRENASTAT-GEN25,SRC-IRENASTAT-GEN25,historical,,,,World,GLO,world,2000,electricity_generation,marine_energy,Marine energy,gross_generation_including_self_consumption,0.54677,TWh,546.77,GWh,Marine energy,reported; 2024 omitted because IRENA flags aggregate generation as preliminary and inaccurate,2026-04-16,irena-world-generation-2000-2023.csv
DS-IRENASTAT-GEN25,SRC-IRENASTAT-GEN25,historical,,,,World,GLO,world,2000,electricity_generation,nonrenewables_total,Total non-renewable,gross_generation_including_self_consumption,12704.80818,TWh,12704808.18,GWh,Total non-renewable,reported; 2024 omitted because IRENA flags aggregate generation as preliminary and inaccurate,2026-04-16,irena-world-generation-2000-2023.csv
DS-IRENASTAT-GEN25,SRC-IRENASTAT-GEN25,historical,,,,World,GLO,world,2000,electricity_generation,nuclear,Nuclear,gross_generation_including_self_consumption,2588.11126,TWh,2588111.26,GWh,Nuclear,reported; 2024 omitted because IRENA flags aggregate generation as preliminary and inaccurate,2026-04-16,irena-world-generation-2000-2023.csv
DS-IRENASTAT-GEN25,SRC-IRENASTAT-GEN25,historical,,,,World,GLO,world,2000,electricity_generation,other_nonrenewable,Other non-renewable energy,gross_generation_including_self_consumption,63.44936,TWh,63449.36,GWh,Other non-renewable energy,reported; 2024 omitted because IRENA flags aggregate generation as preliminary and inaccurate,2026-04-16,irena-world-generation-2000-2023.csv
DS-IRENASTAT-GEN25,SRC-IRENASTAT-GEN25,historical,,,,World,GLO,world,2000,electricity_generation,renewables_total,Total renewable,gross_generation_including_self_consumption,2850.95041,TWh,2850950.41,GWh,Total renewable,reported; 2024 omitted because IRENA flags aggregate generation as preliminary and inaccurate,2026-04-16,irena-world-generation-2000-2023.csv
DS-IRENASTAT-GEN25,SRC-IRENASTAT-GEN25,historical,,,,World,GLO,world,2000,electricity_generation,solar,Solar energy,gross_generation_including_self_consumption,1.31763,TWh,1317.63,GWh,Solar energy,reported; 2024 omitted because IRENA flags aggregate generation as preliminary and inaccurate,2026-04-16,irena-world-generation-2000-2023.csv
DS-IRENASTAT-GEN25,SRC-IRENASTAT-GEN25,historical,,,,World,GLO,world,2000,electricity_generation,wind,Wind energy,gross_generation_including_self_consumption,30.96571,TWh,30965.71,GWh,Wind energy,reported; 2024 omitted because IRENA flags aggregate generation as preliminary and inaccurate,2026-04-16,irena-world-generation-2000-2023.csv
DS-IRENASTAT-GEN25,SRC-IRENASTAT-GEN25,historical,,,,World,GLO,world,2000,storage_discharge,pumped_hydro_storage,Pumped storage,gross_generation_including_self_consumption,87.90991,TWh,87909.91,GWh,Pumped storage,reported; 2024 omitted because IRENA flags aggregate generation as preliminary and inaccurate,2026-04-16,irena-world-generation-2000-2023.csv
DS-IRENASTAT-GEN25,SRC-IRENASTAT-GEN25,historical,,,,World,GLO,world,2001,electricity_generation,bioenergy,Bioenergy,gross_generation_including_self_consumption,146.44945,TWh,146449.45,GWh,Bioenergy,reported; 2024 omitted because IRENA flags aggregate generation as preliminary and inaccurate,2026-04-16,irena-world-generation-2000-2023.csv
DS-IRENASTAT-GEN25,SRC-IRENASTAT-GEN25,historical,,,,World,GLO,world,2001,electricity_generation,fossil_fuels_total,Fossil fuels,gross_generation_including_self_consumption,10077.91782,TWh,10077917.82,GWh,Fossil fuels,reported; 2024 omitted because IRENA flags aggregate generation as preliminary and inaccurate,2026-04-16,irena-world-generation-2000-2023.csv
DS-IRENASTAT-GEN25,SRC-IRENASTAT-GEN25,historical,,,,World,GLO,world,2001,electricity_generation,geothermal,Geothermal energy,gross_generation_including_self_consumption,51.67862,TWh,51678.62,GWh,Geothermal energy,reported; 2024 omitted because IRENA flags aggregate generation as preliminary and inaccurate,2026-04-16,irena-world-generation-2000-2023.csv
DS-IRENASTAT-GEN25,SRC-IRENASTAT-GEN25,historical,,,,World,GLO,world,2001,electricity_generation,hydropower,Hydropower (excl. Pumped Storage),gross_generation_including_self_consumption,2557.77683,TWh,2557776.83,GWh,Hydropower (excl. Pumped Storage),reported; 2024 omitted because IRENA flags aggregate generation as preliminary and inaccurate,2026-04-16,irena-world-generation-2000-2023.csv
DS-IRENASTAT-GEN25,SRC-IRENASTAT-GEN25,historical,,,,World,GLO,world,2001,electricity_generation,marine_energy,Marine energy,gross_generation_including_self_consumption,0.52439,TWh,524.39,GWh,Marine energy,reported; 2024 omitted because IRENA flags aggregate generation as preliminary and inaccurate,2026-04-16,irena-world-generation-2000-2023.csv
DS-IRENASTAT-GEN25,SRC-IRENASTAT-GEN25,historical,,,,World,GLO,world,2001,electricity_generation,nonrenewables_total,Total non-renewable,gross_generation_including_self_consumption,12870.08362,TWh,12870083.62,GWh,Total non-renewable,reported; 2024 omitted because IRENA flags aggregate generation as preliminary and inaccurate,2026-04-16,irena-world-generation-2000-2023.csv
DS-IRENASTAT-GEN25,SRC-IRENASTAT-GEN25,historical,,,,World,GLO,world,2001,electricity_generation,nuclear,Nuclear,gross_generation_including_self_consumption,2636.31559,TWh,2636315.59,GWh,Nuclear,reported; 2024 omitted because IRENA flags aggregate generation as preliminary and inaccurate,2026-04-16,irena-world-generation-2000-2023.csv
DS-IRENASTAT-GEN25,SRC-IRENASTAT-GEN25,historical,,,,World,GLO,world,2001,electricity_generation,other_nonrenewable,Other non-renewable energy,gross_generation_including_self_consumption,68.15293,TWh,68152.93,GWh,Other non-renewable energy,reported; 2024 omitted because IRENA flags aggregate generation as preliminary and inaccurate,2026-04-16,irena-world-generation-2000-2023.csv
DS-IRENASTAT-GEN25,SRC-IRENASTAT-GEN25,historical,,,,World,GLO,world,2001,electricity_generation,renewables_total,Total renewable,gross_generation_including_self_consumption,2795.85944,TWh,2795859.44,GWh,Total renewable,reported; 2024 omitted because IRENA flags aggregate generation as preliminary and inaccurate,2026-04-16,irena-world-generation-2000-2023.csv
DS-IRENASTAT-GEN25,SRC-IRENASTAT-GEN25,historical,,,,World,GLO,world,2001,electricity_generation,solar,Solar energy,gross_generation_including_self_consumption,1.68464,TWh,1684.64,GWh,Solar energy,reported; 2024 omitted because IRENA flags aggregate generation as preliminary and inaccurate,2026-04-16,irena-world-generation-2000-2023.csv
DS-IRENASTAT-GEN25,SRC-IRENASTAT-GEN25,historical,,,,World,GLO,world,2001,electricity_generation,wind,Wind energy,gross_generation_including_self_consumption,37.7455,TWh,37745.5,GWh,Wind energy,reported; 2024 omitted because IRENA flags aggregate generation as preliminary and inaccurate,2026-04-16,irena-world-generation-2000-2023.csv
DS-IRENASTAT-GEN25,SRC-IRENASTAT-GEN25,historical,,,,World,GLO,world,2001,storage_discharge,pumped_hydro_storage,Pumped storage,gross_generation_including_self_consumption,87.69728,TWh,87697.28,GWh,Pumped storage,reported; 2024 omitted because IRENA flags aggregate generation as preliminary and inaccurate,2026-04-16,irena-world-generation-2000-2023.csv
DS-IRENASTAT-GEN25,SRC-IRENASTAT-GEN25,historical,,,,World,GLO,world,2002,electricity_generation,bioenergy,Bioenergy,gross_generation_including_self_consumption,160.1627,TWh,160162.7,GWh,Bioenergy,reported; 2024 omitted because IRENA flags aggregate generation as preliminary and inaccurate,2026-04-16,irena-world-generation-2000-2023.csv
DS-IRENASTAT-GEN25,SRC-IRENASTAT-GEN25,historical,,,,World,GLO,world,2002,electricity_generation,fossil_fuels_total,Fossil fuels,gross_generation_including_self_consumption,10558.82229,TWh,10558822.29,GWh,Fossil fuels,reported; 2024 omitted because IRENA flags aggregate generation as preliminary and inaccurate,2026-04-16,irena-world-generation-2000-2023.csv
DS-IRENASTAT-GEN25,SRC-IRENASTAT-GEN25,historical,,,,World,GLO,world,2002,electricity_generation,geothermal,Geothermal energy,gross_generation_including_self_consumption,52.60468,TWh,52604.68,GWh,Geothermal energy,reported; 2024 omitted because IRENA flags aggregate generation as preliminary and inaccurate,2026-04-16,irena-world-generation-2000-2023.csv
DS-IRENASTAT-GEN25,SRC-IRENASTAT-GEN25,historical,,,,World,GLO,world,2002,electricity_generation,hydropower,Hydropower (excl. Pumped Storage),gross_generation_including_self_consumption,2626.8287,TWh,2626828.7,GWh,Hydropower (excl. Pumped Storage),reported; 2024 omitted because IRENA flags aggregate generation as preliminary and inaccurate,2026-04-16,irena-world-generation-2000-2023.csv
DS-IRENASTAT-GEN25,SRC-IRENASTAT-GEN25,historical,,,,World,GLO,world,2002,electricity_generation,marine_energy,Marine energy,gross_generation_including_self_consumption,0.53389,TWh,533.89,GWh,Marine energy,reported; 2024 omitted because IRENA flags aggregate generation as preliminary and inaccurate,2026-04-16,irena-world-generation-2000-2023.csv
DS-IRENASTAT-GEN25,SRC-IRENASTAT-GEN25,historical,,,,World,GLO,world,2002,electricity_generation,nonrenewables_total,Total non-renewable,gross_generation_including_self_consumption,13379.3311,TWh,13379331.1,GWh,Total non-renewable,reported; 2024 omitted because IRENA flags aggregate generation as preliminary and inaccurate,2026-04-16,irena-world-generation-2000-2023.csv
DS-IRENASTAT-GEN25,SRC-IRENASTAT-GEN25,historical,,,,World,GLO,world,2002,electricity_generation,nuclear,Nuclear,gross_generation_including_self_consumption,2661.40866,TWh,2661408.66,GWh,Nuclear,reported; 2024 omitted because IRENA flags aggregate generation as preliminary and inaccurate,2026-04-16,irena-world-generation-2000-2023.csv
DS-IRENASTAT-GEN25,SRC-IRENASTAT-GEN25,historical,,,,World,GLO,world,2002,electricity_generation,other_nonrenewable,Other non-renewable energy,gross_generation_including_self_consumption,69.79071,TWh,69790.71,GWh,Other non-renewable energy,reported; 2024 omitted because IRENA flags aggregate generation as preliminary and inaccurate,2026-04-16,irena-world-generation-2000-2023.csv
DS-IRENASTAT-GEN25,SRC-IRENASTAT-GEN25,historical,,,,World,GLO,world,2002,electricity_generation,renewables_total,Total renewable,gross_generation_including_self_consumption,2894.51779,TWh,2894517.79,GWh,Total renewable,reported; 2024 omitted because IRENA flags aggregate generation as preliminary and inaccurate,2026-04-16,irena-world-generation-2000-2023.csv
DS-IRENASTAT-GEN25,SRC-IRENASTAT-GEN25,historical,,,,World,GLO,world,2002,electricity_generation,solar,Solar energy,gross_generation_including_self_consumption,1.95748,TWh,1957.48,GWh,Solar energy,reported; 2024 omitted because IRENA flags aggregate generation as preliminary and inaccurate,2026-04-16,irena-world-generation-2000-2023.csv
DS-IRENASTAT-GEN25,SRC-IRENASTAT-GEN25,historical,,,,World,GLO,world,2002,electricity_generation,wind,Wind energy,gross_generation_including_self_consumption,52.43034,TWh,52430.34,GWh,Wind energy,reported; 2024 omitted because IRENA flags aggregate generation as preliminary and inaccurate,2026-04-16,irena-world-generation-2000-2023.csv
DS-IRENASTAT-GEN25,SRC-IRENASTAT-GEN25,historical,,,,World,GLO,world,2002,storage_discharge,pumped_hydro_storage,Pumped storage,gross_generation_including_self_consumption,89.30943,TWh,89309.43,GWh,Pumped storage,reported; 2024 omitted because IRENA flags aggregate generation as preliminary and inaccurate,2026-04-16,irena-world-generation-2000-2023.csv
DS-IRENASTAT-GEN25,SRC-IRENASTAT-GEN25,historical,,,,World,GLO,world,2003,electricity_generation,bioenergy,Bioenergy,gross_generation_including_self_consumption,173.03672,TWh,173036.72,GWh,Bioenergy,reported; 2024 omitted because IRENA flags aggregate generation as preliminary and inaccurate,2026-04-16,irena-world-generation-2000-2023.csv
DS-IRENASTAT-GEN25,SRC-IRENASTAT-GEN25,historical,,,,World,GLO,world,2003,electricity_generation,fossil_fuels_total,Fossil fuels,gross_generation_including_self_consumption,11142.90727,TWh,11142907.27,GWh,Fossil fuels,reported; 2024 omitted because IRENA flags aggregate generation as preliminary and inaccurate,2026-04-16,irena-world-generation-2000-2023.csv
DS-IRENASTAT-GEN25,SRC-IRENASTAT-GEN25,historical,,,,World,GLO,world,2003,electricity_generation,geothermal,Geothermal energy,gross_generation_including_self_consumption,53.77578,TWh,53775.78,GWh,Geothermal energy,reported; 2024 omitted because IRENA flags aggregate generation as preliminary and inaccurate,2026-04-16,irena-world-generation-2000-2023.csv
DS-IRENASTAT-GEN25,SRC-IRENASTAT-GEN25,historical,,,,World,GLO,world,2003,electricity_generation,hydropower,Hydropower (excl. Pumped Storage),gross_generation_including_self_consumption,2627.63232,TWh,2627632.32,GWh,Hydropower (excl. Pumped Storage),reported; 2024 omitted because IRENA flags aggregate generation as preliminary and inaccurate,2026-04-16,irena-world-generation-2000-2023.csv
DS-IRENASTAT-GEN25,SRC-IRENASTAT-GEN25,historical,,,,World,GLO,world,2003,electricity_generation,marine_energy,Marine energy,gross_generation_including_self_consumption,0.53083,TWh,530.83,GWh,Marine energy,reported; 2024 omitted because IRENA flags aggregate generation as preliminary and inaccurate,2026-04-16,irena-world-generation-2000-2023.csv
DS-IRENASTAT-GEN25,SRC-IRENASTAT-GEN25,historical,,,,World,GLO,world,2003,electricity_generation,nonrenewables_total,Total non-renewable,gross_generation_including_self_consumption,13938.47815,TWh,13938478.15,GWh,Total non-renewable,reported; 2024 omitted because IRENA flags aggregate generation as preliminary and inaccurate,2026-04-16,irena-world-generation-2000-2023.csv
DS-IRENASTAT-GEN25,SRC-IRENASTAT-GEN25,historical,,,,World,GLO,world,2003,electricity_generation,nuclear,Nuclear,gross_generation_including_self_consumption,2637.71164,TWh,2637711.64,GWh,Nuclear,reported; 2024 omitted because IRENA flags aggregate generation as preliminary and inaccurate,2026-04-16,irena-world-generation-2000-2023.csv
DS-IRENASTAT-GEN25,SRC-IRENASTAT-GEN25,historical,,,,World,GLO,world,2003,electricity_generation,other_nonrenewable,Other non-renewable energy,gross_generation_including_self_consumption,68.615,TWh,68615.0,GWh,Other non-renewable energy,reported; 2024 omitted because IRENA flags aggregate generation as preliminary and inaccurate,2026-04-16,irena-world-generation-2000-2023.csv
DS-IRENASTAT-GEN25,SRC-IRENASTAT-GEN25,historical,,,,World,GLO,world,2003,electricity_generation,renewables_total,Total renewable,gross_generation_including_self_consumption,2920.74999,TWh,2920749.99,GWh,Total renewable,reported; 2024 omitted because IRENA flags aggregate generation as preliminary and inaccurate,2026-04-16,irena-world-generation-2000-2023.csv
DS-IRENASTAT-GEN25,SRC-IRENASTAT-GEN25,historical,,,,World,GLO,world,2003,electricity_generation,solar,Solar energy,gross_generation_including_self_consumption,2.37668,TWh,2376.68,GWh,Solar energy,reported; 2024 omitted because IRENA flags aggregate generation as preliminary and inaccurate,2026-04-16,irena-world-generation-2000-2023.csv
DS-IRENASTAT-GEN25,SRC-IRENASTAT-GEN25,historical,,,,World,GLO,world,2003,electricity_generation,wind,Wind energy,gross_generation_including_self_consumption,63.39765,TWh,63397.65,GWh,Wind energy,reported; 2024 omitted because IRENA flags aggregate generation as preliminary and inaccurate,2026-04-16,irena-world-generation-2000-2023.csv
DS-IRENASTAT-GEN25,SRC-IRENASTAT-GEN25,historical,,,,World,GLO,world,2003,storage_discharge,pumped_hydro_storage,Pumped storage,gross_generation_including_self_consumption,89.24424,TWh,89244.24,GWh,Pumped storage,reported; 2024 omitted because IRENA flags aggregate generation as preliminary and inaccurate,2026-04-16,irena-world-generation-2000-2023.csv
DS-IRENASTAT-GEN25,SRC-IRENASTAT-GEN25,historical,,,,World,GLO,world,2004,electricity_generation,bioenergy,Bioenergy,gross_generation_including_self_consumption,188.24241,TWh,188242.41,GWh,Bioenergy,reported; 2024 omitted because IRENA flags aggregate generation as preliminary and inaccurate,2026-04-16,irena-world-generation-2000-2023.csv
DS-IRENASTAT-GEN25,SRC-IRENASTAT-GEN25,historical,,,,World,GLO,world,2004,electricity_generation,fossil_fuels_total,Fossil fuels,gross_generation_including_self_consumption,11584.53611,TWh,11584536.11,GWh,Fossil fuels,reported; 2024 omitted because IRENA flags aggregate generation as preliminary and inaccurate,2026-04-16,irena-world-generation-2000-2023.csv
DS-IRENASTAT-GEN25,SRC-IRENASTAT-GEN25,historical,,,,World,GLO,world,2004,electricity_generation,geothermal,Geothermal energy,gross_generation_including_self_consumption,56.06082,TWh,56060.82,GWh,Geothermal energy,reported; 2024 omitted because IRENA flags aggregate generation as preliminary and inaccurate,2026-04-16,irena-world-generation-2000-2023.csv
DS-IRENASTAT-GEN25,SRC-IRENASTAT-GEN25,historical,,,,World,GLO,world,2004,electricity_generation,hydropower,Hydropower (excl. Pumped Storage),gross_generation_including_self_consumption,2802.30247,TWh,2802302.47,GWh,Hydropower (excl. Pumped Storage),reported; 2024 omitted because IRENA flags aggregate generation as preliminary and inaccurate,2026-04-16,irena-world-generation-2000-2023.csv
DS-IRENASTAT-GEN25,SRC-IRENASTAT-GEN25,historical,,,,World,GLO,world,2004,electricity_generation,marine_energy,Marine energy,gross_generation_including_self_consumption,0.50863,TWh,508.63,GWh,Marine energy,reported; 2024 omitted because IRENA flags aggregate generation as preliminary and inaccurate,2026-04-16,irena-world-generation-2000-2023.csv
DS-IRENASTAT-GEN25,SRC-IRENASTAT-GEN25,historical,,,,World,GLO,world,2004,electricity_generation,nonrenewables_total,Total non-renewable,gross_generation_including_self_consumption,14488.57341,TWh,14488573.41,GWh,Total non-renewable,reported; 2024 omitted because IRENA flags aggregate generation as preliminary and inaccurate,2026-04-16,irena-world-generation-2000-2023.csv
DS-IRENASTAT-GEN25,SRC-IRENASTAT-GEN25,historical,,,,World,GLO,world,2004,electricity_generation,nuclear,Nuclear,gross_generation_including_self_consumption,2740.96225,TWh,2740962.25,GWh,Nuclear,reported; 2024 omitted because IRENA flags aggregate generation as preliminary and inaccurate,2026-04-16,irena-world-generation-2000-2023.csv
DS-IRENASTAT-GEN25,SRC-IRENASTAT-GEN25,historical,,,,World,GLO,world,2004,electricity_generation,other_nonrenewable,Other non-renewable energy,gross_generation_including_self_consumption,72.07432,TWh,72074.32,GWh,Other non-renewable energy,reported; 2024 omitted because IRENA flags aggregate generation as preliminary and inaccurate,2026-04-16,irena-world-generation-2000-2023.csv
DS-IRENASTAT-GEN25,SRC-IRENASTAT-GEN25,historical,,,,World,GLO,world,2004,electricity_generation,renewables_total,Total renewable,gross_generation_including_self_consumption,3134.29497,TWh,3134294.97,GWh,Total renewable,reported; 2024 omitted because IRENA flags aggregate generation as preliminary and inaccurate,2026-04-16,irena-world-generation-2000-2023.csv
DS-IRENASTAT-GEN25,SRC-IRENASTAT-GEN25,historical,,,,World,GLO,world,2004,electricity_generation,solar,Solar energy,gross_generation_including_self_consumption,3.07219,TWh,3072.19,GWh,Solar energy,reported; 2024 omitted because IRENA flags aggregate generation as preliminary and inaccurate,2026-04-16,irena-world-generation-2000-2023.csv
DS-IRENASTAT-GEN25,SRC-IRENASTAT-GEN25,historical,,,,World,GLO,world,2004,electricity_generation,wind,Wind energy,gross_generation_including_self_consumption,84.10845,TWh,84108.45,GWh,Wind energy,reported; 2024 omitted because IRENA flags aggregate generation as preliminary and inaccurate,2026-04-16,irena-world-generation-2000-2023.csv
DS-IRENASTAT-GEN25,SRC-IRENASTAT-GEN25,historical,,,,World,GLO,world,2004,storage_discharge,pumped_hydro_storage,Pumped storage,gross_generation_including_self_consumption,91.00074,TWh,91000.74,GWh,Pumped storage,reported; 2024 omitted because IRENA flags aggregate generation as preliminary and inaccurate,2026-04-16,irena-world-generation-2000-2023.csv
DS-IRENASTAT-GEN25,SRC-IRENASTAT-GEN25,historical,,,,World,GLO,world,2005,electricity_generation,bioenergy,Bioenergy,gross_generation_including_self_consumption,208.99022,TWh,208990.22,GWh,Bioenergy,reported; 2024 omitted because IRENA flags aggregate generation as preliminary and inaccurate,2026-04-16,irena-world-generation-2000-2023.csv
DS-IRENASTAT-GEN25,SRC-IRENASTAT-GEN25,historical,,,,World,GLO,world,2005,electricity_generation,fossil_fuels_total,Fossil fuels,gross_generation_including_self_consumption,12148.68572,TWh,12148685.72,GWh,Fossil fuels,reported; 2024 omitted because IRENA flags aggregate generation as preliminary and inaccurate,2026-04-16,irena-world-generation-2000-2023.csv
DS-IRENASTAT-GEN25,SRC-IRENASTAT-GEN25,historical,,,,World,GLO,world,2005,electricity_generation,geothermal,Geothermal energy,gross_generation_including_self_consumption,58.46667,TWh,58466.67,GWh,Geothermal energy,reported; 2024 omitted because IRENA flags aggregate generation as preliminary and inaccurate,2026-04-16,irena-world-generation-2000-2023.csv
DS-IRENASTAT-GEN25,SRC-IRENASTAT-GEN25,historical,,,,World,GLO,world,2005,electricity_generation,hydropower,Hydropower (excl. Pumped Storage),gross_generation_including_self_consumption,2919.23708,TWh,2919237.08,GWh,Hydropower (excl. Pumped Storage),reported; 2024 omitted because IRENA flags aggregate generation as preliminary and inaccurate,2026-04-16,irena-world-generation-2000-2023.csv
DS-IRENASTAT-GEN25,SRC-IRENASTAT-GEN25,historical,,,,World,GLO,world,2005,electricity_generation,marine_energy,Marine energy,gross_generation_including_self_consumption,0.51635,TWh,516.35,GWh,Marine energy,reported; 2024 omitted because IRENA flags aggregate generation as preliminary and inaccurate,2026-04-16,irena-world-generation-2000-2023.csv
DS-IRENASTAT-GEN25,SRC-IRENASTAT-GEN25,historical,,,,World,GLO,world,2005,electricity_generation,nonrenewables_total,Total non-renewable,gross_generation_including_self_consumption,15088.93535,TWh,15088935.35,GWh,Total non-renewable,reported; 2024 omitted because IRENA flags aggregate generation as preliminary and inaccurate,2026-04-16,irena-world-generation-2000-2023.csv
DS-IRENASTAT-GEN25,SRC-IRENASTAT-GEN25,historical,,,,World,GLO,world,2005,electricity_generation,nuclear,Nuclear,gross_generation_including_self_consumption,2769.0581,TWh,2769058.1,GWh,Nuclear,reported; 2024 omitted because IRENA flags aggregate generation as preliminary and inaccurate,2026-04-16,irena-world-generation-2000-2023.csv
DS-IRENASTAT-GEN25,SRC-IRENASTAT-GEN25,historical,,,,World,GLO,world,2005,electricity_generation,other_nonrenewable,Other non-renewable energy,gross_generation_including_self_consumption,77.21213,TWh,77212.13,GWh,Other non-renewable energy,reported; 2024 omitted because IRENA flags aggregate generation as preliminary and inaccurate,2026-04-16,irena-world-generation-2000-2023.csv
DS-IRENASTAT-GEN25,SRC-IRENASTAT-GEN25,historical,,,,World,GLO,world,2005,electricity_generation,renewables_total,Total renewable,gross_generation_including_self_consumption,3294.84145,TWh,3294841.45,GWh,Total renewable,reported; 2024 omitted because IRENA flags aggregate generation as preliminary and inaccurate,2026-04-16,irena-world-generation-2000-2023.csv
DS-IRENASTAT-GEN25,SRC-IRENASTAT-GEN25,historical,,,,World,GLO,world,2005,electricity_generation,solar,Solar energy,gross_generation_including_self_consumption,4.38792,TWh,4387.92,GWh,Solar energy,reported; 2024 omitted because IRENA flags aggregate generation as preliminary and inaccurate,2026-04-16,irena-world-generation-2000-2023.csv
DS-IRENASTAT-GEN25,SRC-IRENASTAT-GEN25,historical,,,,World,GLO,world,2005,electricity_generation,wind,Wind energy,gross_generation_including_self_consumption,103.2432,TWh,103243.2,GWh,Wind energy,reported; 2024 omitted because IRENA flags aggregate generation as preliminary and inaccurate,2026-04-16,irena-world-generation-2000-2023.csv
DS-IRENASTAT-GEN25,SRC-IRENASTAT-GEN25,historical,,,,World,GLO,world,2005,storage_discharge,pumped_hydro_storage,Pumped storage,gross_generation_including_self_consumption,93.9794,TWh,93979.4,GWh,Pumped storage,reported; 2024 omitted because IRENA flags aggregate generation as preliminary and inaccurate,2026-04-16,irena-world-generation-2000-2023.csv
DS-IRENASTAT-GEN25,SRC-IRENASTAT-GEN25,historical,,,,World,GLO,world,2006,electricity_generation,bioenergy,Bioenergy,gross_generation_including_self_consumption,221.63304,TWh,221633.04,GWh,Bioenergy,reported; 2024 omitted because IRENA flags aggregate generation as preliminary and inaccurate,2026-04-16,irena-world-generation-2000-2023.csv
DS-IRENASTAT-GEN25,SRC-IRENASTAT-GEN25,historical,,,,World,GLO,world,2006,electricity_generation,fossil_fuels_total,Fossil fuels,gross_generation_including_self_consumption,12681.25144,TWh,12681251.44,GWh,Fossil fuels,reported; 2024 omitted because IRENA flags aggregate generation as preliminary and inaccurate,2026-04-16,irena-world-generation-2000-2023.csv
DS-IRENASTAT-GEN25,SRC-IRENASTAT-GEN25,historical,,,,World,GLO,world,2006,electricity_generation,geothermal,Geothermal energy,gross_generation_including_self_consumption,59.76935,TWh,59769.35,GWh,Geothermal energy,reported; 2024 omitted because IRENA flags aggregate generation as preliminary and inaccurate,2026-04-16,irena-world-generation-2000-2023.csv
DS-IRENASTAT-GEN25,SRC-IRENASTAT-GEN25,historical,,,,World,GLO,world,2006,electricity_generation,hydropower,Hydropower (excl. Pumped Storage),gross_generation_including_self_consumption,3031.27481,TWh,3031274.81,GWh,Hydropower (excl. Pumped Storage),reported; 2024 omitted because IRENA flags aggregate generation as preliminary and inaccurate,2026-04-16,irena-world-generation-2000-2023.csv
DS-IRENASTAT-GEN25,SRC-IRENASTAT-GEN25,historical,,,,World,GLO,world,2006,electricity_generation,marine_energy,Marine energy,gross_generation_including_self_consumption,0.49072,TWh,490.72,GWh,Marine energy,reported; 2024 omitted because IRENA flags aggregate generation as preliminary and inaccurate,2026-04-16,irena-world-generation-2000-2023.csv
DS-IRENASTAT-GEN25,SRC-IRENASTAT-GEN25,historical,,,,World,GLO,world,2006,electricity_generation,nonrenewables_total,Total non-renewable,gross_generation_including_self_consumption,15645.22981,TWh,15645229.81,GWh,Total non-renewable,reported; 2024 omitted because IRENA flags aggregate generation as preliminary and inaccurate,2026-04-16,irena-world-generation-2000-2023.csv
DS-IRENASTAT-GEN25,SRC-IRENASTAT-GEN25,historical,,,,World,GLO,world,2006,electricity_generation,nuclear,Nuclear,gross_generation_including_self_consumption,2791.90056,TWh,2791900.56,GWh,Nuclear,reported; 2024 omitted because IRENA flags aggregate generation as preliminary and inaccurate,2026-04-16,irena-world-generation-2000-2023.csv
DS-IRENASTAT-GEN25,SRC-IRENASTAT-GEN25,historical,,,,World,GLO,world,2006,electricity_generation,other_nonrenewable,Other non-renewable energy,gross_generation_including_self_consumption,77.82862,TWh,77828.62,GWh,Other non-renewable energy,reported; 2024 omitted because IRENA flags aggregate generation as preliminary and inaccurate,2026-04-16,irena-world-generation-2000-2023.csv
DS-IRENASTAT-GEN25,SRC-IRENASTAT-GEN25,historical,,,,World,GLO,world,2006,electricity_generation,renewables_total,Total renewable,gross_generation_including_self_consumption,3448.71195,TWh,3448711.95,GWh,Total renewable,reported; 2024 omitted because IRENA flags aggregate generation as preliminary and inaccurate,2026-04-16,irena-world-generation-2000-2023.csv
DS-IRENASTAT-GEN25,SRC-IRENASTAT-GEN25,historical,,,,World,GLO,world,2006,electricity_generation,solar,Solar energy,gross_generation_including_self_consumption,5.99861,TWh,5998.61,GWh,Solar energy,reported; 2024 omitted because IRENA flags aggregate generation as preliminary and inaccurate,2026-04-16,irena-world-generation-2000-2023.csv
DS-IRENASTAT-GEN25,SRC-IRENASTAT-GEN25,historical,,,,World,GLO,world,2006,electricity_generation,wind,Wind energy,gross_generation_including_self_consumption,129.54543,TWh,129545.43,GWh,Wind energy,reported; 2024 omitted because IRENA flags aggregate generation as preliminary and inaccurate,2026-04-16,irena-world-generation-2000-2023.csv
DS-IRENASTAT-GEN25,SRC-IRENASTAT-GEN25,historical,,,,World,GLO,world,2006,storage_discharge,pumped_hydro_storage,Pumped storage,gross_generation_including_self_consumption,94.24919,TWh,94249.19,GWh,Pumped storage,reported; 2024 omitted because IRENA flags aggregate generation as preliminary and inaccurate,2026-04-16,irena-world-generation-2000-2023.csv
DS-IRENASTAT-GEN25,SRC-IRENASTAT-GEN25,historical,,,,World,GLO,world,2007,electricity_generation,bioenergy,Bioenergy,gross_generation_including_self_consumption,245.01923,TWh,245019.23,GWh,Bioenergy,reported; 2024 omitted because IRENA flags aggregate generation as preliminary and inaccurate,2026-04-16,irena-world-generation-2000-2023.csv
DS-IRENASTAT-GEN25,SRC-IRENASTAT-GEN25,historical,,,,World,GLO,world,2007,electricity_generation,fossil_fuels_total,Fossil fuels,gross_generation_including_self_consumption,13466.1193,TWh,13466119.3,GWh,Fossil fuels,reported; 2024 omitted because IRENA flags aggregate generation as preliminary and inaccurate,2026-04-16,irena-world-generation-2000-2023.csv
DS-IRENASTAT-GEN25,SRC-IRENASTAT-GEN25,historical,,,,World,GLO,world,2007,electricity_generation,geothermal,Geothermal energy,gross_generation_including_self_consumption,62.66888,TWh,62668.88,GWh,Geothermal energy,reported; 2024 omitted because IRENA flags aggregate generation as preliminary and inaccurate,2026-04-16,irena-world-generation-2000-2023.csv
DS-IRENASTAT-GEN25,SRC-IRENASTAT-GEN25,historical,,,,World,GLO,world,2007,electricity_generation,hydropower,Hydropower (excl. Pumped Storage),gross_generation_including_self_consumption,3068.46938,TWh,3068469.38,GWh,Hydropower (excl. Pumped Storage),reported; 2024 omitted because IRENA flags aggregate generation as preliminary and inaccurate,2026-04-16,irena-world-generation-2000-2023.csv
DS-IRENASTAT-GEN25,SRC-IRENASTAT-GEN25,historical,,,,World,GLO,world,2007,electricity_generation,marine_energy,Marine energy,gross_generation_including_self_consumption,0.49602,TWh,496.02,GWh,Marine energy,reported; 2024 omitted because IRENA flags aggregate generation as preliminary and inaccurate,2026-04-16,irena-world-generation-2000-2023.csv
DS-IRENASTAT-GEN25,SRC-IRENASTAT-GEN25,historical,,,,World,GLO,world,2007,electricity_generation,nonrenewables_total,Total non-renewable,gross_generation_including_self_consumption,16358.63409,TWh,16358634.09,GWh,Total non-renewable,reported; 2024 omitted because IRENA flags aggregate generation as preliminary and inaccurate,2026-04-16,irena-world-generation-2000-2023.csv
DS-IRENASTAT-GEN25,SRC-IRENASTAT-GEN25,historical,,,,World,GLO,world,2007,electricity_generation,nuclear,Nuclear,gross_generation_including_self_consumption,2720.12059,TWh,2720120.59,GWh,Nuclear,reported; 2024 omitted because IRENA flags aggregate generation as preliminary and inaccurate,2026-04-16,irena-world-generation-2000-2023.csv
DS-IRENASTAT-GEN25,SRC-IRENASTAT-GEN25,historical,,,,World,GLO,world,2007,electricity_generation,other_nonrenewable,Other non-renewable energy,gross_generation_including_self_consumption,75.1606,TWh,75160.6,GWh,Other non-renewable energy,reported; 2024 omitted because IRENA flags aggregate generation as preliminary and inaccurate,2026-04-16,irena-world-generation-2000-2023.csv
DS-IRENASTAT-GEN25,SRC-IRENASTAT-GEN25,historical,,,,World,GLO,world,2007,electricity_generation,renewables_total,Total renewable,gross_generation_including_self_consumption,3553.66142,TWh,3553661.42,GWh,Total renewable,reported; 2024 omitted because IRENA flags aggregate generation as preliminary and inaccurate,2026-04-16,irena-world-generation-2000-2023.csv
DS-IRENASTAT-GEN25,SRC-IRENASTAT-GEN25,historical,,,,World,GLO,world,2007,electricity_generation,solar,Solar energy,gross_generation_including_self_consumption,8.08116,TWh,8081.16,GWh,Solar energy,reported; 2024 omitted because IRENA flags aggregate generation as preliminary and inaccurate,2026-04-16,irena-world-generation-2000-2023.csv
DS-IRENASTAT-GEN25,SRC-IRENASTAT-GEN25,historical,,,,World,GLO,world,2007,electricity_generation,wind,Wind energy,gross_generation_including_self_consumption,168.92675,TWh,168926.75,GWh,Wind energy,reported; 2024 omitted because IRENA flags aggregate generation as preliminary and inaccurate,2026-04-16,irena-world-generation-2000-2023.csv
DS-IRENASTAT-GEN25,SRC-IRENASTAT-GEN25,historical,,,,World,GLO,world,2007,storage_discharge,pumped_hydro_storage,Pumped storage,gross_generation_including_self_consumption,97.2336,TWh,97233.6,GWh,Pumped storage,reported; 2024 omitted because IRENA flags aggregate generation as preliminary and inaccurate,2026-04-16,irena-world-generation-2000-2023.csv
DS-IRENASTAT-GEN25,SRC-IRENASTAT-GEN25,historical,,,,World,GLO,world,2008,electricity_generation,bioenergy,Bioenergy,gross_generation_including_self_consumption,263.47242,TWh,263472.42,GWh,Bioenergy,reported; 2024 omitted because IRENA flags aggregate generation as preliminary and inaccurate,2026-04-16,irena-world-generation-2000-2023.csv
DS-IRENASTAT-GEN25,SRC-IRENASTAT-GEN25,historical,,,,World,GLO,world,2008,electricity_generation,fossil_fuels_total,Fossil fuels,gross_generation_including_self_consumption,13651.6214,TWh,13651621.4,GWh,Fossil fuels,reported; 2024 omitted because IRENA flags aggregate generation as preliminary and inaccurate,2026-04-16,irena-world-generation-2000-2023.csv
DS-IRENASTAT-GEN25,SRC-IRENASTAT-GEN25,historical,,,,World,GLO,world,2008,electricity_generation,geothermal,Geothermal energy,gross_generation_including_self_consumption,65.26218,TWh,65262.18,GWh,Geothermal energy,reported; 2024 omitted because IRENA flags aggregate generation as preliminary and inaccurate,2026-04-16,irena-world-generation-2000-2023.csv
DS-IRENASTAT-GEN25,SRC-IRENASTAT-GEN25,historical,,,,World,GLO,world,2008,electricity_generation,hydropower,Hydropower (excl. Pumped Storage),gross_generation_including_self_consumption,3217.18163,TWh,3217181.63,GWh,Hydropower (excl. Pumped Storage),reported; 2024 omitted because IRENA flags aggregate generation as preliminary and inaccurate,2026-04-16,irena-world-generation-2000-2023.csv
DS-IRENASTAT-GEN25,SRC-IRENASTAT-GEN25,historical,,,,World,GLO,world,2008,electricity_generation,marine_energy,Marine energy,gross_generation_including_self_consumption,0.48785,TWh,487.85,GWh,Marine energy,reported; 2024 omitted because IRENA flags aggregate generation as preliminary and inaccurate,2026-04-16,irena-world-generation-2000-2023.csv
DS-IRENASTAT-GEN25,SRC-IRENASTAT-GEN25,historical,,,,World,GLO,world,2008,electricity_generation,nonrenewables_total,Total non-renewable,gross_generation_including_self_consumption,16552.86973,TWh,16552869.73,GWh,Total non-renewable,reported; 2024 omitted because IRENA flags aggregate generation as preliminary and inaccurate,2026-04-16,irena-world-generation-2000-2023.csv
DS-IRENASTAT-GEN25,SRC-IRENASTAT-GEN25,historical,,,,World,GLO,world,2008,electricity_generation,nuclear,Nuclear,gross_generation_including_self_consumption,2734.72322,TWh,2734723.22,GWh,Nuclear,reported; 2024 omitted because IRENA flags aggregate generation as preliminary and inaccurate,2026-04-16,irena-world-generation-2000-2023.csv
DS-IRENASTAT-GEN25,SRC-IRENASTAT-GEN25,historical,,,,World,GLO,world,2008,electricity_generation,other_nonrenewable,Other non-renewable energy,gross_generation_including_self_consumption,74.54171,TWh,74541.71,GWh,Other non-renewable energy,reported; 2024 omitted because IRENA flags aggregate generation as preliminary and inaccurate,2026-04-16,irena-world-generation-2000-2023.csv
DS-IRENASTAT-GEN25,SRC-IRENASTAT-GEN25,historical,,,,World,GLO,world,2008,electricity_generation,renewables_total,Total renewable,gross_generation_including_self_consumption,3776.08489,TWh,3776084.89,GWh,Total renewable,reported; 2024 omitted because IRENA flags aggregate generation as preliminary and inaccurate,2026-04-16,irena-world-generation-2000-2023.csv
DS-IRENASTAT-GEN25,SRC-IRENASTAT-GEN25,historical,,,,World,GLO,world,2008,electricity_generation,solar,Solar energy,gross_generation_including_self_consumption,12.7556,TWh,12755.6,GWh,Solar energy,reported; 2024 omitted because IRENA flags aggregate generation as preliminary and inaccurate,2026-04-16,irena-world-generation-2000-2023.csv
DS-IRENASTAT-GEN25,SRC-IRENASTAT-GEN25,historical,,,,World,GLO,world,2008,electricity_generation,wind,Wind energy,gross_generation_including_self_consumption,216.92522,TWh,216925.22,GWh,Wind energy,reported; 2024 omitted because IRENA flags aggregate generation as preliminary and inaccurate,2026-04-16,irena-world-generation-2000-2023.csv
DS-IRENASTAT-GEN25,SRC-IRENASTAT-GEN25,historical,,,,World,GLO,world,2008,storage_discharge,pumped_hydro_storage,Pumped storage,gross_generation_including_self_consumption,91.9834,TWh,91983.4,GWh,Pumped storage,reported; 2024 omitted because IRENA flags aggregate generation as preliminary and inaccurate,2026-04-16,irena-world-generation-2000-2023.csv
DS-IRENASTAT-GEN25,SRC-IRENASTAT-GEN25,historical,,,,World,GLO,world,2009,electricity_generation,bioenergy,Bioenergy,gross_generation_including_self_consumption,281.66612,TWh,281666.12,GWh,Bioenergy,reported; 2024 omitted because IRENA flags aggregate generation as preliminary and inaccurate,2026-04-16,irena-world-generation-2000-2023.csv
DS-IRENASTAT-GEN25,SRC-IRENASTAT-GEN25,historical,,,,World,GLO,world,2009,electricity_generation,fossil_fuels_total,Fossil fuels,gross_generation_including_self_consumption,13461.85779,TWh,13461857.79,GWh,Fossil fuels,reported; 2024 omitted because IRENA flags aggregate generation as preliminary and inaccurate,2026-04-16,irena-world-generation-2000-2023.csv
DS-IRENASTAT-GEN25,SRC-IRENASTAT-GEN25,historical,,,,World,GLO,world,2009,electricity_generation,geothermal,Geothermal energy,gross_generation_including_self_consumption,67.28973,TWh,67289.73,GWh,Geothermal energy,reported; 2024 omitted because IRENA flags aggregate generation as preliminary and inaccurate,2026-04-16,irena-world-generation-2000-2023.csv
DS-IRENASTAT-GEN25,SRC-IRENASTAT-GEN25,historical,,,,World,GLO,world,2009,electricity_generation,hydropower,Hydropower (excl. Pumped Storage),gross_generation_including_self_consumption,3267.05321,TWh,3267053.21,GWh,Hydropower (excl. Pumped Storage),reported; 2024 omitted because IRENA flags aggregate generation as preliminary and inaccurate,2026-04-16,irena-world-generation-2000-2023.csv
DS-IRENASTAT-GEN25,SRC-IRENASTAT-GEN25,historical,,,,World,GLO,world,2009,electricity_generation,marine_energy,Marine energy,gross_generation_including_self_consumption,0.48692,TWh,486.92,GWh,Marine energy,reported; 2024 omitted because IRENA flags aggregate generation as preliminary and inaccurate,2026-04-16,irena-world-generation-2000-2023.csv
DS-IRENASTAT-GEN25,SRC-IRENASTAT-GEN25,historical,,,,World,GLO,world,2009,electricity_generation,nonrenewables_total,Total non-renewable,gross_generation_including_self_consumption,16323.69016,TWh,16323690.16,GWh,Total non-renewable,reported; 2024 omitted because IRENA flags aggregate generation as preliminary and inaccurate,2026-04-16,irena-world-generation-2000-2023.csv
DS-IRENASTAT-GEN25,SRC-IRENASTAT-GEN25,historical,,,,World,GLO,world,2009,electricity_generation,nuclear,Nuclear,gross_generation_including_self_consumption,2692.62733,TWh,2692627.33,GWh,Nuclear,reported; 2024 omitted because IRENA flags aggregate generation as preliminary and inaccurate,2026-04-16,irena-world-generation-2000-2023.csv
DS-IRENASTAT-GEN25,SRC-IRENASTAT-GEN25,historical,,,,World,GLO,world,2009,electricity_generation,other_nonrenewable,Other non-renewable energy,gross_generation_including_self_consumption,79.76479,TWh,79764.79,GWh,Other non-renewable energy,reported; 2024 omitted because IRENA flags aggregate generation as preliminary and inaccurate,2026-04-16,irena-world-generation-2000-2023.csv
DS-IRENASTAT-GEN25,SRC-IRENASTAT-GEN25,historical,,,,World,GLO,world,2009,electricity_generation,renewables_total,Total renewable,gross_generation_including_self_consumption,3909.5215,TWh,3909521.5,GWh,Total renewable,reported; 2024 omitted because IRENA flags aggregate generation as preliminary and inaccurate,2026-04-16,irena-world-generation-2000-2023.csv
DS-IRENASTAT-GEN25,SRC-IRENASTAT-GEN25,historical,,,,World,GLO,world,2009,electricity_generation,solar,Solar energy,gross_generation_including_self_consumption,20.94812,TWh,20948.12,GWh,Solar energy,reported; 2024 omitted because IRENA flags aggregate generation as preliminary and inaccurate,2026-04-16,irena-world-generation-2000-2023.csv
DS-IRENASTAT-GEN25,SRC-IRENASTAT-GEN25,historical,,,,World,GLO,world,2009,electricity_generation,wind,Wind energy,gross_generation_including_self_consumption,272.07739,TWh,272077.39,GWh,Wind energy,reported; 2024 omitted because IRENA flags aggregate generation as preliminary and inaccurate,2026-04-16,irena-world-generation-2000-2023.csv
DS-IRENASTAT-GEN25,SRC-IRENASTAT-GEN25,historical,,,,World,GLO,world,2009,storage_discharge,pumped_hydro_storage,Pumped storage,gross_generation_including_self_consumption,89.44025,TWh,89440.25,GWh,Pumped storage,reported; 2024 omitted because IRENA flags aggregate generation as preliminary and inaccurate,2026-04-16,irena-world-generation-2000-2023.csv
DS-IRENASTAT-GEN25,SRC-IRENASTAT-GEN25,historical,,,,World,GLO,world,2010,electricity_generation,bioenergy,Bioenergy,gross_generation_including_self_consumption,317.29475,TWh,317294.75,GWh,Bioenergy,reported; 2024 omitted because IRENA flags aggregate generation as preliminary and inaccurate,2026-04-16,irena-world-generation-2000-2023.csv
DS-IRENASTAT-GEN25,SRC-IRENASTAT-GEN25,historical,,,,World,GLO,world,2010,electricity_generation,fossil_fuels_total,Fossil fuels,gross_generation_including_self_consumption,14440.58593,TWh,14440585.93,GWh,Fossil fuels,reported; 2024 omitted because IRENA flags aggregate generation as preliminary and inaccurate,2026-04-16,irena-world-generation-2000-2023.csv
DS-IRENASTAT-GEN25,SRC-IRENASTAT-GEN25,historical,,,,World,GLO,world,2010,electricity_generation,geothermal,Geothermal energy,gross_generation_including_self_consumption,68.43618,TWh,68436.18,GWh,Geothermal energy,reported; 2024 omitted because IRENA flags aggregate generation as preliminary and inaccurate,2026-04-16,irena-world-generation-2000-2023.csv
DS-IRENASTAT-GEN25,SRC-IRENASTAT-GEN25,historical,,,,World,GLO,world,2010,electricity_generation,hydropower,Hydropower (excl. Pumped Storage),gross_generation_including_self_consumption,3437.74906,TWh,3437749.06,GWh,Hydropower (excl. Pumped Storage),reported; 2024 omitted because IRENA flags aggregate generation as preliminary and inaccurate,2026-04-16,irena-world-generation-2000-2023.csv
DS-IRENASTAT-GEN25,SRC-IRENASTAT-GEN25,historical,,,,World,GLO,world,2010,electricity_generation,marine_energy,Marine energy,gross_generation_including_self_consumption,0.51432,TWh,514.32,GWh,Marine energy,reported; 2024 omitted because IRENA flags aggregate generation as preliminary and inaccurate,2026-04-16,irena-world-generation-2000-2023.csv
DS-IRENASTAT-GEN25,SRC-IRENASTAT-GEN25,historical,,,,World,GLO,world,2010,electricity_generation,nonrenewables_total,Total non-renewable,gross_generation_including_self_consumption,17381.04177,TWh,17381041.77,GWh,Total non-renewable,reported; 2024 omitted because IRENA flags aggregate generation as preliminary and inaccurate,2026-04-16,irena-world-generation-2000-2023.csv
DS-IRENASTAT-GEN25,SRC-IRENASTAT-GEN25,historical,,,,World,GLO,world,2010,electricity_generation,nuclear,Nuclear,gross_generation_including_self_consumption,2750.40792,TWh,2750407.92,GWh,Nuclear,reported; 2024 omitted because IRENA flags aggregate generation as preliminary and inaccurate,2026-04-16,irena-world-generation-2000-2023.csv
DS-IRENASTAT-GEN25,SRC-IRENASTAT-GEN25,historical,,,,World,GLO,world,2010,electricity_generation,other_nonrenewable,Other non-renewable energy,gross_generation_including_self_consumption,94.64277,TWh,94642.77,GWh,Other non-renewable energy,reported; 2024 omitted because IRENA flags aggregate generation as preliminary and inaccurate,2026-04-16,irena-world-generation-2000-2023.csv
DS-IRENASTAT-GEN25,SRC-IRENASTAT-GEN25,historical,,,,World,GLO,world,2010,electricity_generation,renewables_total,Total renewable,gross_generation_including_self_consumption,4200.67473,TWh,4200674.73,GWh,Total renewable,reported; 2024 omitted because IRENA flags aggregate generation as preliminary and inaccurate,2026-04-16,irena-world-generation-2000-2023.csv
DS-IRENASTAT-GEN25,SRC-IRENASTAT-GEN25,historical,,,,World,GLO,world,2010,electricity_generation,solar,Solar energy,gross_generation_including_self_consumption,33.78996,TWh,33789.96,GWh,Solar energy,reported; 2024 omitted because IRENA flags aggregate generation as preliminary and inaccurate,2026-04-16,irena-world-generation-2000-2023.csv
DS-IRENASTAT-GEN25,SRC-IRENASTAT-GEN25,historical,,,,World,GLO,world,2010,electricity_generation,wind,Wind energy,gross_generation_including_self_consumption,342.89045,TWh,342890.45,GWh,Wind energy,reported; 2024 omitted because IRENA flags aggregate generation as preliminary and inaccurate,2026-04-16,irena-world-generation-2000-2023.csv
DS-IRENASTAT-GEN25,SRC-IRENASTAT-GEN25,historical,,,,World,GLO,world,2010,storage_discharge,pumped_hydro_storage,Pumped storage,gross_generation_including_self_consumption,95.40514,TWh,95405.14,GWh,Pumped storage,reported; 2024 omitted because IRENA flags aggregate generation as preliminary and inaccurate,2026-04-16,irena-world-generation-2000-2023.csv
DS-IRENASTAT-GEN25,SRC-IRENASTAT-GEN25,historical,,,,World,GLO,world,2011,electricity_generation,bioenergy,Bioenergy,gross_generation_including_self_consumption,335.00168,TWh,335001.68,GWh,Bioenergy,reported; 2024 omitted because IRENA flags aggregate generation as preliminary and inaccurate,2026-04-16,irena-world-generation-2000-2023.csv
DS-IRENASTAT-GEN25,SRC-IRENASTAT-GEN25,historical,,,,World,GLO,world,2011,electricity_generation,fossil_fuels_total,Fossil fuels,gross_generation_including_self_consumption,15122.11141,TWh,15122111.41,GWh,Fossil fuels,reported; 2024 omitted because IRENA flags aggregate generation as preliminary and inaccurate,2026-04-16,irena-world-generation-2000-2023.csv
DS-IRENASTAT-GEN25,SRC-IRENASTAT-GEN25,historical,,,,World,GLO,world,2011,electricity_generation,geothermal,Geothermal energy,gross_generation_including_self_consumption,69.79618,TWh,69796.18,GWh,Geothermal energy,reported; 2024 omitted because IRENA flags aggregate generation as preliminary and inaccurate,2026-04-16,irena-world-generation-2000-2023.csv
DS-IRENASTAT-GEN25,SRC-IRENASTAT-GEN25,historical,,,,World,GLO,world,2011,electricity_generation,hydropower,Hydropower (excl. Pumped Storage),gross_generation_including_self_consumption,3514.03678,TWh,3514036.78,GWh,Hydropower (excl. Pumped Storage),reported; 2024 omitted because IRENA flags aggregate generation as preliminary and inaccurate,2026-04-16,irena-world-generation-2000-2023.csv
DS-IRENASTAT-GEN25,SRC-IRENASTAT-GEN25,historical,,,,World,GLO,world,2011,electricity_generation,marine_energy,Marine energy,gross_generation_including_self_consumption,0.51346,TWh,513.46,GWh,Marine energy,reported; 2024 omitted because IRENA flags aggregate generation as preliminary and inaccurate,2026-04-16,irena-world-generation-2000-2023.csv
DS-IRENASTAT-GEN25,SRC-IRENASTAT-GEN25,historical,,,,World,GLO,world,2011,electricity_generation,nonrenewables_total,Total non-renewable,gross_generation_including_self_consumption,17890.09192,TWh,17890091.92,GWh,Total non-renewable,reported; 2024 omitted because IRENA flags aggregate generation as preliminary and inaccurate,2026-04-16,irena-world-generation-2000-2023.csv
DS-IRENASTAT-GEN25,SRC-IRENASTAT-GEN25,historical,,,,World,GLO,world,2011,electricity_generation,nuclear,Nuclear,gross_generation_including_self_consumption,2576.72878,TWh,2576728.78,GWh,Nuclear,reported; 2024 omitted because IRENA flags aggregate generation as preliminary and inaccurate,2026-04-16,irena-world-generation-2000-2023.csv
DS-IRENASTAT-GEN25,SRC-IRENASTAT-GEN25,historical,,,,World,GLO,world,2011,electricity_generation,other_nonrenewable,Other non-renewable energy,gross_generation_including_self_consumption,100.8373,TWh,100837.3,GWh,Other non-renewable energy,reported; 2024 omitted because IRENA flags aggregate generation as preliminary and inaccurate,2026-04-16,irena-world-generation-2000-2023.csv
DS-IRENASTAT-GEN25,SRC-IRENASTAT-GEN25,historical,,,,World,GLO,world,2011,electricity_generation,renewables_total,Total renewable,gross_generation_including_self_consumption,4418.87553,TWh,4418875.53,GWh,Total renewable,reported; 2024 omitted because IRENA flags aggregate generation as preliminary and inaccurate,2026-04-16,irena-world-generation-2000-2023.csv
DS-IRENASTAT-GEN25,SRC-IRENASTAT-GEN25,historical,,,,World,GLO,world,2011,electricity_generation,solar,Solar energy,gross_generation_including_self_consumption,65.66555,TWh,65665.55,GWh,Solar energy,reported; 2024 omitted because IRENA flags aggregate generation as preliminary and inaccurate,2026-04-16,irena-world-generation-2000-2023.csv
DS-IRENASTAT-GEN25,SRC-IRENASTAT-GEN25,historical,,,,World,GLO,world,2011,electricity_generation,wind,Wind energy,gross_generation_including_self_consumption,433.86189,TWh,433861.89,GWh,Wind energy,reported; 2024 omitted because IRENA flags aggregate generation as preliminary and inaccurate,2026-04-16,irena-world-generation-2000-2023.csv
DS-IRENASTAT-GEN25,SRC-IRENASTAT-GEN25,historical,,,,World,GLO,world,2011,storage_discharge,pumped_hydro_storage,Pumped storage,gross_generation_including_self_consumption,90.41443,TWh,90414.43,GWh,Pumped storage,reported; 2024 omitted because IRENA flags aggregate generation as preliminary and inaccurate,2026-04-16,irena-world-generation-2000-2023.csv
DS-IRENASTAT-GEN25,SRC-IRENASTAT-GEN25,historical,,,,World,GLO,world,2012,electricity_generation,bioenergy,Bioenergy,gross_generation_including_self_consumption,370.59295,TWh,370592.95,GWh,Bioenergy,reported; 2024 omitted because IRENA flags aggregate generation as preliminary and inaccurate,2026-04-16,irena-world-generation-2000-2023.csv
DS-IRENASTAT-GEN25,SRC-IRENASTAT-GEN25,historical,,,,World,GLO,world,2012,electricity_generation,fossil_fuels_total,Fossil fuels,gross_generation_including_self_consumption,15449.00224,TWh,15449002.24,GWh,Fossil fuels,reported; 2024 omitted because IRENA flags aggregate generation as preliminary and inaccurate,2026-04-16,irena-world-generation-2000-2023.csv
DS-IRENASTAT-GEN25,SRC-IRENASTAT-GEN25,historical,,,,World,GLO,world,2012,electricity_generation,geothermal,Geothermal energy,gross_generation_including_self_consumption,70.8767,TWh,70876.7,GWh,Geothermal energy,reported; 2024 omitted because IRENA flags aggregate generation as preliminary and inaccurate,2026-04-16,irena-world-generation-2000-2023.csv
DS-IRENASTAT-GEN25,SRC-IRENASTAT-GEN25,historical,,,,World,GLO,world,2012,electricity_generation,hydropower,Hydropower (excl. Pumped Storage),gross_generation_including_self_consumption,3692.51353,TWh,3692513.53,GWh,Hydropower (excl. Pumped Storage),reported; 2024 omitted because IRENA flags aggregate generation as preliminary and inaccurate,2026-04-16,irena-world-generation-2000-2023.csv
DS-IRENASTAT-GEN25,SRC-IRENASTAT-GEN25,historical,,,,World,GLO,world,2012,electricity_generation,marine_energy,Marine energy,gross_generation_including_self_consumption,0.49835,TWh,498.35,GWh,Marine energy,reported; 2024 omitted because IRENA flags aggregate generation as preliminary and inaccurate,2026-04-16,irena-world-generation-2000-2023.csv
DS-IRENASTAT-GEN25,SRC-IRENASTAT-GEN25,historical,,,,World,GLO,world,2012,electricity_generation,nonrenewables_total,Total non-renewable,gross_generation_including_self_consumption,18096.39416,TWh,18096394.16,GWh,Total non-renewable,reported; 2024 omitted because IRENA flags aggregate generation as preliminary and inaccurate,2026-04-16,irena-world-generation-2000-2023.csv
DS-IRENASTAT-GEN25,SRC-IRENASTAT-GEN25,historical,,,,World,GLO,world,2012,electricity_generation,nuclear,Nuclear,gross_generation_including_self_consumption,2460.2296,TWh,2460229.6,GWh,Nuclear,reported; 2024 omitted because IRENA flags aggregate generation as preliminary and inaccurate,2026-04-16,irena-world-generation-2000-2023.csv
DS-IRENASTAT-GEN25,SRC-IRENASTAT-GEN25,historical,,,,World,GLO,world,2012,electricity_generation,other_nonrenewable,Other non-renewable energy,gross_generation_including_self_consumption,98.11111,TWh,98111.11,GWh,Other non-renewable energy,reported; 2024 omitted because IRENA flags aggregate generation as preliminary and inaccurate,2026-04-16,irena-world-generation-2000-2023.csv
DS-IRENASTAT-GEN25,SRC-IRENASTAT-GEN25,historical,,,,World,GLO,world,2012,electricity_generation,renewables_total,Total renewable,gross_generation_including_self_consumption,4762.32748,TWh,4762327.48,GWh,Total renewable,reported; 2024 omitted because IRENA flags aggregate generation as preliminary and inaccurate,2026-04-16,irena-world-generation-2000-2023.csv
DS-IRENASTAT-GEN25,SRC-IRENASTAT-GEN25,historical,,,,World,GLO,world,2012,electricity_generation,solar,Solar energy,gross_generation_including_self_consumption,101.66543,TWh,101665.43,GWh,Solar energy,reported; 2024 omitted because IRENA flags aggregate generation as preliminary and inaccurate,2026-04-16,irena-world-generation-2000-2023.csv
DS-IRENASTAT-GEN25,SRC-IRENASTAT-GEN25,historical,,,,World,GLO,world,2012,electricity_generation,wind,Wind energy,gross_generation_including_self_consumption,526.18052,TWh,526180.52,GWh,Wind energy,reported; 2024 omitted because IRENA flags aggregate generation as preliminary and inaccurate,2026-04-16,irena-world-generation-2000-2023.csv
DS-IRENASTAT-GEN25,SRC-IRENASTAT-GEN25,historical,,,,World,GLO,world,2012,storage_discharge,pumped_hydro_storage,Pumped storage,gross_generation_including_self_consumption,89.0512,TWh,89051.2,GWh,Pumped storage,reported; 2024 omitted because IRENA flags aggregate generation as preliminary and inaccurate,2026-04-16,irena-world-generation-2000-2023.csv
DS-IRENASTAT-GEN25,SRC-IRENASTAT-GEN25,historical,,,,World,GLO,world,2013,electricity_generation,bioenergy,Bioenergy,gross_generation_including_self_consumption,397.30256,TWh,397302.56,GWh,Bioenergy,reported; 2024 omitted because IRENA flags aggregate generation as preliminary and inaccurate,2026-04-16,irena-world-generation-2000-2023.csv
DS-IRENASTAT-GEN25,SRC-IRENASTAT-GEN25,historical,,,,World,GLO,world,2013,electricity_generation,fossil_fuels_total,Fossil fuels,gross_generation_including_self_consumption,15798.76782,TWh,15798767.82,GWh,Fossil fuels,reported; 2024 omitted because IRENA flags aggregate generation as preliminary and inaccurate,2026-04-16,irena-world-generation-2000-2023.csv
DS-IRENASTAT-GEN25,SRC-IRENASTAT-GEN25,historical,,,,World,GLO,world,2013,electricity_generation,geothermal,Geothermal energy,gross_generation_including_self_consumption,72.40802,TWh,72408.02,GWh,Geothermal energy,reported; 2024 omitted because IRENA flags aggregate generation as preliminary and inaccurate,2026-04-16,irena-world-generation-2000-2023.csv
DS-IRENASTAT-GEN25,SRC-IRENASTAT-GEN25,historical,,,,World,GLO,world,2013,electricity_generation,hydropower,Hydropower (excl. Pumped Storage),gross_generation_including_self_consumption,3791.20743,TWh,3791207.43,GWh,Hydropower (excl. Pumped Storage),reported; 2024 omitted because IRENA flags aggregate generation as preliminary and inaccurate,2026-04-16,irena-world-generation-2000-2023.csv
DS-IRENASTAT-GEN25,SRC-IRENASTAT-GEN25,historical,,,,World,GLO,world,2013,electricity_generation,marine_energy,Marine energy,gross_generation_including_self_consumption,0.92599,TWh,925.99,GWh,Marine energy,reported; 2024 omitted because IRENA flags aggregate generation as preliminary and inaccurate,2026-04-16,irena-world-generation-2000-2023.csv
DS-IRENASTAT-GEN25,SRC-IRENASTAT-GEN25,historical,,,,World,GLO,world,2013,electricity_generation,nonrenewables_total,Total non-renewable,gross_generation_including_self_consumption,18467.76426,TWh,18467764.26,GWh,Total non-renewable,reported; 2024 omitted because IRENA flags aggregate generation as preliminary and inaccurate,2026-04-16,irena-world-generation-2000-2023.csv
DS-IRENASTAT-GEN25,SRC-IRENASTAT-GEN25,historical,,,,World,GLO,world,2013,electricity_generation,nuclear,Nuclear,gross_generation_including_self_consumption,2476.94564,TWh,2476945.64,GWh,Nuclear,reported; 2024 omitted because IRENA flags aggregate generation as preliminary and inaccurate,2026-04-16,irena-world-generation-2000-2023.csv
DS-IRENASTAT-GEN25,SRC-IRENASTAT-GEN25,historical,,,,World,GLO,world,2013,electricity_generation,other_nonrenewable,Other non-renewable energy,gross_generation_including_self_consumption,103.06264,TWh,103062.64,GWh,Other non-renewable energy,reported; 2024 omitted because IRENA flags aggregate generation as preliminary and inaccurate,2026-04-16,irena-world-generation-2000-2023.csv
DS-IRENASTAT-GEN25,SRC-IRENASTAT-GEN25,historical,,,,World,GLO,world,2013,electricity_generation,renewables_total,Total renewable,gross_generation_including_self_consumption,5035.76452,TWh,5035764.52,GWh,Total renewable,reported; 2024 omitted because IRENA flags aggregate generation as preliminary and inaccurate,2026-04-16,irena-world-generation-2000-2023.csv
DS-IRENASTAT-GEN25,SRC-IRENASTAT-GEN25,historical,,,,World,GLO,world,2013,electricity_generation,solar,Solar energy,gross_generation_including_self_consumption,137.36501,TWh,137365.01,GWh,Solar energy,reported; 2024 omitted because IRENA flags aggregate generation as preliminary and inaccurate,2026-04-16,irena-world-generation-2000-2023.csv
DS-IRENASTAT-GEN25,SRC-IRENASTAT-GEN25,historical,,,,World,GLO,world,2013,electricity_generation,wind,Wind energy,gross_generation_including_self_consumption,636.55551,TWh,636555.51,GWh,Wind energy,reported; 2024 omitted because IRENA flags aggregate generation as preliminary and inaccurate,2026-04-16,irena-world-generation-2000-2023.csv
DS-IRENASTAT-GEN25,SRC-IRENASTAT-GEN25,historical,,,,World,GLO,world,2013,storage_discharge,pumped_hydro_storage,Pumped storage,gross_generation_including_self_consumption,88.98817,TWh,88988.17,GWh,Pumped storage,reported; 2024 omitted because IRENA flags aggregate generation as preliminary and inaccurate,2026-04-16,irena-world-generation-2000-2023.csv
DS-IRENASTAT-GEN25,SRC-IRENASTAT-GEN25,historical,,,,World,GLO,world,2014,electricity_generation,bioenergy,Bioenergy,gross_generation_including_self_consumption,428.78185,TWh,428781.85,GWh,Bioenergy,reported; 2024 omitted because IRENA flags aggregate generation as preliminary and inaccurate,2026-04-16,irena-world-generation-2000-2023.csv
DS-IRENASTAT-GEN25,SRC-IRENASTAT-GEN25,historical,,,,World,GLO,world,2014,electricity_generation,fossil_fuels_total,Fossil fuels,gross_generation_including_self_consumption,15811.86669,TWh,15811866.69,GWh,Fossil fuels,reported; 2024 omitted because IRENA flags aggregate generation as preliminary and inaccurate,2026-04-16,irena-world-generation-2000-2023.csv
DS-IRENASTAT-GEN25,SRC-IRENASTAT-GEN25,historical,,,,World,GLO,world,2014,electricity_generation,geothermal,Geothermal energy,gross_generation_including_self_consumption,77.34367,TWh,77343.67,GWh,Geothermal energy,reported; 2024 omitted because IRENA flags aggregate generation as preliminary and inaccurate,2026-04-16,irena-world-generation-2000-2023.csv
DS-IRENASTAT-GEN25,SRC-IRENASTAT-GEN25,historical,,,,World,GLO,world,2014,electricity_generation,hydropower,Hydropower (excl. Pumped Storage),gross_generation_including_self_consumption,3895.42192,TWh,3895421.92,GWh,Hydropower (excl. Pumped Storage),reported; 2024 omitted because IRENA flags aggregate generation as preliminary and inaccurate,2026-04-16,irena-world-generation-2000-2023.csv
DS-IRENASTAT-GEN25,SRC-IRENASTAT-GEN25,historical,,,,World,GLO,world,2014,electricity_generation,marine_energy,Marine energy,gross_generation_including_self_consumption,0.99916,TWh,999.16,GWh,Marine energy,reported; 2024 omitted because IRENA flags aggregate generation as preliminary and inaccurate,2026-04-16,irena-world-generation-2000-2023.csv
DS-IRENASTAT-GEN25,SRC-IRENASTAT-GEN25,historical,,,,World,GLO,world,2014,electricity_generation,nonrenewables_total,Total non-renewable,gross_generation_including_self_consumption,18544.82617,TWh,18544826.17,GWh,Total non-renewable,reported; 2024 omitted because IRENA flags aggregate generation as preliminary and inaccurate,2026-04-16,irena-world-generation-2000-2023.csv
DS-IRENASTAT-GEN25,SRC-IRENASTAT-GEN25,historical,,,,World,GLO,world,2014,electricity_generation,nuclear,Nuclear,gross_generation_including_self_consumption,2533.3903,TWh,2533390.3,GWh,Nuclear,reported; 2024 omitted because IRENA flags aggregate generation as preliminary and inaccurate,2026-04-16,irena-world-generation-2000-2023.csv
DS-IRENASTAT-GEN25,SRC-IRENASTAT-GEN25,historical,,,,World,GLO,world,2014,electricity_generation,other_nonrenewable,Other non-renewable energy,gross_generation_including_self_consumption,107.31483,TWh,107314.83,GWh,Other non-renewable energy,reported; 2024 omitted because IRENA flags aggregate generation as preliminary and inaccurate,2026-04-16,irena-world-generation-2000-2023.csv
DS-IRENASTAT-GEN25,SRC-IRENASTAT-GEN25,historical,,,,World,GLO,world,2014,electricity_generation,renewables_total,Total renewable,gross_generation_including_self_consumption,5307.35264,TWh,5307352.64,GWh,Total renewable,reported; 2024 omitted because IRENA flags aggregate generation as preliminary and inaccurate,2026-04-16,irena-world-generation-2000-2023.csv
DS-IRENASTAT-GEN25,SRC-IRENASTAT-GEN25,historical,,,,World,GLO,world,2014,electricity_generation,solar,Solar energy,gross_generation_including_self_consumption,192.59035,TWh,192590.35,GWh,Solar energy,reported; 2024 omitted because IRENA flags aggregate generation as preliminary and inaccurate,2026-04-16,irena-world-generation-2000-2023.csv
DS-IRENASTAT-GEN25,SRC-IRENASTAT-GEN25,historical,,,,World,GLO,world,2014,electricity_generation,wind,Wind energy,gross_generation_including_self_consumption,712.21569,TWh,712215.69,GWh,Wind energy,reported; 2024 omitted because IRENA flags aggregate generation as preliminary and inaccurate,2026-04-16,irena-world-generation-2000-2023.csv
DS-IRENASTAT-GEN25,SRC-IRENASTAT-GEN25,historical,,,,World,GLO,world,2014,storage_discharge,pumped_hydro_storage,Pumped storage,gross_generation_including_self_consumption,92.25435,TWh,92254.35,GWh,Pumped storage,reported; 2024 omitted because IRENA flags aggregate generation as preliminary and inaccurate,2026-04-16,irena-world-generation-2000-2023.csv
DS-IRENASTAT-GEN25,SRC-IRENASTAT-GEN25,historical,,,,World,GLO,world,2015,electricity_generation,bioenergy,Bioenergy,gross_generation_including_self_consumption,456.38175,TWh,456381.75,GWh,Bioenergy,reported; 2024 omitted because IRENA flags aggregate generation as preliminary and inaccurate,2026-04-16,irena-world-generation-2000-2023.csv
DS-IRENASTAT-GEN25,SRC-IRENASTAT-GEN25,historical,,,,World,GLO,world,2015,electricity_generation,fossil_fuels_total,Fossil fuels,gross_generation_including_self_consumption,15975.10814,TWh,15975108.14,GWh,Fossil fuels,reported; 2024 omitted because IRENA flags aggregate generation as preliminary and inaccurate,2026-04-16,irena-world-generation-2000-2023.csv
DS-IRENASTAT-GEN25,SRC-IRENASTAT-GEN25,historical,,,,World,GLO,world,2015,electricity_generation,geothermal,Geothermal energy,gross_generation_including_self_consumption,81.22885,TWh,81228.85,GWh,Geothermal energy,reported; 2024 omitted because IRENA flags aggregate generation as preliminary and inaccurate,2026-04-16,irena-world-generation-2000-2023.csv
DS-IRENASTAT-GEN25,SRC-IRENASTAT-GEN25,historical,,,,World,GLO,world,2015,electricity_generation,hydropower,Hydropower (excl. Pumped Storage),gross_generation_including_self_consumption,3897.49759,TWh,3897497.59,GWh,Hydropower (excl. Pumped Storage),reported; 2024 omitted because IRENA flags aggregate generation as preliminary and inaccurate,2026-04-16,irena-world-generation-2000-2023.csv
DS-IRENASTAT-GEN25,SRC-IRENASTAT-GEN25,historical,,,,World,GLO,world,2015,electricity_generation,marine_energy,Marine energy,gross_generation_including_self_consumption,1.008,TWh,1008.0,GWh,Marine energy,reported; 2024 omitted because IRENA flags aggregate generation as preliminary and inaccurate,2026-04-16,irena-world-generation-2000-2023.csv
DS-IRENASTAT-GEN25,SRC-IRENASTAT-GEN25,historical,,,,World,GLO,world,2015,electricity_generation,nonrenewables_total,Total non-renewable,gross_generation_including_self_consumption,18748.7036,TWh,18748703.6,GWh,Total non-renewable,reported; 2024 omitted because IRENA flags aggregate generation as preliminary and inaccurate,2026-04-16,irena-world-generation-2000-2023.csv
DS-IRENASTAT-GEN25,SRC-IRENASTAT-GEN25,historical,,,,World,GLO,world,2015,electricity_generation,nuclear,Nuclear,gross_generation_including_self_consumption,2569.7237,TWh,2569723.7,GWh,Nuclear,reported; 2024 omitted because IRENA flags aggregate generation as preliminary and inaccurate,2026-04-16,irena-world-generation-2000-2023.csv
DS-IRENASTAT-GEN25,SRC-IRENASTAT-GEN25,historical,,,,World,GLO,world,2015,electricity_generation,other_nonrenewable,Other non-renewable energy,gross_generation_including_self_consumption,109.841,TWh,109841.0,GWh,Other non-renewable energy,reported; 2024 omitted because IRENA flags aggregate generation as preliminary and inaccurate,2026-04-16,irena-world-generation-2000-2023.csv
DS-IRENASTAT-GEN25,SRC-IRENASTAT-GEN25,historical,,,,World,GLO,world,2015,electricity_generation,renewables_total,Total renewable,gross_generation_including_self_consumption,5516.4143,TWh,5516414.3,GWh,Total renewable,reported; 2024 omitted because IRENA flags aggregate generation as preliminary and inaccurate,2026-04-16,irena-world-generation-2000-2023.csv
DS-IRENASTAT-GEN25,SRC-IRENASTAT-GEN25,historical,,,,World,GLO,world,2015,electricity_generation,solar,Solar energy,gross_generation_including_self_consumption,252.30159,TWh,252301.59,GWh,Solar energy,reported; 2024 omitted because IRENA flags aggregate generation as preliminary and inaccurate,2026-04-16,irena-world-generation-2000-2023.csv
DS-IRENASTAT-GEN25,SRC-IRENASTAT-GEN25,historical,,,,World,GLO,world,2015,electricity_generation,wind,Wind energy,gross_generation_including_self_consumption,827.99652,TWh,827996.52,GWh,Wind energy,reported; 2024 omitted because IRENA flags aggregate generation as preliminary and inaccurate,2026-04-16,irena-world-generation-2000-2023.csv
DS-IRENASTAT-GEN25,SRC-IRENASTAT-GEN25,historical,,,,World,GLO,world,2015,storage_discharge,pumped_hydro_storage,Pumped storage,gross_generation_including_self_consumption,94.03076,TWh,94030.76,GWh,Pumped storage,reported; 2024 omitted because IRENA flags aggregate generation as preliminary and inaccurate,2026-04-16,irena-world-generation-2000-2023.csv
DS-IRENASTAT-GEN25,SRC-IRENASTAT-GEN25,historical,,,,World,GLO,world,2016,electricity_generation,bioenergy,Bioenergy,gross_generation_including_self_consumption,471.31112,TWh,471311.12,GWh,Bioenergy,reported; 2024 omitted because IRENA flags aggregate generation as preliminary and inaccurate,2026-04-16,irena-world-generation-2000-2023.csv
DS-IRENASTAT-GEN25,SRC-IRENASTAT-GEN25,historical,,,,World,GLO,world,2016,electricity_generation,fossil_fuels_total,Fossil fuels,gross_generation_including_self_consumption,16195.75287,TWh,16195752.87,GWh,Fossil fuels,reported; 2024 omitted because IRENA flags aggregate generation as preliminary and inaccurate,2026-04-16,irena-world-generation-2000-2023.csv
DS-IRENASTAT-GEN25,SRC-IRENASTAT-GEN25,historical,,,,World,GLO,world,2016,electricity_generation,geothermal,Geothermal energy,gross_generation_including_self_consumption,83.24084,TWh,83240.84,GWh,Geothermal energy,reported; 2024 omitted because IRENA flags aggregate generation as preliminary and inaccurate,2026-04-16,irena-world-generation-2000-2023.csv
DS-IRENASTAT-GEN25,SRC-IRENASTAT-GEN25,historical,,,,World,GLO,world,2016,electricity_generation,hydropower,Hydropower (excl. Pumped Storage),gross_generation_including_self_consumption,4037.65967,TWh,4037659.67,GWh,Hydropower (excl. Pumped Storage),reported; 2024 omitted because IRENA flags aggregate generation as preliminary and inaccurate,2026-04-16,irena-world-generation-2000-2023.csv
DS-IRENASTAT-GEN25,SRC-IRENASTAT-GEN25,historical,,,,World,GLO,world,2016,electricity_generation,marine_energy,Marine energy,gross_generation_including_self_consumption,1.04385,TWh,1043.85,GWh,Marine energy,reported; 2024 omitted because IRENA flags aggregate generation as preliminary and inaccurate,2026-04-16,irena-world-generation-2000-2023.csv
DS-IRENASTAT-GEN25,SRC-IRENASTAT-GEN25,historical,,,,World,GLO,world,2016,electricity_generation,nonrenewables_total,Total non-renewable,gross_generation_including_self_consumption,19039.06199,TWh,19039061.99,GWh,Total non-renewable,reported; 2024 omitted because IRENA flags aggregate generation as preliminary and inaccurate,2026-04-16,irena-world-generation-2000-2023.csv
DS-IRENASTAT-GEN25,SRC-IRENASTAT-GEN25,historical,,,,World,GLO,world,2016,electricity_generation,nuclear,Nuclear,gross_generation_including_self_consumption,2605.68171,TWh,2605681.71,GWh,Nuclear,reported; 2024 omitted because IRENA flags aggregate generation as preliminary and inaccurate,2026-04-16,irena-world-generation-2000-2023.csv
DS-IRENASTAT-GEN25,SRC-IRENASTAT-GEN25,historical,,,,World,GLO,world,2016,electricity_generation,other_nonrenewable,Other non-renewable energy,gross_generation_including_self_consumption,123.2163,TWh,123216.3,GWh,Other non-renewable energy,reported; 2024 omitted because IRENA flags aggregate generation as preliminary and inaccurate,2026-04-16,irena-world-generation-2000-2023.csv
DS-IRENASTAT-GEN25,SRC-IRENASTAT-GEN25,historical,,,,World,GLO,world,2016,electricity_generation,renewables_total,Total renewable,gross_generation_including_self_consumption,5871.12994,TWh,5871129.94,GWh,Total renewable,reported; 2024 omitted because IRENA flags aggregate generation as preliminary and inaccurate,2026-04-16,irena-world-generation-2000-2023.csv
DS-IRENASTAT-GEN25,SRC-IRENASTAT-GEN25,historical,,,,World,GLO,world,2016,electricity_generation,solar,Solar energy,gross_generation_including_self_consumption,324.82814,TWh,324828.14,GWh,Solar energy,reported; 2024 omitted because IRENA flags aggregate generation as preliminary and inaccurate,2026-04-16,irena-world-generation-2000-2023.csv
DS-IRENASTAT-GEN25,SRC-IRENASTAT-GEN25,historical,,,,World,GLO,world,2016,electricity_generation,wind,Wind energy,gross_generation_including_self_consumption,953.04633,TWh,953046.33,GWh,Wind energy,reported; 2024 omitted because IRENA flags aggregate generation as preliminary and inaccurate,2026-04-16,irena-world-generation-2000-2023.csv
DS-IRENASTAT-GEN25,SRC-IRENASTAT-GEN25,historical,,,,World,GLO,world,2016,storage_discharge,pumped_hydro_storage,Pumped storage,gross_generation_including_self_consumption,114.41112,TWh,114411.12,GWh,Pumped storage,reported; 2024 omitted because IRENA flags aggregate generation as preliminary and inaccurate,2026-04-16,irena-world-generation-2000-2023.csv
DS-IRENASTAT-GEN25,SRC-IRENASTAT-GEN25,historical,,,,World,GLO,world,2017,electricity_generation,bioenergy,Bioenergy,gross_generation_including_self_consumption,493.86134,TWh,493861.34,GWh,Bioenergy,reported; 2024 omitted because IRENA flags aggregate generation as preliminary and inaccurate,2026-04-16,irena-world-generation-2000-2023.csv
DS-IRENASTAT-GEN25,SRC-IRENASTAT-GEN25,historical,,,,World,GLO,world,2017,electricity_generation,fossil_fuels_total,Fossil fuels,gross_generation_including_self_consumption,16599.93183,TWh,16599931.83,GWh,Fossil fuels,reported; 2024 omitted because IRENA flags aggregate generation as preliminary and inaccurate,2026-04-16,irena-world-generation-2000-2023.csv
DS-IRENASTAT-GEN25,SRC-IRENASTAT-GEN25,historical,,,,World,GLO,world,2017,electricity_generation,geothermal,Geothermal energy,gross_generation_including_self_consumption,86.70504,TWh,86705.04,GWh,Geothermal energy,reported; 2024 omitted because IRENA flags aggregate generation as preliminary and inaccurate,2026-04-16,irena-world-generation-2000-2023.csv
DS-IRENASTAT-GEN25,SRC-IRENASTAT-GEN25,historical,,,,World,GLO,world,2017,electricity_generation,hydropower,Hydropower (excl. Pumped Storage),gross_generation_including_self_consumption,4089.2074,TWh,4089207.4,GWh,Hydropower (excl. Pumped Storage),reported; 2024 omitted because IRENA flags aggregate generation as preliminary and inaccurate,2026-04-16,irena-world-generation-2000-2023.csv
DS-IRENASTAT-GEN25,SRC-IRENASTAT-GEN25,historical,,,,World,GLO,world,2017,electricity_generation,marine_energy,Marine energy,gross_generation_including_self_consumption,1.04956,TWh,1049.56,GWh,Marine energy,reported; 2024 omitted because IRENA flags aggregate generation as preliminary and inaccurate,2026-04-16,irena-world-generation-2000-2023.csv
DS-IRENASTAT-GEN25,SRC-IRENASTAT-GEN25,historical,,,,World,GLO,world,2017,electricity_generation,nonrenewables_total,Total non-renewable,gross_generation_including_self_consumption,19485.27742,TWh,19485277.42,GWh,Total non-renewable,reported; 2024 omitted because IRENA flags aggregate generation as preliminary and inaccurate,2026-04-16,irena-world-generation-2000-2023.csv
DS-IRENASTAT-GEN25,SRC-IRENASTAT-GEN25,historical,,,,World,GLO,world,2017,electricity_generation,nuclear,Nuclear,gross_generation_including_self_consumption,2633.42555,TWh,2633425.55,GWh,Nuclear,reported; 2024 omitted because IRENA flags aggregate generation as preliminary and inaccurate,2026-04-16,irena-world-generation-2000-2023.csv
DS-IRENASTAT-GEN25,SRC-IRENASTAT-GEN25,historical,,,,World,GLO,world,2017,electricity_generation,other_nonrenewable,Other non-renewable energy,gross_generation_including_self_consumption,130.90325,TWh,130903.25,GWh,Other non-renewable energy,reported; 2024 omitted because IRENA flags aggregate generation as preliminary and inaccurate,2026-04-16,irena-world-generation-2000-2023.csv
DS-IRENASTAT-GEN25,SRC-IRENASTAT-GEN25,historical,,,,World,GLO,world,2017,electricity_generation,renewables_total,Total renewable,gross_generation_including_self_consumption,6237.91755,TWh,6237917.55,GWh,Total renewable,reported; 2024 omitted because IRENA flags aggregate generation as preliminary and inaccurate,2026-04-16,irena-world-generation-2000-2023.csv
DS-IRENASTAT-GEN25,SRC-IRENASTAT-GEN25,historical,,,,World,GLO,world,2017,electricity_generation,solar,Solar energy,gross_generation_including_self_consumption,435.59521,TWh,435595.21,GWh,Solar energy,reported; 2024 omitted because IRENA flags aggregate generation as preliminary and inaccurate,2026-04-16,irena-world-generation-2000-2023.csv
DS-IRENASTAT-GEN25,SRC-IRENASTAT-GEN25,historical,,,,World,GLO,world,2017,electricity_generation,wind,Wind energy,gross_generation_including_self_consumption,1131.49899,TWh,1131498.99,GWh,Wind energy,reported; 2024 omitted because IRENA flags aggregate generation as preliminary and inaccurate,2026-04-16,irena-world-generation-2000-2023.csv
DS-IRENASTAT-GEN25,SRC-IRENASTAT-GEN25,historical,,,,World,GLO,world,2017,storage_discharge,pumped_hydro_storage,Pumped storage,gross_generation_including_self_consumption,121.0168,TWh,121016.8,GWh,Pumped storage,reported; 2024 omitted because IRENA flags aggregate generation as preliminary and inaccurate,2026-04-16,irena-world-generation-2000-2023.csv
DS-IRENASTAT-GEN25,SRC-IRENASTAT-GEN25,historical,,,,World,GLO,world,2018,electricity_generation,bioenergy,Bioenergy,gross_generation_including_self_consumption,517.08854,TWh,517088.54,GWh,Bioenergy,reported; 2024 omitted because IRENA flags aggregate generation as preliminary and inaccurate,2026-04-16,irena-world-generation-2000-2023.csv
DS-IRENASTAT-GEN25,SRC-IRENASTAT-GEN25,historical,,,,World,GLO,world,2018,electricity_generation,fossil_fuels_total,Fossil fuels,gross_generation_including_self_consumption,17073.78265,TWh,17073782.65,GWh,Fossil fuels,reported; 2024 omitted because IRENA flags aggregate generation as preliminary and inaccurate,2026-04-16,irena-world-generation-2000-2023.csv
DS-IRENASTAT-GEN25,SRC-IRENASTAT-GEN25,historical,,,,World,GLO,world,2018,electricity_generation,geothermal,Geothermal energy,gross_generation_including_self_consumption,89.46492,TWh,89464.92,GWh,Geothermal energy,reported; 2024 omitted because IRENA flags aggregate generation as preliminary and inaccurate,2026-04-16,irena-world-generation-2000-2023.csv
DS-IRENASTAT-GEN25,SRC-IRENASTAT-GEN25,historical,,,,World,GLO,world,2018,electricity_generation,hydropower,Hydropower (excl. Pumped Storage),gross_generation_including_self_consumption,4207.21304,TWh,4207213.04,GWh,Hydropower (excl. Pumped Storage),reported; 2024 omitted because IRENA flags aggregate generation as preliminary and inaccurate,2026-04-16,irena-world-generation-2000-2023.csv
DS-IRENASTAT-GEN25,SRC-IRENASTAT-GEN25,historical,,,,World,GLO,world,2018,electricity_generation,marine_energy,Marine energy,gross_generation_including_self_consumption,1.02277,TWh,1022.77,GWh,Marine energy,reported; 2024 omitted because IRENA flags aggregate generation as preliminary and inaccurate,2026-04-16,irena-world-generation-2000-2023.csv
DS-IRENASTAT-GEN25,SRC-IRENASTAT-GEN25,historical,,,,World,GLO,world,2018,electricity_generation,nonrenewables_total,Total non-renewable,gross_generation_including_self_consumption,20038.74593,TWh,20038745.93,GWh,Total non-renewable,reported; 2024 omitted because IRENA flags aggregate generation as preliminary and inaccurate,2026-04-16,irena-world-generation-2000-2023.csv
DS-IRENASTAT-GEN25,SRC-IRENASTAT-GEN25,historical,,,,World,GLO,world,2018,electricity_generation,nuclear,Nuclear,gross_generation_including_self_consumption,2708.70182,TWh,2708701.82,GWh,Nuclear,reported; 2024 omitted because IRENA flags aggregate generation as preliminary and inaccurate,2026-04-16,irena-world-generation-2000-2023.csv
DS-IRENASTAT-GEN25,SRC-IRENASTAT-GEN25,historical,,,,World,GLO,world,2018,electricity_generation,other_nonrenewable,Other non-renewable energy,gross_generation_including_self_consumption,138.79422,TWh,138794.22,GWh,Other non-renewable energy,reported; 2024 omitted because IRENA flags aggregate generation as preliminary and inaccurate,2026-04-16,irena-world-generation-2000-2023.csv
DS-IRENASTAT-GEN25,SRC-IRENASTAT-GEN25,historical,,,,World,GLO,world,2018,electricity_generation,renewables_total,Total renewable,gross_generation_including_self_consumption,6633.83372,TWh,6633833.72,GWh,Total renewable,reported; 2024 omitted because IRENA flags aggregate generation as preliminary and inaccurate,2026-04-16,irena-world-generation-2000-2023.csv
DS-IRENASTAT-GEN25,SRC-IRENASTAT-GEN25,historical,,,,World,GLO,world,2018,electricity_generation,solar,Solar energy,gross_generation_including_self_consumption,560.27282,TWh,560272.82,GWh,Solar energy,reported; 2024 omitted because IRENA flags aggregate generation as preliminary and inaccurate,2026-04-16,irena-world-generation-2000-2023.csv
DS-IRENASTAT-GEN25,SRC-IRENASTAT-GEN25,historical,,,,World,GLO,world,2018,electricity_generation,wind,Wind energy,gross_generation_including_self_consumption,1258.77163,TWh,1258771.63,GWh,Wind energy,reported; 2024 omitted because IRENA flags aggregate generation as preliminary and inaccurate,2026-04-16,irena-world-generation-2000-2023.csv
DS-IRENASTAT-GEN25,SRC-IRENASTAT-GEN25,historical,,,,World,GLO,world,2018,storage_discharge,pumped_hydro_storage,Pumped storage,gross_generation_including_self_consumption,117.46725,TWh,117467.25,GWh,Pumped storage,reported; 2024 omitted because IRENA flags aggregate generation as preliminary and inaccurate,2026-04-16,irena-world-generation-2000-2023.csv
DS-IRENASTAT-GEN25,SRC-IRENASTAT-GEN25,historical,,,,World,GLO,world,2019,electricity_generation,bioenergy,Bioenergy,gross_generation_including_self_consumption,546.77165,TWh,546771.65,GWh,Bioenergy,reported; 2024 omitted because IRENA flags aggregate generation as preliminary and inaccurate,2026-04-16,irena-world-generation-2000-2023.csv
DS-IRENASTAT-GEN25,SRC-IRENASTAT-GEN25,historical,,,,World,GLO,world,2019,electricity_generation,fossil_fuels_total,Fossil fuels,gross_generation_including_self_consumption,17041.20817,TWh,17041208.17,GWh,Fossil fuels,reported; 2024 omitted because IRENA flags aggregate generation as preliminary and inaccurate,2026-04-16,irena-world-generation-2000-2023.csv
DS-IRENASTAT-GEN25,SRC-IRENASTAT-GEN25,historical,,,,World,GLO,world,2019,electricity_generation,geothermal,Geothermal energy,gross_generation_including_self_consumption,92.0018,TWh,92001.8,GWh,Geothermal energy,reported; 2024 omitted because IRENA flags aggregate generation as preliminary and inaccurate,2026-04-16,irena-world-generation-2000-2023.csv
DS-IRENASTAT-GEN25,SRC-IRENASTAT-GEN25,historical,,,,World,GLO,world,2019,electricity_generation,hydropower,Hydropower (excl. Pumped Storage),gross_generation_including_self_consumption,4252.81921,TWh,4252819.21,GWh,Hydropower (excl. Pumped Storage),reported; 2024 omitted because IRENA flags aggregate generation as preliminary and inaccurate,2026-04-16,irena-world-generation-2000-2023.csv
DS-IRENASTAT-GEN25,SRC-IRENASTAT-GEN25,historical,,,,World,GLO,world,2019,electricity_generation,marine_energy,Marine energy,gross_generation_including_self_consumption,0.99635,TWh,996.35,GWh,Marine energy,reported; 2024 omitted because IRENA flags aggregate generation as preliminary and inaccurate,2026-04-16,irena-world-generation-2000-2023.csv
DS-IRENASTAT-GEN25,SRC-IRENASTAT-GEN25,historical,,,,World,GLO,world,2019,electricity_generation,nonrenewables_total,Total non-renewable,gross_generation_including_self_consumption,20083.31347,TWh,20083313.47,GWh,Total non-renewable,reported; 2024 omitted because IRENA flags aggregate generation as preliminary and inaccurate,2026-04-16,irena-world-generation-2000-2023.csv
DS-IRENASTAT-GEN25,SRC-IRENASTAT-GEN25,historical,,,,World,GLO,world,2019,electricity_generation,nuclear,Nuclear,gross_generation_including_self_consumption,2780.48864,TWh,2780488.64,GWh,Nuclear,reported; 2024 omitted because IRENA flags aggregate generation as preliminary and inaccurate,2026-04-16,irena-world-generation-2000-2023.csv
DS-IRENASTAT-GEN25,SRC-IRENASTAT-GEN25,historical,,,,World,GLO,world,2019,electricity_generation,other_nonrenewable,Other non-renewable energy,gross_generation_including_self_consumption,147.45164,TWh,147451.64,GWh,Other non-renewable energy,reported; 2024 omitted because IRENA flags aggregate generation as preliminary and inaccurate,2026-04-16,irena-world-generation-2000-2023.csv
DS-IRENASTAT-GEN25,SRC-IRENASTAT-GEN25,historical,,,,World,GLO,world,2019,electricity_generation,renewables_total,Total renewable,gross_generation_including_self_consumption,6997.00503,TWh,6997005.03,GWh,Total renewable,reported; 2024 omitted because IRENA flags aggregate generation as preliminary and inaccurate,2026-04-16,irena-world-generation-2000-2023.csv
DS-IRENASTAT-GEN25,SRC-IRENASTAT-GEN25,historical,,,,World,GLO,world,2019,electricity_generation,solar,Solar energy,gross_generation_including_self_consumption,691.60442,TWh,691604.42,GWh,Solar energy,reported; 2024 omitted because IRENA flags aggregate generation as preliminary and inaccurate,2026-04-16,irena-world-generation-2000-2023.csv
DS-IRENASTAT-GEN25,SRC-IRENASTAT-GEN25,historical,,,,World,GLO,world,2019,electricity_generation,wind,Wind energy,gross_generation_including_self_consumption,1412.8116,TWh,1412811.6,GWh,Wind energy,reported; 2024 omitted because IRENA flags aggregate generation as preliminary and inaccurate,2026-04-16,irena-world-generation-2000-2023.csv
DS-IRENASTAT-GEN25,SRC-IRENASTAT-GEN25,historical,,,,World,GLO,world,2019,storage_discharge,pumped_hydro_storage,Pumped storage,gross_generation_including_self_consumption,114.16503,TWh,114165.03,GWh,Pumped storage,reported; 2024 omitted because IRENA flags aggregate generation as preliminary and inaccurate,2026-04-16,irena-world-generation-2000-2023.csv
DS-IRENASTAT-GEN25,SRC-IRENASTAT-GEN25,historical,,,,World,GLO,world,2020,electricity_generation,bioenergy,Bioenergy,gross_generation_including_self_consumption,569.26312,TWh,569263.12,GWh,Bioenergy,reported; 2024 omitted because IRENA flags aggregate generation as preliminary and inaccurate,2026-04-16,irena-world-generation-2000-2023.csv
DS-IRENASTAT-GEN25,SRC-IRENASTAT-GEN25,historical,,,,World,GLO,world,2020,electricity_generation,fossil_fuels_total,Fossil fuels,gross_generation_including_self_consumption,16607.66083,TWh,16607660.83,GWh,Fossil fuels,reported; 2024 omitted because IRENA flags aggregate generation as preliminary and inaccurate,2026-04-16,irena-world-generation-2000-2023.csv
DS-IRENASTAT-GEN25,SRC-IRENASTAT-GEN25,historical,,,,World,GLO,world,2020,electricity_generation,geothermal,Geothermal energy,gross_generation_including_self_consumption,95.45299,TWh,95452.99,GWh,Geothermal energy,reported; 2024 omitted because IRENA flags aggregate generation as preliminary and inaccurate,2026-04-16,irena-world-generation-2000-2023.csv
DS-IRENASTAT-GEN25,SRC-IRENASTAT-GEN25,historical,,,,World,GLO,world,2020,electricity_generation,hydropower,Hydropower (excl. Pumped Storage),gross_generation_including_self_consumption,4368.38273,TWh,4368382.73,GWh,Hydropower (excl. Pumped Storage),reported; 2024 omitted because IRENA flags aggregate generation as preliminary and inaccurate,2026-04-16,irena-world-generation-2000-2023.csv
DS-IRENASTAT-GEN25,SRC-IRENASTAT-GEN25,historical,,,,World,GLO,world,2020,electricity_generation,marine_energy,Marine energy,gross_generation_including_self_consumption,0.98638,TWh,986.38,GWh,Marine energy,reported; 2024 omitted because IRENA flags aggregate generation as preliminary and inaccurate,2026-04-16,irena-world-generation-2000-2023.csv
DS-IRENASTAT-GEN25,SRC-IRENASTAT-GEN25,historical,,,,World,GLO,world,2020,electricity_generation,nonrenewables_total,Total non-renewable,gross_generation_including_self_consumption,19559.63813,TWh,19559638.13,GWh,Total non-renewable,reported; 2024 omitted because IRENA flags aggregate generation as preliminary and inaccurate,2026-04-16,irena-world-generation-2000-2023.csv
DS-IRENASTAT-GEN25,SRC-IRENASTAT-GEN25,historical,,,,World,GLO,world,2020,electricity_generation,nuclear,Nuclear,gross_generation_including_self_consumption,2678.92219,TWh,2678922.19,GWh,Nuclear,reported; 2024 omitted because IRENA flags aggregate generation as preliminary and inaccurate,2026-04-16,irena-world-generation-2000-2023.csv
DS-IRENASTAT-GEN25,SRC-IRENASTAT-GEN25,historical,,,,World,GLO,world,2020,electricity_generation,other_nonrenewable,Other non-renewable energy,gross_generation_including_self_consumption,152.92152,TWh,152921.52,GWh,Other non-renewable energy,reported; 2024 omitted because IRENA flags aggregate generation as preliminary and inaccurate,2026-04-16,irena-world-generation-2000-2023.csv
DS-IRENASTAT-GEN25,SRC-IRENASTAT-GEN25,historical,,,,World,GLO,world,2020,electricity_generation,renewables_total,Total renewable,gross_generation_including_self_consumption,7464.88643,TWh,7464886.43,GWh,Total renewable,reported; 2024 omitted because IRENA flags aggregate generation as preliminary and inaccurate,2026-04-16,irena-world-generation-2000-2023.csv
DS-IRENASTAT-GEN25,SRC-IRENASTAT-GEN25,historical,,,,World,GLO,world,2020,electricity_generation,solar,Solar energy,gross_generation_including_self_consumption,841.85653,TWh,841856.53,GWh,Solar energy,reported; 2024 omitted because IRENA flags aggregate generation as preliminary and inaccurate,2026-04-16,irena-world-generation-2000-2023.csv
DS-IRENASTAT-GEN25,SRC-IRENASTAT-GEN25,historical,,,,World,GLO,world,2020,electricity_generation,wind,Wind energy,gross_generation_including_self_consumption,1588.94468,TWh,1588944.68,GWh,Wind energy,reported; 2024 omitted because IRENA flags aggregate generation as preliminary and inaccurate,2026-04-16,irena-world-generation-2000-2023.csv
DS-IRENASTAT-GEN25,SRC-IRENASTAT-GEN25,historical,,,,World,GLO,world,2020,storage_discharge,pumped_hydro_storage,Pumped storage,gross_generation_including_self_consumption,120.1336,TWh,120133.6,GWh,Pumped storage,reported; 2024 omitted because IRENA flags aggregate generation as preliminary and inaccurate,2026-04-16,irena-world-generation-2000-2023.csv
DS-IRENASTAT-GEN25,SRC-IRENASTAT-GEN25,historical,,,,World,GLO,world,2021,electricity_generation,bioenergy,Bioenergy,gross_generation_including_self_consumption,612.05319,TWh,612053.19,GWh,Bioenergy,reported; 2024 omitted because IRENA flags aggregate generation as preliminary and inaccurate,2026-04-16,irena-world-generation-2000-2023.csv
DS-IRENASTAT-GEN25,SRC-IRENASTAT-GEN25,historical,,,,World,GLO,world,2021,electricity_generation,fossil_fuels_total,Fossil fuels,gross_generation_including_self_consumption,17429.66105,TWh,17429661.05,GWh,Fossil fuels,reported; 2024 omitted because IRENA flags aggregate generation as preliminary and inaccurate,2026-04-16,irena-world-generation-2000-2023.csv
DS-IRENASTAT-GEN25,SRC-IRENASTAT-GEN25,historical,,,,World,GLO,world,2021,electricity_generation,geothermal,Geothermal energy,gross_generation_including_self_consumption,94.61803,TWh,94618.03,GWh,Geothermal energy,reported; 2024 omitted because IRENA flags aggregate generation as preliminary and inaccurate,2026-04-16,irena-world-generation-2000-2023.csv
DS-IRENASTAT-GEN25,SRC-IRENASTAT-GEN25,historical,,,,World,GLO,world,2021,electricity_generation,hydropower,Hydropower (excl. Pumped Storage),gross_generation_including_self_consumption,4296.86712,TWh,4296867.12,GWh,Hydropower (excl. Pumped Storage),reported; 2024 omitted because IRENA flags aggregate generation as preliminary and inaccurate,2026-04-16,irena-world-generation-2000-2023.csv
DS-IRENASTAT-GEN25,SRC-IRENASTAT-GEN25,historical,,,,World,GLO,world,2021,electricity_generation,marine_energy,Marine energy,gross_generation_including_self_consumption,0.97233,TWh,972.33,GWh,Marine energy,reported; 2024 omitted because IRENA flags aggregate generation as preliminary and inaccurate,2026-04-16,irena-world-generation-2000-2023.csv
DS-IRENASTAT-GEN25,SRC-IRENASTAT-GEN25,historical,,,,World,GLO,world,2021,electricity_generation,nonrenewables_total,Total non-renewable,gross_generation_including_self_consumption,20521.95053,TWh,20521950.53,GWh,Total non-renewable,reported; 2024 omitted because IRENA flags aggregate generation as preliminary and inaccurate,2026-04-16,irena-world-generation-2000-2023.csv
DS-IRENASTAT-GEN25,SRC-IRENASTAT-GEN25,historical,,,,World,GLO,world,2021,electricity_generation,nuclear,Nuclear,gross_generation_including_self_consumption,2798.89059,TWh,2798890.59,GWh,Nuclear,reported; 2024 omitted because IRENA flags aggregate generation as preliminary and inaccurate,2026-04-16,irena-world-generation-2000-2023.csv
DS-IRENASTAT-GEN25,SRC-IRENASTAT-GEN25,historical,,,,World,GLO,world,2021,electricity_generation,other_nonrenewable,Other non-renewable energy,gross_generation_including_self_consumption,168.82897,TWh,168828.97,GWh,Other non-renewable energy,reported; 2024 omitted because IRENA flags aggregate generation as preliminary and inaccurate,2026-04-16,irena-world-generation-2000-2023.csv
DS-IRENASTAT-GEN25,SRC-IRENASTAT-GEN25,historical,,,,World,GLO,world,2021,electricity_generation,renewables_total,Total renewable,gross_generation_including_self_consumption,7883.42851,TWh,7883428.51,GWh,Total renewable,reported; 2024 omitted because IRENA flags aggregate generation as preliminary and inaccurate,2026-04-16,irena-world-generation-2000-2023.csv
DS-IRENASTAT-GEN25,SRC-IRENASTAT-GEN25,historical,,,,World,GLO,world,2021,electricity_generation,solar,Solar energy,gross_generation_including_self_consumption,1036.83193,TWh,1036831.93,GWh,Solar energy,reported; 2024 omitted because IRENA flags aggregate generation as preliminary and inaccurate,2026-04-16,irena-world-generation-2000-2023.csv
DS-IRENASTAT-GEN25,SRC-IRENASTAT-GEN25,historical,,,,World,GLO,world,2021,electricity_generation,wind,Wind energy,gross_generation_including_self_consumption,1842.08592,TWh,1842085.92,GWh,Wind energy,reported; 2024 omitted because IRENA flags aggregate generation as preliminary and inaccurate,2026-04-16,irena-world-generation-2000-2023.csv
DS-IRENASTAT-GEN25,SRC-IRENASTAT-GEN25,historical,,,,World,GLO,world,2021,storage_discharge,pumped_hydro_storage,Pumped storage,gross_generation_including_self_consumption,124.56991,TWh,124569.91,GWh,Pumped storage,reported; 2024 omitted because IRENA flags aggregate generation as preliminary and inaccurate,2026-04-16,irena-world-generation-2000-2023.csv
DS-IRENASTAT-GEN25,SRC-IRENASTAT-GEN25,historical,,,,World,GLO,world,2022,electricity_generation,bioenergy,Bioenergy,gross_generation_including_self_consumption,622.49714,TWh,622497.14,GWh,Bioenergy,reported; 2024 omitted because IRENA flags aggregate generation as preliminary and inaccurate,2026-04-16,irena-world-generation-2000-2023.csv
DS-IRENASTAT-GEN25,SRC-IRENASTAT-GEN25,historical,,,,World,GLO,world,2022,electricity_generation,fossil_fuels_total,Fossil fuels,gross_generation_including_self_consumption,17698.93797,TWh,17698937.97,GWh,Fossil fuels,reported; 2024 omitted because IRENA flags aggregate generation as preliminary and inaccurate,2026-04-16,irena-world-generation-2000-2023.csv
DS-IRENASTAT-GEN25,SRC-IRENASTAT-GEN25,historical,,,,World,GLO,world,2022,electricity_generation,geothermal,Geothermal energy,gross_generation_including_self_consumption,97.27701,TWh,97277.01,GWh,Geothermal energy,reported; 2024 omitted because IRENA flags aggregate generation as preliminary and inaccurate,2026-04-16,irena-world-generation-2000-2023.csv
DS-IRENASTAT-GEN25,SRC-IRENASTAT-GEN25,historical,,,,World,GLO,world,2022,electricity_generation,hydropower,Hydropower (excl. Pumped Storage),gross_generation_including_self_consumption,4341.83625,TWh,4341836.25,GWh,Hydropower (excl. Pumped Storage),reported; 2024 omitted because IRENA flags aggregate generation as preliminary and inaccurate,2026-04-16,irena-world-generation-2000-2023.csv
DS-IRENASTAT-GEN25,SRC-IRENASTAT-GEN25,historical,,,,World,GLO,world,2022,electricity_generation,marine_energy,Marine energy,gross_generation_including_self_consumption,0.95763,TWh,957.63,GWh,Marine energy,reported; 2024 omitted because IRENA flags aggregate generation as preliminary and inaccurate,2026-04-16,irena-world-generation-2000-2023.csv
DS-IRENASTAT-GEN25,SRC-IRENASTAT-GEN25,historical,,,,World,GLO,world,2022,electricity_generation,nonrenewables_total,Total non-renewable,gross_generation_including_self_consumption,20694.73461,TWh,20694734.61,GWh,Total non-renewable,reported; 2024 omitted because IRENA flags aggregate generation as preliminary and inaccurate,2026-04-16,irena-world-generation-2000-2023.csv
DS-IRENASTAT-GEN25,SRC-IRENASTAT-GEN25,historical,,,,World,GLO,world,2022,electricity_generation,nuclear,Nuclear,gross_generation_including_self_consumption,2678.84133,TWh,2678841.33,GWh,Nuclear,reported; 2024 omitted because IRENA flags aggregate generation as preliminary and inaccurate,2026-04-16,irena-world-generation-2000-2023.csv
DS-IRENASTAT-GEN25,SRC-IRENASTAT-GEN25,historical,,,,World,GLO,world,2022,electricity_generation,other_nonrenewable,Other non-renewable energy,gross_generation_including_self_consumption,174.89362,TWh,174893.62,GWh,Other non-renewable energy,reported; 2024 omitted because IRENA flags aggregate generation as preliminary and inaccurate,2026-04-16,irena-world-generation-2000-2023.csv
DS-IRENASTAT-GEN25,SRC-IRENASTAT-GEN25,historical,,,,World,GLO,world,2022,electricity_generation,renewables_total,Total renewable,gross_generation_including_self_consumption,8457.26938,TWh,8457269.38,GWh,Total renewable,reported; 2024 omitted because IRENA flags aggregate generation as preliminary and inaccurate,2026-04-16,irena-world-generation-2000-2023.csv
DS-IRENASTAT-GEN25,SRC-IRENASTAT-GEN25,historical,,,,World,GLO,world,2022,electricity_generation,solar,Solar energy,gross_generation_including_self_consumption,1297.2129,TWh,1297212.9,GWh,Solar energy,reported; 2024 omitted because IRENA flags aggregate generation as preliminary and inaccurate,2026-04-16,irena-world-generation-2000-2023.csv
DS-IRENASTAT-GEN25,SRC-IRENASTAT-GEN25,historical,,,,World,GLO,world,2022,electricity_generation,wind,Wind energy,gross_generation_including_self_consumption,2097.48844,TWh,2097488.44,GWh,Wind energy,reported; 2024 omitted because IRENA flags aggregate generation as preliminary and inaccurate,2026-04-16,irena-world-generation-2000-2023.csv
DS-IRENASTAT-GEN25,SRC-IRENASTAT-GEN25,historical,,,,World,GLO,world,2022,storage_discharge,pumped_hydro_storage,Pumped storage,gross_generation_including_self_consumption,142.06169,TWh,142061.69,GWh,Pumped storage,reported; 2024 omitted because IRENA flags aggregate generation as preliminary and inaccurate,2026-04-16,irena-world-generation-2000-2023.csv
DS-IRENASTAT-GEN25,SRC-IRENASTAT-GEN25,historical,,,,World,GLO,world,2023,electricity_generation,bioenergy,Bioenergy,gross_generation_including_self_consumption,631.51851,TWh,631518.51,GWh,Bioenergy,reported; 2024 omitted because IRENA flags aggregate generation as preliminary and inaccurate,2026-04-16,irena-world-generation-2000-2023.csv
DS-IRENASTAT-GEN25,SRC-IRENASTAT-GEN25,historical,,,,World,GLO,world,2023,electricity_generation,fossil_fuels_total,Fossil fuels,gross_generation_including_self_consumption,17875.06314,TWh,17875063.14,GWh,Fossil fuels,reported; 2024 omitted because IRENA flags aggregate generation as preliminary and inaccurate,2026-04-16,irena-world-generation-2000-2023.csv
DS-IRENASTAT-GEN25,SRC-IRENASTAT-GEN25,historical,,,,World,GLO,world,2023,electricity_generation,geothermal,Geothermal energy,gross_generation_including_self_consumption,98.15858,TWh,98158.58,GWh,Geothermal energy,reported; 2024 omitted because IRENA flags aggregate generation as preliminary and inaccurate,2026-04-16,irena-world-generation-2000-2023.csv
DS-IRENASTAT-GEN25,SRC-IRENASTAT-GEN25,historical,,,,World,GLO,world,2023,electricity_generation,hydropower,Hydropower (excl. Pumped Storage),gross_generation_including_self_consumption,4270.21004,TWh,4270210.04,GWh,Hydropower (excl. Pumped Storage),reported; 2024 omitted because IRENA flags aggregate generation as preliminary and inaccurate,2026-04-16,irena-world-generation-2000-2023.csv
DS-IRENASTAT-GEN25,SRC-IRENASTAT-GEN25,historical,,,,World,GLO,world,2023,electricity_generation,marine_energy,Marine energy,gross_generation_including_self_consumption,0.91927,TWh,919.27,GWh,Marine energy,reported; 2024 omitted because IRENA flags aggregate generation as preliminary and inaccurate,2026-04-16,irena-world-generation-2000-2023.csv
DS-IRENASTAT-GEN25,SRC-IRENASTAT-GEN25,historical,,,,World,GLO,world,2023,electricity_generation,nonrenewables_total,Total non-renewable,gross_generation_including_self_consumption,20938.68959,TWh,20938689.59,GWh,Total non-renewable,reported; 2024 omitted because IRENA flags aggregate generation as preliminary and inaccurate,2026-04-16,irena-world-generation-2000-2023.csv
DS-IRENASTAT-GEN25,SRC-IRENASTAT-GEN25,historical,,,,World,GLO,world,2023,electricity_generation,nuclear,Nuclear,gross_generation_including_self_consumption,2738.52035,TWh,2738520.35,GWh,Nuclear,reported; 2024 omitted because IRENA flags aggregate generation as preliminary and inaccurate,2026-04-16,irena-world-generation-2000-2023.csv
DS-IRENASTAT-GEN25,SRC-IRENASTAT-GEN25,historical,,,,World,GLO,world,2023,electricity_generation,other_nonrenewable,Other non-renewable energy,gross_generation_including_self_consumption,177.50631,TWh,177506.31,GWh,Other non-renewable energy,reported; 2024 omitted because IRENA flags aggregate generation as preliminary and inaccurate,2026-04-16,irena-world-generation-2000-2023.csv
DS-IRENASTAT-GEN25,SRC-IRENASTAT-GEN25,historical,,,,World,GLO,world,2023,electricity_generation,renewables_total,Total renewable,gross_generation_including_self_consumption,8928.4927,TWh,8928492.7,GWh,Total renewable,reported; 2024 omitted because IRENA flags aggregate generation as preliminary and inaccurate,2026-04-16,irena-world-generation-2000-2023.csv
DS-IRENASTAT-GEN25,SRC-IRENASTAT-GEN25,historical,,,,World,GLO,world,2023,electricity_generation,solar,Solar energy,gross_generation_including_self_consumption,1623.75088,TWh,1623750.88,GWh,Solar energy,reported; 2024 omitted because IRENA flags aggregate generation as preliminary and inaccurate,2026-04-16,irena-world-generation-2000-2023.csv
DS-IRENASTAT-GEN25,SRC-IRENASTAT-GEN25,historical,,,,World,GLO,world,2023,electricity_generation,wind,Wind energy,gross_generation_including_self_consumption,2303.93543,TWh,2303935.43,GWh,Wind energy,reported; 2024 omitted because IRENA flags aggregate generation as preliminary and inaccurate,2026-04-16,irena-world-generation-2000-2023.csv
DS-IRENASTAT-GEN25,SRC-IRENASTAT-GEN25,historical,,,,World,GLO,world,2023,storage_discharge,pumped_hydro_storage,Pumped storage,gross_generation_including_self_consumption,147.59978,TWh,147599.78,GWh,Pumped storage,reported; 2024 omitted because IRENA flags aggregate generation as preliminary and inaccurate,2026-04-16,irena-world-generation-2000-2023.csv
