dataset_id,source_id,record_type,model,scenario,scenario_family,geography,geography_code,region_level,year,metric,technology,technology_detail,scope,value,unit,source_value,source_unit,source_variable,upstream_status,source_vintage,source_file
DS-EIA-MER-10.6,SRC-EIA-MER-10.6,historical,,,,United States,USA,country,1984,electricity_generation,solar_total,Solar Electricity Net Generation,utility_plus_small_scale,0.005248,TWh,5.248,Million Kilowatthours,SOTEPUS,reported_or_upstream_estimate,MER_June_2026,eia-mer-table-10.6.csv
DS-EIA-MER-10.6,SRC-EIA-MER-10.6,historical,,,,United States,USA,country,1984,electricity_generation,solar_utility_scale,Utility-Scale Solar Electricity Net Generation:  Total,utility_scale_all_sectors,0.005248,TWh,5.248,Million Kilowatthours,SOT5PUS,reported_or_upstream_estimate,MER_June_2026,eia-mer-table-10.6.csv
DS-EIA-MER-10.6,SRC-EIA-MER-10.6,historical,,,,United States,USA,country,1985,electricity_generation,solar_total,Solar Electricity Net Generation,utility_plus_small_scale,0.01063,TWh,10.63,Million Kilowatthours,SOTEPUS,reported_or_upstream_estimate,MER_June_2026,eia-mer-table-10.6.csv
DS-EIA-MER-10.6,SRC-EIA-MER-10.6,historical,,,,United States,USA,country,1985,electricity_generation,solar_utility_scale,Utility-Scale Solar Electricity Net Generation:  Total,utility_scale_all_sectors,0.01063,TWh,10.63,Million Kilowatthours,SOT5PUS,reported_or_upstream_estimate,MER_June_2026,eia-mer-table-10.6.csv
DS-EIA-MER-10.6,SRC-EIA-MER-10.6,historical,,,,United States,USA,country,1986,electricity_generation,solar_total,Solar Electricity Net Generation,utility_plus_small_scale,0.014032,TWh,14.032,Million Kilowatthours,SOTEPUS,reported_or_upstream_estimate,MER_June_2026,eia-mer-table-10.6.csv
DS-EIA-MER-10.6,SRC-EIA-MER-10.6,historical,,,,United States,USA,country,1986,electricity_generation,solar_utility_scale,Utility-Scale Solar Electricity Net Generation:  Total,utility_scale_all_sectors,0.014032,TWh,14.032,Million Kilowatthours,SOT5PUS,reported_or_upstream_estimate,MER_June_2026,eia-mer-table-10.6.csv
DS-EIA-MER-10.6,SRC-EIA-MER-10.6,historical,,,,United States,USA,country,1987,electricity_generation,solar_total,Solar Electricity Net Generation,utility_plus_small_scale,0.010497,TWh,10.497,Million Kilowatthours,SOTEPUS,reported_or_upstream_estimate,MER_June_2026,eia-mer-table-10.6.csv
DS-EIA-MER-10.6,SRC-EIA-MER-10.6,historical,,,,United States,USA,country,1987,electricity_generation,solar_utility_scale,Utility-Scale Solar Electricity Net Generation:  Total,utility_scale_all_sectors,0.010497,TWh,10.497,Million Kilowatthours,SOT5PUS,reported_or_upstream_estimate,MER_June_2026,eia-mer-table-10.6.csv
DS-EIA-MER-10.6,SRC-EIA-MER-10.6,historical,,,,United States,USA,country,1988,electricity_generation,solar_total,Solar Electricity Net Generation,utility_plus_small_scale,0.009094,TWh,9.094,Million Kilowatthours,SOTEPUS,reported_or_upstream_estimate,MER_June_2026,eia-mer-table-10.6.csv
DS-EIA-MER-10.6,SRC-EIA-MER-10.6,historical,,,,United States,USA,country,1988,electricity_generation,solar_utility_scale,Utility-Scale Solar Electricity Net Generation:  Total,utility_scale_all_sectors,0.009094,TWh,9.094,Million Kilowatthours,SOT5PUS,reported_or_upstream_estimate,MER_June_2026,eia-mer-table-10.6.csv
DS-EIA-MER-10.6,SRC-EIA-MER-10.6,historical,,,,United States,USA,country,1989,electricity_generation,solar_small_scale,Small-Scale Solar Photovoltaic Generation: Total (All Sectors),small_scale_all_sectors,0.027682,TWh,27.682,Million Kilowatthours,SOT7PUS,reported_or_upstream_estimate,MER_June_2026,eia-mer-table-10.6.csv
DS-EIA-MER-10.6,SRC-EIA-MER-10.6,historical,,,,United States,USA,country,1989,electricity_generation,solar_total,Solar Electricity Net Generation,utility_plus_small_scale,0.278283,TWh,278.283,Million Kilowatthours,SOTEPUS,reported_or_upstream_estimate,MER_June_2026,eia-mer-table-10.6.csv
DS-EIA-MER-10.6,SRC-EIA-MER-10.6,historical,,,,United States,USA,country,1989,electricity_generation,solar_utility_scale,Utility-Scale Solar Electricity Net Generation:  Total,utility_scale_all_sectors,0.250601,TWh,250.601,Million Kilowatthours,SOT5PUS,reported_or_upstream_estimate,MER_June_2026,eia-mer-table-10.6.csv
DS-EIA-MER-10.6,SRC-EIA-MER-10.6,historical,,,,United States,USA,country,1990,electricity_generation,solar_small_scale,Small-Scale Solar Photovoltaic Generation: Total (All Sectors),small_scale_all_sectors,0.03151,TWh,31.51,Million Kilowatthours,SOT7PUS,reported_or_upstream_estimate,MER_June_2026,eia-mer-table-10.6.csv
DS-EIA-MER-10.6,SRC-EIA-MER-10.6,historical,,,,United States,USA,country,1990,electricity_generation,solar_total,Solar Electricity Net Generation,utility_plus_small_scale,0.398597,TWh,398.597,Million Kilowatthours,SOTEPUS,reported_or_upstream_estimate,MER_June_2026,eia-mer-table-10.6.csv
DS-EIA-MER-10.6,SRC-EIA-MER-10.6,historical,,,,United States,USA,country,1990,electricity_generation,solar_utility_scale,Utility-Scale Solar Electricity Net Generation:  Total,utility_scale_all_sectors,0.367087,TWh,367.087,Million Kilowatthours,SOT5PUS,reported_or_upstream_estimate,MER_June_2026,eia-mer-table-10.6.csv
DS-EIA-MER-10.6,SRC-EIA-MER-10.6,historical,,,,United States,USA,country,1991,electricity_generation,solar_small_scale,Small-Scale Solar Photovoltaic Generation: Total (All Sectors),small_scale_all_sectors,0.035181,TWh,35.181,Million Kilowatthours,SOT7PUS,reported_or_upstream_estimate,MER_June_2026,eia-mer-table-10.6.csv
DS-EIA-MER-10.6,SRC-EIA-MER-10.6,historical,,,,United States,USA,country,1991,electricity_generation,solar_total,Solar Electricity Net Generation,utility_plus_small_scale,0.506946,TWh,506.946,Million Kilowatthours,SOTEPUS,reported_or_upstream_estimate,MER_June_2026,eia-mer-table-10.6.csv
DS-EIA-MER-10.6,SRC-EIA-MER-10.6,historical,,,,United States,USA,country,1991,electricity_generation,solar_utility_scale,Utility-Scale Solar Electricity Net Generation:  Total,utility_scale_all_sectors,0.471765,TWh,471.765,Million Kilowatthours,SOT5PUS,reported_or_upstream_estimate,MER_June_2026,eia-mer-table-10.6.csv
DS-EIA-MER-10.6,SRC-EIA-MER-10.6,historical,,,,United States,USA,country,1992,electricity_generation,solar_small_scale,Small-Scale Solar Photovoltaic Generation: Total (All Sectors),small_scale_all_sectors,0.038685,TWh,38.685,Million Kilowatthours,SOT7PUS,reported_or_upstream_estimate,MER_June_2026,eia-mer-table-10.6.csv
DS-EIA-MER-10.6,SRC-EIA-MER-10.6,historical,,,,United States,USA,country,1992,electricity_generation,solar_total,Solar Electricity Net Generation,utility_plus_small_scale,0.438325,TWh,438.325,Million Kilowatthours,SOTEPUS,reported_or_upstream_estimate,MER_June_2026,eia-mer-table-10.6.csv
DS-EIA-MER-10.6,SRC-EIA-MER-10.6,historical,,,,United States,USA,country,1992,electricity_generation,solar_utility_scale,Utility-Scale Solar Electricity Net Generation:  Total,utility_scale_all_sectors,0.39964,TWh,399.64,Million Kilowatthours,SOT5PUS,reported_or_upstream_estimate,MER_June_2026,eia-mer-table-10.6.csv
DS-EIA-MER-10.6,SRC-EIA-MER-10.6,historical,,,,United States,USA,country,1993,electricity_generation,solar_small_scale,Small-Scale Solar Photovoltaic Generation: Total (All Sectors),small_scale_all_sectors,0.042419,TWh,42.419,Million Kilowatthours,SOT7PUS,reported_or_upstream_estimate,MER_June_2026,eia-mer-table-10.6.csv
DS-EIA-MER-10.6,SRC-EIA-MER-10.6,historical,,,,United States,USA,country,1993,electricity_generation,solar_total,Solar Electricity Net Generation,utility_plus_small_scale,0.504871,TWh,504.871,Million Kilowatthours,SOTEPUS,reported_or_upstream_estimate,MER_June_2026,eia-mer-table-10.6.csv
DS-EIA-MER-10.6,SRC-EIA-MER-10.6,historical,,,,United States,USA,country,1993,electricity_generation,solar_utility_scale,Utility-Scale Solar Electricity Net Generation:  Total,utility_scale_all_sectors,0.462452,TWh,462.452,Million Kilowatthours,SOT5PUS,reported_or_upstream_estimate,MER_June_2026,eia-mer-table-10.6.csv
DS-EIA-MER-10.6,SRC-EIA-MER-10.6,historical,,,,United States,USA,country,1994,electricity_generation,solar_small_scale,Small-Scale Solar Photovoltaic Generation: Total (All Sectors),small_scale_all_sectors,0.047506,TWh,47.506,Million Kilowatthours,SOT7PUS,reported_or_upstream_estimate,MER_June_2026,eia-mer-table-10.6.csv
DS-EIA-MER-10.6,SRC-EIA-MER-10.6,historical,,,,United States,USA,country,1994,electricity_generation,solar_total,Solar Electricity Net Generation,utility_plus_small_scale,0.534128,TWh,534.128,Million Kilowatthours,SOTEPUS,reported_or_upstream_estimate,MER_June_2026,eia-mer-table-10.6.csv
DS-EIA-MER-10.6,SRC-EIA-MER-10.6,historical,,,,United States,USA,country,1994,electricity_generation,solar_utility_scale,Utility-Scale Solar Electricity Net Generation:  Total,utility_scale_all_sectors,0.486622,TWh,486.622,Million Kilowatthours,SOT5PUS,reported_or_upstream_estimate,MER_June_2026,eia-mer-table-10.6.csv
DS-EIA-MER-10.6,SRC-EIA-MER-10.6,historical,,,,United States,USA,country,1995,electricity_generation,solar_small_scale,Small-Scale Solar Photovoltaic Generation: Total (All Sectors),small_scale_all_sectors,0.054312,TWh,54.312,Million Kilowatthours,SOT7PUS,reported_or_upstream_estimate,MER_June_2026,eia-mer-table-10.6.csv
DS-EIA-MER-10.6,SRC-EIA-MER-10.6,historical,,,,United States,USA,country,1995,electricity_generation,solar_total,Solar Electricity Net Generation,utility_plus_small_scale,0.551133,TWh,551.133,Million Kilowatthours,SOTEPUS,reported_or_upstream_estimate,MER_June_2026,eia-mer-table-10.6.csv
DS-EIA-MER-10.6,SRC-EIA-MER-10.6,historical,,,,United States,USA,country,1995,electricity_generation,solar_utility_scale,Utility-Scale Solar Electricity Net Generation:  Total,utility_scale_all_sectors,0.496821,TWh,496.821,Million Kilowatthours,SOT5PUS,reported_or_upstream_estimate,MER_June_2026,eia-mer-table-10.6.csv
DS-EIA-MER-10.6,SRC-EIA-MER-10.6,historical,,,,United States,USA,country,1996,electricity_generation,solar_small_scale,Small-Scale Solar Photovoltaic Generation: Total (All Sectors),small_scale_all_sectors,0.062401,TWh,62.401,Million Kilowatthours,SOT7PUS,reported_or_upstream_estimate,MER_June_2026,eia-mer-table-10.6.csv
DS-EIA-MER-10.6,SRC-EIA-MER-10.6,historical,,,,United States,USA,country,1996,electricity_generation,solar_total,Solar Electricity Net Generation,utility_plus_small_scale,0.583606,TWh,583.606,Million Kilowatthours,SOTEPUS,reported_or_upstream_estimate,MER_June_2026,eia-mer-table-10.6.csv
DS-EIA-MER-10.6,SRC-EIA-MER-10.6,historical,,,,United States,USA,country,1996,electricity_generation,solar_utility_scale,Utility-Scale Solar Electricity Net Generation:  Total,utility_scale_all_sectors,0.521205,TWh,521.205,Million Kilowatthours,SOT5PUS,reported_or_upstream_estimate,MER_June_2026,eia-mer-table-10.6.csv
DS-EIA-MER-10.6,SRC-EIA-MER-10.6,historical,,,,United States,USA,country,1997,electricity_generation,solar_small_scale,Small-Scale Solar Photovoltaic Generation: Total (All Sectors),small_scale_all_sectors,0.069871,TWh,69.871,Million Kilowatthours,SOT7PUS,reported_or_upstream_estimate,MER_June_2026,eia-mer-table-10.6.csv
DS-EIA-MER-10.6,SRC-EIA-MER-10.6,historical,,,,United States,USA,country,1997,electricity_generation,solar_total,Solar Electricity Net Generation,utility_plus_small_scale,0.581039,TWh,581.039,Million Kilowatthours,SOTEPUS,reported_or_upstream_estimate,MER_June_2026,eia-mer-table-10.6.csv
DS-EIA-MER-10.6,SRC-EIA-MER-10.6,historical,,,,United States,USA,country,1997,electricity_generation,solar_utility_scale,Utility-Scale Solar Electricity Net Generation:  Total,utility_scale_all_sectors,0.511168,TWh,511.168,Million Kilowatthours,SOT5PUS,reported_or_upstream_estimate,MER_June_2026,eia-mer-table-10.6.csv
DS-EIA-MER-10.6,SRC-EIA-MER-10.6,historical,,,,United States,USA,country,1998,electricity_generation,solar_small_scale,Small-Scale Solar Photovoltaic Generation: Total (All Sectors),small_scale_all_sectors,0.079038,TWh,79.038,Million Kilowatthours,SOT7PUS,reported_or_upstream_estimate,MER_June_2026,eia-mer-table-10.6.csv
DS-EIA-MER-10.6,SRC-EIA-MER-10.6,historical,,,,United States,USA,country,1998,electricity_generation,solar_total,Solar Electricity Net Generation,utility_plus_small_scale,0.581511,TWh,581.511,Million Kilowatthours,SOTEPUS,reported_or_upstream_estimate,MER_June_2026,eia-mer-table-10.6.csv
DS-EIA-MER-10.6,SRC-EIA-MER-10.6,historical,,,,United States,USA,country,1998,electricity_generation,solar_utility_scale,Utility-Scale Solar Electricity Net Generation:  Total,utility_scale_all_sectors,0.502473,TWh,502.473,Million Kilowatthours,SOT5PUS,reported_or_upstream_estimate,MER_June_2026,eia-mer-table-10.6.csv
DS-EIA-MER-10.6,SRC-EIA-MER-10.6,historical,,,,United States,USA,country,1999,electricity_generation,solar_small_scale,Small-Scale Solar Photovoltaic Generation: Total (All Sectors),small_scale_all_sectors,0.09195,TWh,91.95,Million Kilowatthours,SOT7PUS,reported_or_upstream_estimate,MER_June_2026,eia-mer-table-10.6.csv
DS-EIA-MER-10.6,SRC-EIA-MER-10.6,historical,,,,United States,USA,country,1999,electricity_generation,solar_total,Solar Electricity Net Generation,utility_plus_small_scale,0.587032,TWh,587.032,Million Kilowatthours,SOTEPUS,reported_or_upstream_estimate,MER_June_2026,eia-mer-table-10.6.csv
DS-EIA-MER-10.6,SRC-EIA-MER-10.6,historical,,,,United States,USA,country,1999,electricity_generation,solar_utility_scale,Utility-Scale Solar Electricity Net Generation:  Total,utility_scale_all_sectors,0.495082,TWh,495.082,Million Kilowatthours,SOT5PUS,reported_or_upstream_estimate,MER_June_2026,eia-mer-table-10.6.csv
DS-EIA-MER-10.6,SRC-EIA-MER-10.6,historical,,,,United States,USA,country,2000,electricity_generation,solar_small_scale,Small-Scale Solar Photovoltaic Generation: Total (All Sectors),small_scale_all_sectors,0.104303,TWh,104.303,Million Kilowatthours,SOT7PUS,reported_or_upstream_estimate,MER_June_2026,eia-mer-table-10.6.csv
DS-EIA-MER-10.6,SRC-EIA-MER-10.6,historical,,,,United States,USA,country,2000,electricity_generation,solar_total,Solar Electricity Net Generation,utility_plus_small_scale,0.597678,TWh,597.678,Million Kilowatthours,SOTEPUS,reported_or_upstream_estimate,MER_June_2026,eia-mer-table-10.6.csv
DS-EIA-MER-10.6,SRC-EIA-MER-10.6,historical,,,,United States,USA,country,2000,electricity_generation,solar_utility_scale,Utility-Scale Solar Electricity Net Generation:  Total,utility_scale_all_sectors,0.493375,TWh,493.375,Million Kilowatthours,SOT5PUS,reported_or_upstream_estimate,MER_June_2026,eia-mer-table-10.6.csv
DS-EIA-MER-10.6,SRC-EIA-MER-10.6,historical,,,,United States,USA,country,2001,electricity_generation,solar_small_scale,Small-Scale Solar Photovoltaic Generation: Total (All Sectors),small_scale_all_sectors,0.126107,TWh,126.107,Million Kilowatthours,SOT7PUS,reported_or_upstream_estimate,MER_June_2026,eia-mer-table-10.6.csv
DS-EIA-MER-10.6,SRC-EIA-MER-10.6,historical,,,,United States,USA,country,2001,electricity_generation,solar_total,Solar Electricity Net Generation,utility_plus_small_scale,0.668862,TWh,668.862,Million Kilowatthours,SOTEPUS,reported_or_upstream_estimate,MER_June_2026,eia-mer-table-10.6.csv
DS-EIA-MER-10.6,SRC-EIA-MER-10.6,historical,,,,United States,USA,country,2001,electricity_generation,solar_utility_scale,Utility-Scale Solar Electricity Net Generation:  Total,utility_scale_all_sectors,0.542755,TWh,542.755,Million Kilowatthours,SOT5PUS,reported_or_upstream_estimate,MER_June_2026,eia-mer-table-10.6.csv
DS-EIA-MER-10.6,SRC-EIA-MER-10.6,historical,,,,United States,USA,country,2002,electricity_generation,solar_small_scale,Small-Scale Solar Photovoltaic Generation: Total (All Sectors),small_scale_all_sectors,0.149476,TWh,149.476,Million Kilowatthours,SOT7PUS,reported_or_upstream_estimate,MER_June_2026,eia-mer-table-10.6.csv
DS-EIA-MER-10.6,SRC-EIA-MER-10.6,historical,,,,United States,USA,country,2002,electricity_generation,solar_total,Solar Electricity Net Generation,utility_plus_small_scale,0.704307,TWh,704.307,Million Kilowatthours,SOTEPUS,reported_or_upstream_estimate,MER_June_2026,eia-mer-table-10.6.csv
DS-EIA-MER-10.6,SRC-EIA-MER-10.6,historical,,,,United States,USA,country,2002,electricity_generation,solar_utility_scale,Utility-Scale Solar Electricity Net Generation:  Total,utility_scale_all_sectors,0.554831,TWh,554.831,Million Kilowatthours,SOT5PUS,reported_or_upstream_estimate,MER_June_2026,eia-mer-table-10.6.csv
DS-EIA-MER-10.6,SRC-EIA-MER-10.6,historical,,,,United States,USA,country,2003,electricity_generation,solar_small_scale,Small-Scale Solar Photovoltaic Generation: Total (All Sectors),small_scale_all_sectors,0.174537,TWh,174.537,Million Kilowatthours,SOT7PUS,reported_or_upstream_estimate,MER_June_2026,eia-mer-table-10.6.csv
DS-EIA-MER-10.6,SRC-EIA-MER-10.6,historical,,,,United States,USA,country,2003,electricity_generation,solar_total,Solar Electricity Net Generation,utility_plus_small_scale,0.708539,TWh,708.539,Million Kilowatthours,SOTEPUS,reported_or_upstream_estimate,MER_June_2026,eia-mer-table-10.6.csv
DS-EIA-MER-10.6,SRC-EIA-MER-10.6,historical,,,,United States,USA,country,2003,electricity_generation,solar_utility_scale,Utility-Scale Solar Electricity Net Generation:  Total,utility_scale_all_sectors,0.534001,TWh,534.001,Million Kilowatthours,SOT5PUS,reported_or_upstream_estimate,MER_June_2026,eia-mer-table-10.6.csv
DS-EIA-MER-10.6,SRC-EIA-MER-10.6,historical,,,,United States,USA,country,2004,electricity_generation,solar_small_scale,Small-Scale Solar Photovoltaic Generation: Total (All Sectors),small_scale_all_sectors,0.21622,TWh,216.22,Million Kilowatthours,SOT7PUS,reported_or_upstream_estimate,MER_June_2026,eia-mer-table-10.6.csv
DS-EIA-MER-10.6,SRC-EIA-MER-10.6,historical,,,,United States,USA,country,2004,electricity_generation,solar_total,Solar Electricity Net Generation,utility_plus_small_scale,0.791375,TWh,791.375,Million Kilowatthours,SOTEPUS,reported_or_upstream_estimate,MER_June_2026,eia-mer-table-10.6.csv
DS-EIA-MER-10.6,SRC-EIA-MER-10.6,historical,,,,United States,USA,country,2004,electricity_generation,solar_utility_scale,Utility-Scale Solar Electricity Net Generation:  Total,utility_scale_all_sectors,0.575155,TWh,575.155,Million Kilowatthours,SOT5PUS,reported_or_upstream_estimate,MER_June_2026,eia-mer-table-10.6.csv
DS-EIA-MER-10.6,SRC-EIA-MER-10.6,historical,,,,United States,USA,country,2005,electricity_generation,solar_small_scale,Small-Scale Solar Photovoltaic Generation: Total (All Sectors),small_scale_all_sectors,0.324416,TWh,324.416,Million Kilowatthours,SOT7PUS,reported_or_upstream_estimate,MER_June_2026,eia-mer-table-10.6.csv
DS-EIA-MER-10.6,SRC-EIA-MER-10.6,historical,,,,United States,USA,country,2005,electricity_generation,solar_total,Solar Electricity Net Generation,utility_plus_small_scale,0.87471,TWh,874.71,Million Kilowatthours,SOTEPUS,reported_or_upstream_estimate,MER_June_2026,eia-mer-table-10.6.csv
DS-EIA-MER-10.6,SRC-EIA-MER-10.6,historical,,,,United States,USA,country,2005,electricity_generation,solar_utility_scale,Utility-Scale Solar Electricity Net Generation:  Total,utility_scale_all_sectors,0.550294,TWh,550.294,Million Kilowatthours,SOT5PUS,reported_or_upstream_estimate,MER_June_2026,eia-mer-table-10.6.csv
DS-EIA-MER-10.6,SRC-EIA-MER-10.6,historical,,,,United States,USA,country,2006,electricity_generation,solar_small_scale,Small-Scale Solar Photovoltaic Generation: Total (All Sectors),small_scale_all_sectors,0.473134,TWh,473.134,Million Kilowatthours,SOT7PUS,reported_or_upstream_estimate,MER_June_2026,eia-mer-table-10.6.csv
DS-EIA-MER-10.6,SRC-EIA-MER-10.6,historical,,,,United States,USA,country,2006,electricity_generation,solar_total,Solar Electricity Net Generation,utility_plus_small_scale,0.98084,TWh,980.84,Million Kilowatthours,SOTEPUS,reported_or_upstream_estimate,MER_June_2026,eia-mer-table-10.6.csv
DS-EIA-MER-10.6,SRC-EIA-MER-10.6,historical,,,,United States,USA,country,2006,electricity_generation,solar_utility_scale,Utility-Scale Solar Electricity Net Generation:  Total,utility_scale_all_sectors,0.507706,TWh,507.706,Million Kilowatthours,SOT5PUS,reported_or_upstream_estimate,MER_June_2026,eia-mer-table-10.6.csv
DS-EIA-MER-10.6,SRC-EIA-MER-10.6,historical,,,,United States,USA,country,2007,electricity_generation,solar_small_scale,Small-Scale Solar Photovoltaic Generation: Total (All Sectors),small_scale_all_sectors,0.668002,TWh,668.002,Million Kilowatthours,SOT7PUS,reported_or_upstream_estimate,MER_June_2026,eia-mer-table-10.6.csv
DS-EIA-MER-10.6,SRC-EIA-MER-10.6,historical,,,,United States,USA,country,2007,electricity_generation,solar_total,Solar Electricity Net Generation,utility_plus_small_scale,1.279795,TWh,1279.795,Million Kilowatthours,SOTEPUS,reported_or_upstream_estimate,MER_June_2026,eia-mer-table-10.6.csv
DS-EIA-MER-10.6,SRC-EIA-MER-10.6,historical,,,,United States,USA,country,2007,electricity_generation,solar_utility_scale,Utility-Scale Solar Electricity Net Generation:  Total,utility_scale_all_sectors,0.611793,TWh,611.793,Million Kilowatthours,SOT5PUS,reported_or_upstream_estimate,MER_June_2026,eia-mer-table-10.6.csv
DS-EIA-MER-10.6,SRC-EIA-MER-10.6,historical,,,,United States,USA,country,2008,electricity_generation,solar_small_scale,Small-Scale Solar Photovoltaic Generation: Total (All Sectors),small_scale_all_sectors,1.073495,TWh,1073.495,Million Kilowatthours,SOT7PUS,reported_or_upstream_estimate,MER_June_2026,eia-mer-table-10.6.csv
DS-EIA-MER-10.6,SRC-EIA-MER-10.6,historical,,,,United States,USA,country,2008,electricity_generation,solar_total,Solar Electricity Net Generation,utility_plus_small_scale,1.93781,TWh,1937.81,Million Kilowatthours,SOTEPUS,reported_or_upstream_estimate,MER_June_2026,eia-mer-table-10.6.csv
DS-EIA-MER-10.6,SRC-EIA-MER-10.6,historical,,,,United States,USA,country,2008,electricity_generation,solar_utility_scale,Utility-Scale Solar Electricity Net Generation:  Total,utility_scale_all_sectors,0.864315,TWh,864.315,Million Kilowatthours,SOT5PUS,reported_or_upstream_estimate,MER_June_2026,eia-mer-table-10.6.csv
DS-EIA-MER-10.6,SRC-EIA-MER-10.6,historical,,,,United States,USA,country,2009,electricity_generation,solar_small_scale,Small-Scale Solar Photovoltaic Generation: Total (All Sectors),small_scale_all_sectors,1.442894,TWh,1442.894,Million Kilowatthours,SOT7PUS,reported_or_upstream_estimate,MER_June_2026,eia-mer-table-10.6.csv
DS-EIA-MER-10.6,SRC-EIA-MER-10.6,historical,,,,United States,USA,country,2009,electricity_generation,solar_total,Solar Electricity Net Generation,utility_plus_small_scale,2.334073,TWh,2334.073,Million Kilowatthours,SOTEPUS,reported_or_upstream_estimate,MER_June_2026,eia-mer-table-10.6.csv
DS-EIA-MER-10.6,SRC-EIA-MER-10.6,historical,,,,United States,USA,country,2009,electricity_generation,solar_utility_scale,Utility-Scale Solar Electricity Net Generation:  Total,utility_scale_all_sectors,0.891179,TWh,891.179,Million Kilowatthours,SOT5PUS,reported_or_upstream_estimate,MER_June_2026,eia-mer-table-10.6.csv
DS-EIA-MER-10.6,SRC-EIA-MER-10.6,historical,,,,United States,USA,country,2010,electricity_generation,solar_small_scale,Small-Scale Solar Photovoltaic Generation: Total (All Sectors),small_scale_all_sectors,2.279932,TWh,2279.932,Million Kilowatthours,SOT7PUS,reported_or_upstream_estimate,MER_June_2026,eia-mer-table-10.6.csv
DS-EIA-MER-10.6,SRC-EIA-MER-10.6,historical,,,,United States,USA,country,2010,electricity_generation,solar_total,Solar Electricity Net Generation,utility_plus_small_scale,3.492114,TWh,3492.114,Million Kilowatthours,SOTEPUS,reported_or_upstream_estimate,MER_June_2026,eia-mer-table-10.6.csv
DS-EIA-MER-10.6,SRC-EIA-MER-10.6,historical,,,,United States,USA,country,2010,electricity_generation,solar_utility_scale,Utility-Scale Solar Electricity Net Generation:  Total,utility_scale_all_sectors,1.212182,TWh,1212.182,Million Kilowatthours,SOT5PUS,reported_or_upstream_estimate,MER_June_2026,eia-mer-table-10.6.csv
DS-EIA-MER-10.6,SRC-EIA-MER-10.6,historical,,,,United States,USA,country,2011,electricity_generation,solar_small_scale,Small-Scale Solar Photovoltaic Generation: Total (All Sectors),small_scale_all_sectors,3.611794,TWh,3611.794,Million Kilowatthours,SOT7PUS,reported_or_upstream_estimate,MER_June_2026,eia-mer-table-10.6.csv
DS-EIA-MER-10.6,SRC-EIA-MER-10.6,historical,,,,United States,USA,country,2011,electricity_generation,solar_total,Solar Electricity Net Generation,utility_plus_small_scale,5.429489,TWh,5429.489,Million Kilowatthours,SOTEPUS,reported_or_upstream_estimate,MER_June_2026,eia-mer-table-10.6.csv
DS-EIA-MER-10.6,SRC-EIA-MER-10.6,historical,,,,United States,USA,country,2011,electricity_generation,solar_utility_scale,Utility-Scale Solar Electricity Net Generation:  Total,utility_scale_all_sectors,1.817696,TWh,1817.696,Million Kilowatthours,SOT5PUS,reported_or_upstream_estimate,MER_June_2026,eia-mer-table-10.6.csv
DS-EIA-MER-10.6,SRC-EIA-MER-10.6,historical,,,,United States,USA,country,2012,electricity_generation,solar_small_scale,Small-Scale Solar Photovoltaic Generation: Total (All Sectors),small_scale_all_sectors,5.796824,TWh,5796.824,Million Kilowatthours,SOT7PUS,reported_or_upstream_estimate,MER_June_2026,eia-mer-table-10.6.csv
DS-EIA-MER-10.6,SRC-EIA-MER-10.6,historical,,,,United States,USA,country,2012,electricity_generation,solar_total,Solar Electricity Net Generation,utility_plus_small_scale,10.123499,TWh,10123.499,Million Kilowatthours,SOTEPUS,reported_or_upstream_estimate,MER_June_2026,eia-mer-table-10.6.csv
DS-EIA-MER-10.6,SRC-EIA-MER-10.6,historical,,,,United States,USA,country,2012,electricity_generation,solar_utility_scale,Utility-Scale Solar Electricity Net Generation:  Total,utility_scale_all_sectors,4.326675,TWh,4326.675,Million Kilowatthours,SOT5PUS,reported_or_upstream_estimate,MER_June_2026,eia-mer-table-10.6.csv
DS-EIA-MER-10.6,SRC-EIA-MER-10.6,historical,,,,United States,USA,country,2013,electricity_generation,solar_small_scale,Small-Scale Solar Photovoltaic Generation: Total (All Sectors),small_scale_all_sectors,8.232351,TWh,8232.351,Million Kilowatthours,SOT7PUS,reported_or_upstream_estimate,MER_June_2026,eia-mer-table-10.6.csv
DS-EIA-MER-10.6,SRC-EIA-MER-10.6,historical,,,,United States,USA,country,2013,electricity_generation,solar_total,Solar Electricity Net Generation,utility_plus_small_scale,17.267971,TWh,17267.971,Million Kilowatthours,SOTEPUS,reported_or_upstream_estimate,MER_June_2026,eia-mer-table-10.6.csv
DS-EIA-MER-10.6,SRC-EIA-MER-10.6,historical,,,,United States,USA,country,2013,electricity_generation,solar_utility_scale,Utility-Scale Solar Electricity Net Generation:  Total,utility_scale_all_sectors,9.03562,TWh,9035.62,Million Kilowatthours,SOT5PUS,reported_or_upstream_estimate,MER_June_2026,eia-mer-table-10.6.csv
DS-EIA-MER-10.6,SRC-EIA-MER-10.6,historical,,,,United States,USA,country,2014,electricity_generation,solar_small_scale,Small-Scale Solar Photovoltaic Generation: Total (All Sectors),small_scale_all_sectors,11.232659,TWh,11232.659,Million Kilowatthours,SOT7PUS,reported_or_upstream_estimate,MER_June_2026,eia-mer-table-10.6.csv
DS-EIA-MER-10.6,SRC-EIA-MER-10.6,historical,,,,United States,USA,country,2014,electricity_generation,solar_total,Solar Electricity Net Generation,utility_plus_small_scale,28.92369,TWh,28923.69,Million Kilowatthours,SOTEPUS,reported_or_upstream_estimate,MER_June_2026,eia-mer-table-10.6.csv
DS-EIA-MER-10.6,SRC-EIA-MER-10.6,historical,,,,United States,USA,country,2014,electricity_generation,solar_utility_scale,Utility-Scale Solar Electricity Net Generation:  Total,utility_scale_all_sectors,17.691031,TWh,17691.031,Million Kilowatthours,SOT5PUS,reported_or_upstream_estimate,MER_June_2026,eia-mer-table-10.6.csv
DS-EIA-MER-10.6,SRC-EIA-MER-10.6,historical,,,,United States,USA,country,2015,electricity_generation,solar_small_scale,Small-Scale Solar Photovoltaic Generation: Total (All Sectors),small_scale_all_sectors,14.139267,TWh,14139.267,Million Kilowatthours,SOT7PUS,reported_or_upstream_estimate,MER_June_2026,eia-mer-table-10.6.csv
DS-EIA-MER-10.6,SRC-EIA-MER-10.6,historical,,,,United States,USA,country,2015,electricity_generation,solar_total,Solar Electricity Net Generation,utility_plus_small_scale,39.032171,TWh,39032.171,Million Kilowatthours,SOTEPUS,reported_or_upstream_estimate,MER_June_2026,eia-mer-table-10.6.csv
DS-EIA-MER-10.6,SRC-EIA-MER-10.6,historical,,,,United States,USA,country,2015,electricity_generation,solar_utility_scale,Utility-Scale Solar Electricity Net Generation:  Total,utility_scale_all_sectors,24.892904,TWh,24892.904,Million Kilowatthours,SOT5PUS,reported_or_upstream_estimate,MER_June_2026,eia-mer-table-10.6.csv
DS-EIA-MER-10.6,SRC-EIA-MER-10.6,historical,,,,United States,USA,country,2016,electricity_generation,solar_small_scale,Small-Scale Solar Photovoltaic Generation: Total (All Sectors),small_scale_all_sectors,18.812371,TWh,18812.371,Million Kilowatthours,SOT7PUS,reported_or_upstream_estimate,MER_June_2026,eia-mer-table-10.6.csv
DS-EIA-MER-10.6,SRC-EIA-MER-10.6,historical,,,,United States,USA,country,2016,electricity_generation,solar_total,Solar Electricity Net Generation,utility_plus_small_scale,54.866492,TWh,54866.492,Million Kilowatthours,SOTEPUS,reported_or_upstream_estimate,MER_June_2026,eia-mer-table-10.6.csv
DS-EIA-MER-10.6,SRC-EIA-MER-10.6,historical,,,,United States,USA,country,2016,electricity_generation,solar_utility_scale,Utility-Scale Solar Electricity Net Generation:  Total,utility_scale_all_sectors,36.054121,TWh,36054.121,Million Kilowatthours,SOT5PUS,reported_or_upstream_estimate,MER_June_2026,eia-mer-table-10.6.csv
DS-EIA-MER-10.6,SRC-EIA-MER-10.6,historical,,,,United States,USA,country,2017,electricity_generation,solar_small_scale,Small-Scale Solar Photovoltaic Generation: Total (All Sectors),small_scale_all_sectors,23.990282,TWh,23990.282,Million Kilowatthours,SOT7PUS,reported_or_upstream_estimate,MER_June_2026,eia-mer-table-10.6.csv
DS-EIA-MER-10.6,SRC-EIA-MER-10.6,historical,,,,United States,USA,country,2017,electricity_generation,solar_total,Solar Electricity Net Generation,utility_plus_small_scale,77.277148,TWh,77277.148,Million Kilowatthours,SOTEPUS,reported_or_upstream_estimate,MER_June_2026,eia-mer-table-10.6.csv
DS-EIA-MER-10.6,SRC-EIA-MER-10.6,historical,,,,United States,USA,country,2017,electricity_generation,solar_utility_scale,Utility-Scale Solar Electricity Net Generation:  Total,utility_scale_all_sectors,53.286865,TWh,53286.865,Million Kilowatthours,SOT5PUS,reported_or_upstream_estimate,MER_June_2026,eia-mer-table-10.6.csv
DS-EIA-MER-10.6,SRC-EIA-MER-10.6,historical,,,,United States,USA,country,2018,electricity_generation,solar_small_scale,Small-Scale Solar Photovoltaic Generation: Total (All Sectors),small_scale_all_sectors,29.539275,TWh,29539.275,Million Kilowatthours,SOT7PUS,reported_or_upstream_estimate,MER_June_2026,eia-mer-table-10.6.csv
DS-EIA-MER-10.6,SRC-EIA-MER-10.6,historical,,,,United States,USA,country,2018,electricity_generation,solar_total,Solar Electricity Net Generation,utility_plus_small_scale,93.364589,TWh,93364.589,Million Kilowatthours,SOTEPUS,reported_or_upstream_estimate,MER_June_2026,eia-mer-table-10.6.csv
DS-EIA-MER-10.6,SRC-EIA-MER-10.6,historical,,,,United States,USA,country,2018,electricity_generation,solar_utility_scale,Utility-Scale Solar Electricity Net Generation:  Total,utility_scale_all_sectors,63.825315,TWh,63825.315,Million Kilowatthours,SOT5PUS,reported_or_upstream_estimate,MER_June_2026,eia-mer-table-10.6.csv
DS-EIA-MER-10.6,SRC-EIA-MER-10.6,historical,,,,United States,USA,country,2019,electricity_generation,solar_small_scale,Small-Scale Solar Photovoltaic Generation: Total (All Sectors),small_scale_all_sectors,34.957447,TWh,34957.447,Million Kilowatthours,SOT7PUS,reported_or_upstream_estimate,MER_June_2026,eia-mer-table-10.6.csv
DS-EIA-MER-10.6,SRC-EIA-MER-10.6,historical,,,,United States,USA,country,2019,electricity_generation,solar_total,Solar Electricity Net Generation,utility_plus_small_scale,106.89427,TWh,106894.27,Million Kilowatthours,SOTEPUS,reported_or_upstream_estimate,MER_June_2026,eia-mer-table-10.6.csv
DS-EIA-MER-10.6,SRC-EIA-MER-10.6,historical,,,,United States,USA,country,2019,electricity_generation,solar_utility_scale,Utility-Scale Solar Electricity Net Generation:  Total,utility_scale_all_sectors,71.936822,TWh,71936.822,Million Kilowatthours,SOT5PUS,reported_or_upstream_estimate,MER_June_2026,eia-mer-table-10.6.csv
DS-EIA-MER-10.6,SRC-EIA-MER-10.6,historical,,,,United States,USA,country,2020,electricity_generation,solar_small_scale,Small-Scale Solar Photovoltaic Generation: Total (All Sectors),small_scale_all_sectors,41.52238,TWh,41522.38,Million Kilowatthours,SOT7PUS,reported_or_upstream_estimate,MER_June_2026,eia-mer-table-10.6.csv
DS-EIA-MER-10.6,SRC-EIA-MER-10.6,historical,,,,United States,USA,country,2020,electricity_generation,solar_total,Solar Electricity Net Generation,utility_plus_small_scale,130.721095,TWh,130721.095,Million Kilowatthours,SOTEPUS,reported_or_upstream_estimate,MER_June_2026,eia-mer-table-10.6.csv
DS-EIA-MER-10.6,SRC-EIA-MER-10.6,historical,,,,United States,USA,country,2020,electricity_generation,solar_utility_scale,Utility-Scale Solar Electricity Net Generation:  Total,utility_scale_all_sectors,89.198715,TWh,89198.715,Million Kilowatthours,SOT5PUS,reported_or_upstream_estimate,MER_June_2026,eia-mer-table-10.6.csv
DS-EIA-MER-10.6,SRC-EIA-MER-10.6,historical,,,,United States,USA,country,2021,electricity_generation,solar_small_scale,Small-Scale Solar Photovoltaic Generation: Total (All Sectors),small_scale_all_sectors,49.164202,TWh,49164.202,Million Kilowatthours,SOT7PUS,reported_or_upstream_estimate,MER_June_2026,eia-mer-table-10.6.csv
DS-EIA-MER-10.6,SRC-EIA-MER-10.6,historical,,,,United States,USA,country,2021,electricity_generation,solar_total,Solar Electricity Net Generation,utility_plus_small_scale,164.42245,TWh,164422.45,Million Kilowatthours,SOTEPUS,reported_or_upstream_estimate,MER_June_2026,eia-mer-table-10.6.csv
DS-EIA-MER-10.6,SRC-EIA-MER-10.6,historical,,,,United States,USA,country,2021,electricity_generation,solar_utility_scale,Utility-Scale Solar Electricity Net Generation:  Total,utility_scale_all_sectors,115.258248,TWh,115258.248,Million Kilowatthours,SOT5PUS,reported_or_upstream_estimate,MER_June_2026,eia-mer-table-10.6.csv
DS-EIA-MER-10.6,SRC-EIA-MER-10.6,historical,,,,United States,USA,country,2022,electricity_generation,solar_small_scale,Small-Scale Solar Photovoltaic Generation: Total (All Sectors),small_scale_all_sectors,61.282248,TWh,61282.248,Million Kilowatthours,SOT7PUS,reported_or_upstream_estimate,MER_June_2026,eia-mer-table-10.6.csv
DS-EIA-MER-10.6,SRC-EIA-MER-10.6,historical,,,,United States,USA,country,2022,electricity_generation,solar_total,Solar Electricity Net Generation,utility_plus_small_scale,205.074136,TWh,205074.136,Million Kilowatthours,SOTEPUS,reported_or_upstream_estimate,MER_June_2026,eia-mer-table-10.6.csv
DS-EIA-MER-10.6,SRC-EIA-MER-10.6,historical,,,,United States,USA,country,2022,electricity_generation,solar_utility_scale,Utility-Scale Solar Electricity Net Generation:  Total,utility_scale_all_sectors,143.791888,TWh,143791.888,Million Kilowatthours,SOT5PUS,reported_or_upstream_estimate,MER_June_2026,eia-mer-table-10.6.csv
DS-EIA-MER-10.6,SRC-EIA-MER-10.6,historical,,,,United States,USA,country,2023,electricity_generation,solar_small_scale,Small-Scale Solar Photovoltaic Generation: Total (All Sectors),small_scale_all_sectors,73.406353,TWh,73406.353,Million Kilowatthours,SOT7PUS,reported_or_upstream_estimate,MER_June_2026,eia-mer-table-10.6.csv
DS-EIA-MER-10.6,SRC-EIA-MER-10.6,historical,,,,United States,USA,country,2023,electricity_generation,solar_total,Solar Electricity Net Generation,utility_plus_small_scale,238.936701,TWh,238936.701,Million Kilowatthours,SOTEPUS,reported_or_upstream_estimate,MER_June_2026,eia-mer-table-10.6.csv
DS-EIA-MER-10.6,SRC-EIA-MER-10.6,historical,,,,United States,USA,country,2023,electricity_generation,solar_utility_scale,Utility-Scale Solar Electricity Net Generation:  Total,utility_scale_all_sectors,165.530349,TWh,165530.349,Million Kilowatthours,SOT5PUS,reported_or_upstream_estimate,MER_June_2026,eia-mer-table-10.6.csv
DS-EIA-MER-10.6,SRC-EIA-MER-10.6,historical,,,,United States,USA,country,2024,electricity_generation,solar_small_scale,Small-Scale Solar Photovoltaic Generation: Total (All Sectors),small_scale_all_sectors,83.918049,TWh,83918.049,Million Kilowatthours,SOT7PUS,reported_or_upstream_estimate,MER_June_2026,eia-mer-table-10.6.csv
DS-EIA-MER-10.6,SRC-EIA-MER-10.6,historical,,,,United States,USA,country,2024,electricity_generation,solar_total,Solar Electricity Net Generation,utility_plus_small_scale,303.751962,TWh,303751.962,Million Kilowatthours,SOTEPUS,reported_or_upstream_estimate,MER_June_2026,eia-mer-table-10.6.csv
DS-EIA-MER-10.6,SRC-EIA-MER-10.6,historical,,,,United States,USA,country,2024,electricity_generation,solar_utility_scale,Utility-Scale Solar Electricity Net Generation:  Total,utility_scale_all_sectors,219.833913,TWh,219833.913,Million Kilowatthours,SOT5PUS,reported_or_upstream_estimate,MER_June_2026,eia-mer-table-10.6.csv
DS-EIA-MER-10.6,SRC-EIA-MER-10.6,historical,,,,United States,USA,country,2025,electricity_generation,solar_small_scale,Small-Scale Solar Photovoltaic Generation: Total (All Sectors),small_scale_all_sectors,93.148477,TWh,93148.477,Million Kilowatthours,SOT7PUS,preliminary,MER_June_2026,eia-mer-table-10.6.csv
DS-EIA-MER-10.6,SRC-EIA-MER-10.6,historical,,,,United States,USA,country,2025,electricity_generation,solar_total,Solar Electricity Net Generation,utility_plus_small_scale,388.81986,TWh,388819.86,Million Kilowatthours,SOTEPUS,preliminary,MER_June_2026,eia-mer-table-10.6.csv
DS-EIA-MER-10.6,SRC-EIA-MER-10.6,historical,,,,United States,USA,country,2025,electricity_generation,solar_utility_scale,Utility-Scale Solar Electricity Net Generation:  Total,utility_scale_all_sectors,295.671383,TWh,295671.383,Million Kilowatthours,SOT5PUS,preliminary,MER_June_2026,eia-mer-table-10.6.csv
DS-EIA-MER-7.2A,SRC-EIA-MER-7.2A,historical,,,,United States,USA,country,1949,electricity_generation,coal,"Electricity Net Generation From Coal, All Sectors",all_sectors; utility_scale for solar,135.45132,TWh,135451.32,Million Kilowatthours,CLETPUS,reported,MER_June_2026,eia-mer-table-7.2a.csv
DS-EIA-MER-7.2A,SRC-EIA-MER-7.2A,historical,,,,United States,USA,country,1949,electricity_generation,hydropower,"Electricity Net Generation From Conventional Hydroelectric Power, All Sectors",all_sectors; utility_scale for solar,94.772992,TWh,94772.992,Million Kilowatthours,HVETPUS,reported,MER_June_2026,eia-mer-table-7.2a.csv
DS-EIA-MER-7.2A,SRC-EIA-MER-7.2A,historical,,,,United States,USA,country,1949,electricity_generation,natural_gas,"Electricity Net Generation From Natural Gas, All Sectors",all_sectors; utility_scale for solar,36.966709,TWh,36966.709,Million Kilowatthours,NGETPUS,reported,MER_June_2026,eia-mer-table-7.2a.csv
DS-EIA-MER-7.2A,SRC-EIA-MER-7.2A,historical,,,,United States,USA,country,1949,electricity_generation,nuclear,"Electricity Net Generation From Nuclear Electric Power, All Sectors",all_sectors; utility_scale for solar,0.0,TWh,0.0,Million Kilowatthours,NUETPUS,reported,MER_June_2026,eia-mer-table-7.2a.csv
DS-EIA-MER-7.2A,SRC-EIA-MER-7.2A,historical,,,,United States,USA,country,1949,electricity_generation,petroleum,"Electricity Net Generation From Petroleum, All Sectors",all_sectors; utility_scale for solar,28.547232,TWh,28547.232,Million Kilowatthours,PAETPUS,reported,MER_June_2026,eia-mer-table-7.2a.csv
DS-EIA-MER-7.2A,SRC-EIA-MER-7.2A,historical,,,,United States,USA,country,1949,electricity_generation,total,"Electricity Net Generation Total (including from sources not shown), All Sectors",all_sectors; utility_scale for solar,296.124289,TWh,296124.289,Million Kilowatthours,ELETPUS,reported,MER_June_2026,eia-mer-table-7.2a.csv
DS-EIA-MER-7.2A,SRC-EIA-MER-7.2A,historical,,,,United States,USA,country,1949,electricity_generation,wood,"Electricity Net Generation From Wood, All Sectors",all_sectors; utility_scale for solar,0.386036,TWh,386.036,Million Kilowatthours,WDETPUS,reported,MER_June_2026,eia-mer-table-7.2a.csv
DS-EIA-MER-7.2A,SRC-EIA-MER-7.2A,historical,,,,United States,USA,country,1950,electricity_generation,coal,"Electricity Net Generation From Coal, All Sectors",all_sectors; utility_scale for solar,154.519994,TWh,154519.994,Million Kilowatthours,CLETPUS,reported,MER_June_2026,eia-mer-table-7.2a.csv
DS-EIA-MER-7.2A,SRC-EIA-MER-7.2A,historical,,,,United States,USA,country,1950,electricity_generation,hydropower,"Electricity Net Generation From Conventional Hydroelectric Power, All Sectors",all_sectors; utility_scale for solar,100.884575,TWh,100884.575,Million Kilowatthours,HVETPUS,reported,MER_June_2026,eia-mer-table-7.2a.csv
DS-EIA-MER-7.2A,SRC-EIA-MER-7.2A,historical,,,,United States,USA,country,1950,electricity_generation,natural_gas,"Electricity Net Generation From Natural Gas, All Sectors",all_sectors; utility_scale for solar,44.559159,TWh,44559.159,Million Kilowatthours,NGETPUS,reported,MER_June_2026,eia-mer-table-7.2a.csv
DS-EIA-MER-7.2A,SRC-EIA-MER-7.2A,historical,,,,United States,USA,country,1950,electricity_generation,nuclear,"Electricity Net Generation From Nuclear Electric Power, All Sectors",all_sectors; utility_scale for solar,0.0,TWh,0.0,Million Kilowatthours,NUETPUS,reported,MER_June_2026,eia-mer-table-7.2a.csv
DS-EIA-MER-7.2A,SRC-EIA-MER-7.2A,historical,,,,United States,USA,country,1950,electricity_generation,petroleum,"Electricity Net Generation From Petroleum, All Sectors",all_sectors; utility_scale for solar,33.734288,TWh,33734.288,Million Kilowatthours,PAETPUS,reported,MER_June_2026,eia-mer-table-7.2a.csv
DS-EIA-MER-7.2A,SRC-EIA-MER-7.2A,historical,,,,United States,USA,country,1950,electricity_generation,total,"Electricity Net Generation Total (including from sources not shown), All Sectors",all_sectors; utility_scale for solar,334.087601,TWh,334087.601,Million Kilowatthours,ELETPUS,reported,MER_June_2026,eia-mer-table-7.2a.csv
DS-EIA-MER-7.2A,SRC-EIA-MER-7.2A,historical,,,,United States,USA,country,1950,electricity_generation,wood,"Electricity Net Generation From Wood, All Sectors",all_sectors; utility_scale for solar,0.389585,TWh,389.585,Million Kilowatthours,WDETPUS,reported,MER_June_2026,eia-mer-table-7.2a.csv
DS-EIA-MER-7.2A,SRC-EIA-MER-7.2A,historical,,,,United States,USA,country,1951,electricity_generation,coal,"Electricity Net Generation From Coal, All Sectors",all_sectors; utility_scale for solar,185.203657,TWh,185203.657,Million Kilowatthours,CLETPUS,reported,MER_June_2026,eia-mer-table-7.2a.csv
DS-EIA-MER-7.2A,SRC-EIA-MER-7.2A,historical,,,,United States,USA,country,1951,electricity_generation,hydropower,"Electricity Net Generation From Conventional Hydroelectric Power, All Sectors",all_sectors; utility_scale for solar,104.37612,TWh,104376.12,Million Kilowatthours,HVETPUS,reported,MER_June_2026,eia-mer-table-7.2a.csv
DS-EIA-MER-7.2A,SRC-EIA-MER-7.2A,historical,,,,United States,USA,country,1951,electricity_generation,natural_gas,"Electricity Net Generation From Natural Gas, All Sectors",all_sectors; utility_scale for solar,56.615678,TWh,56615.678,Million Kilowatthours,NGETPUS,reported,MER_June_2026,eia-mer-table-7.2a.csv
DS-EIA-MER-7.2A,SRC-EIA-MER-7.2A,historical,,,,United States,USA,country,1951,electricity_generation,nuclear,"Electricity Net Generation From Nuclear Electric Power, All Sectors",all_sectors; utility_scale for solar,0.0,TWh,0.0,Million Kilowatthours,NUETPUS,reported,MER_June_2026,eia-mer-table-7.2a.csv
DS-EIA-MER-7.2A,SRC-EIA-MER-7.2A,historical,,,,United States,USA,country,1951,electricity_generation,petroleum,"Electricity Net Generation From Petroleum, All Sectors",all_sectors; utility_scale for solar,28.712116,TWh,28712.116,Million Kilowatthours,PAETPUS,reported,MER_June_2026,eia-mer-table-7.2a.csv
DS-EIA-MER-7.2A,SRC-EIA-MER-7.2A,historical,,,,United States,USA,country,1951,electricity_generation,total,"Electricity Net Generation Total (including from sources not shown), All Sectors",all_sectors; utility_scale for solar,375.298355,TWh,375298.355,Million Kilowatthours,ELETPUS,reported,MER_June_2026,eia-mer-table-7.2a.csv
DS-EIA-MER-7.2A,SRC-EIA-MER-7.2A,historical,,,,United States,USA,country,1951,electricity_generation,wood,"Electricity Net Generation From Wood, All Sectors",all_sectors; utility_scale for solar,0.390784,TWh,390.784,Million Kilowatthours,WDETPUS,reported,MER_June_2026,eia-mer-table-7.2a.csv
DS-EIA-MER-7.2A,SRC-EIA-MER-7.2A,historical,,,,United States,USA,country,1952,electricity_generation,coal,"Electricity Net Generation From Coal, All Sectors",all_sectors; utility_scale for solar,195.436666,TWh,195436.666,Million Kilowatthours,CLETPUS,reported,MER_June_2026,eia-mer-table-7.2a.csv
DS-EIA-MER-7.2A,SRC-EIA-MER-7.2A,historical,,,,United States,USA,country,1952,electricity_generation,hydropower,"Electricity Net Generation From Conventional Hydroelectric Power, All Sectors",all_sectors; utility_scale for solar,109.708251,TWh,109708.251,Million Kilowatthours,HVETPUS,reported,MER_June_2026,eia-mer-table-7.2a.csv
DS-EIA-MER-7.2A,SRC-EIA-MER-7.2A,historical,,,,United States,USA,country,1952,electricity_generation,natural_gas,"Electricity Net Generation From Natural Gas, All Sectors",all_sectors; utility_scale for solar,68.453088,TWh,68453.088,Million Kilowatthours,NGETPUS,reported,MER_June_2026,eia-mer-table-7.2a.csv
DS-EIA-MER-7.2A,SRC-EIA-MER-7.2A,historical,,,,United States,USA,country,1952,electricity_generation,nuclear,"Electricity Net Generation From Nuclear Electric Power, All Sectors",all_sectors; utility_scale for solar,0.0,TWh,0.0,Million Kilowatthours,NUETPUS,reported,MER_June_2026,eia-mer-table-7.2a.csv
DS-EIA-MER-7.2A,SRC-EIA-MER-7.2A,historical,,,,United States,USA,country,1952,electricity_generation,petroleum,"Electricity Net Generation From Petroleum, All Sectors",all_sectors; utility_scale for solar,29.749761,TWh,29749.761,Million Kilowatthours,PAETPUS,reported,MER_June_2026,eia-mer-table-7.2a.csv
DS-EIA-MER-7.2A,SRC-EIA-MER-7.2A,historical,,,,United States,USA,country,1952,electricity_generation,total,"Electricity Net Generation Total (including from sources not shown), All Sectors",all_sectors; utility_scale for solar,403.829413,TWh,403829.413,Million Kilowatthours,ELETPUS,reported,MER_June_2026,eia-mer-table-7.2a.csv
DS-EIA-MER-7.2A,SRC-EIA-MER-7.2A,historical,,,,United States,USA,country,1952,electricity_generation,wood,"Electricity Net Generation From Wood, All Sectors",all_sectors; utility_scale for solar,0.481647,TWh,481.647,Million Kilowatthours,WDETPUS,reported,MER_June_2026,eia-mer-table-7.2a.csv
DS-EIA-MER-7.2A,SRC-EIA-MER-7.2A,historical,,,,United States,USA,country,1953,electricity_generation,coal,"Electricity Net Generation From Coal, All Sectors",all_sectors; utility_scale for solar,218.846325,TWh,218846.325,Million Kilowatthours,CLETPUS,reported,MER_June_2026,eia-mer-table-7.2a.csv
DS-EIA-MER-7.2A,SRC-EIA-MER-7.2A,historical,,,,United States,USA,country,1953,electricity_generation,hydropower,"Electricity Net Generation From Conventional Hydroelectric Power, All Sectors",all_sectors; utility_scale for solar,109.617396,TWh,109617.396,Million Kilowatthours,HVETPUS,reported,MER_June_2026,eia-mer-table-7.2a.csv
DS-EIA-MER-7.2A,SRC-EIA-MER-7.2A,historical,,,,United States,USA,country,1953,electricity_generation,natural_gas,"Electricity Net Generation From Natural Gas, All Sectors",all_sectors; utility_scale for solar,79.790975,TWh,79790.975,Million Kilowatthours,NGETPUS,reported,MER_June_2026,eia-mer-table-7.2a.csv
DS-EIA-MER-7.2A,SRC-EIA-MER-7.2A,historical,,,,United States,USA,country,1953,electricity_generation,nuclear,"Electricity Net Generation From Nuclear Electric Power, All Sectors",all_sectors; utility_scale for solar,0.0,TWh,0.0,Million Kilowatthours,NUETPUS,reported,MER_June_2026,eia-mer-table-7.2a.csv
DS-EIA-MER-7.2A,SRC-EIA-MER-7.2A,historical,,,,United States,USA,country,1953,electricity_generation,petroleum,"Electricity Net Generation From Petroleum, All Sectors",all_sectors; utility_scale for solar,38.404449,TWh,38404.449,Million Kilowatthours,PAETPUS,reported,MER_June_2026,eia-mer-table-7.2a.csv
DS-EIA-MER-7.2A,SRC-EIA-MER-7.2A,historical,,,,United States,USA,country,1953,electricity_generation,total,"Electricity Net Generation Total (including from sources not shown), All Sectors",all_sectors; utility_scale for solar,447.048563,TWh,447048.563,Million Kilowatthours,ELETPUS,reported,MER_June_2026,eia-mer-table-7.2a.csv
DS-EIA-MER-7.2A,SRC-EIA-MER-7.2A,historical,,,,United States,USA,country,1953,electricity_generation,wood,"Electricity Net Generation From Wood, All Sectors",all_sectors; utility_scale for solar,0.389418,TWh,389.418,Million Kilowatthours,WDETPUS,reported,MER_June_2026,eia-mer-table-7.2a.csv
DS-EIA-MER-7.2A,SRC-EIA-MER-7.2A,historical,,,,United States,USA,country,1954,electricity_generation,coal,"Electricity Net Generation From Coal, All Sectors",all_sectors; utility_scale for solar,239.145966,TWh,239145.966,Million Kilowatthours,CLETPUS,reported,MER_June_2026,eia-mer-table-7.2a.csv
DS-EIA-MER-7.2A,SRC-EIA-MER-7.2A,historical,,,,United States,USA,country,1954,electricity_generation,hydropower,"Electricity Net Generation From Conventional Hydroelectric Power, All Sectors",all_sectors; utility_scale for solar,111.639772,TWh,111639.772,Million Kilowatthours,HVETPUS,reported,MER_June_2026,eia-mer-table-7.2a.csv
DS-EIA-MER-7.2A,SRC-EIA-MER-7.2A,historical,,,,United States,USA,country,1954,electricity_generation,natural_gas,"Electricity Net Generation From Natural Gas, All Sectors",all_sectors; utility_scale for solar,93.688271,TWh,93688.271,Million Kilowatthours,NGETPUS,reported,MER_June_2026,eia-mer-table-7.2a.csv
DS-EIA-MER-7.2A,SRC-EIA-MER-7.2A,historical,,,,United States,USA,country,1954,electricity_generation,nuclear,"Electricity Net Generation From Nuclear Electric Power, All Sectors",all_sectors; utility_scale for solar,0.0,TWh,0.0,Million Kilowatthours,NUETPUS,reported,MER_June_2026,eia-mer-table-7.2a.csv
DS-EIA-MER-7.2A,SRC-EIA-MER-7.2A,historical,,,,United States,USA,country,1954,electricity_generation,petroleum,"Electricity Net Generation From Petroleum, All Sectors",all_sectors; utility_scale for solar,31.520175,TWh,31520.175,Million Kilowatthours,PAETPUS,reported,MER_June_2026,eia-mer-table-7.2a.csv
DS-EIA-MER-7.2A,SRC-EIA-MER-7.2A,historical,,,,United States,USA,country,1954,electricity_generation,total,"Electricity Net Generation Total (including from sources not shown), All Sectors",all_sectors; utility_scale for solar,476.257618,TWh,476257.618,Million Kilowatthours,ELETPUS,reported,MER_June_2026,eia-mer-table-7.2a.csv
DS-EIA-MER-7.2A,SRC-EIA-MER-7.2A,historical,,,,United States,USA,country,1954,electricity_generation,wood,"Electricity Net Generation From Wood, All Sectors",all_sectors; utility_scale for solar,0.263434,TWh,263.434,Million Kilowatthours,WDETPUS,reported,MER_June_2026,eia-mer-table-7.2a.csv
DS-EIA-MER-7.2A,SRC-EIA-MER-7.2A,historical,,,,United States,USA,country,1955,electricity_generation,coal,"Electricity Net Generation From Coal, All Sectors",all_sectors; utility_scale for solar,301.362698,TWh,301362.698,Million Kilowatthours,CLETPUS,reported,MER_June_2026,eia-mer-table-7.2a.csv
DS-EIA-MER-7.2A,SRC-EIA-MER-7.2A,historical,,,,United States,USA,country,1955,electricity_generation,hydropower,"Electricity Net Generation From Conventional Hydroelectric Power, All Sectors",all_sectors; utility_scale for solar,116.235946,TWh,116235.946,Million Kilowatthours,HVETPUS,reported,MER_June_2026,eia-mer-table-7.2a.csv
DS-EIA-MER-7.2A,SRC-EIA-MER-7.2A,historical,,,,United States,USA,country,1955,electricity_generation,natural_gas,"Electricity Net Generation From Natural Gas, All Sectors",all_sectors; utility_scale for solar,95.285441,TWh,95285.441,Million Kilowatthours,NGETPUS,reported,MER_June_2026,eia-mer-table-7.2a.csv
DS-EIA-MER-7.2A,SRC-EIA-MER-7.2A,historical,,,,United States,USA,country,1955,electricity_generation,nuclear,"Electricity Net Generation From Nuclear Electric Power, All Sectors",all_sectors; utility_scale for solar,0.0,TWh,0.0,Million Kilowatthours,NUETPUS,reported,MER_June_2026,eia-mer-table-7.2a.csv
DS-EIA-MER-7.2A,SRC-EIA-MER-7.2A,historical,,,,United States,USA,country,1955,electricity_generation,petroleum,"Electricity Net Generation From Petroleum, All Sectors",all_sectors; utility_scale for solar,37.138308,TWh,37138.308,Million Kilowatthours,PAETPUS,reported,MER_June_2026,eia-mer-table-7.2a.csv
DS-EIA-MER-7.2A,SRC-EIA-MER-7.2A,historical,,,,United States,USA,country,1955,electricity_generation,total,"Electricity Net Generation Total (including from sources not shown), All Sectors",all_sectors; utility_scale for solar,550.298862,TWh,550298.862,Million Kilowatthours,ELETPUS,reported,MER_June_2026,eia-mer-table-7.2a.csv
DS-EIA-MER-7.2A,SRC-EIA-MER-7.2A,historical,,,,United States,USA,country,1955,electricity_generation,wood,"Electricity Net Generation From Wood, All Sectors",all_sectors; utility_scale for solar,0.276469,TWh,276.469,Million Kilowatthours,WDETPUS,reported,MER_June_2026,eia-mer-table-7.2a.csv
DS-EIA-MER-7.2A,SRC-EIA-MER-7.2A,historical,,,,United States,USA,country,1956,electricity_generation,coal,"Electricity Net Generation From Coal, All Sectors",all_sectors; utility_scale for solar,338.503484,TWh,338503.484,Million Kilowatthours,CLETPUS,reported,MER_June_2026,eia-mer-table-7.2a.csv
DS-EIA-MER-7.2A,SRC-EIA-MER-7.2A,historical,,,,United States,USA,country,1956,electricity_generation,hydropower,"Electricity Net Generation From Conventional Hydroelectric Power, All Sectors",all_sectors; utility_scale for solar,125.236621,TWh,125236.621,Million Kilowatthours,HVETPUS,reported,MER_June_2026,eia-mer-table-7.2a.csv
DS-EIA-MER-7.2A,SRC-EIA-MER-7.2A,historical,,,,United States,USA,country,1956,electricity_generation,natural_gas,"Electricity Net Generation From Natural Gas, All Sectors",all_sectors; utility_scale for solar,104.037208,TWh,104037.208,Million Kilowatthours,NGETPUS,reported,MER_June_2026,eia-mer-table-7.2a.csv
DS-EIA-MER-7.2A,SRC-EIA-MER-7.2A,historical,,,,United States,USA,country,1956,electricity_generation,nuclear,"Electricity Net Generation From Nuclear Electric Power, All Sectors",all_sectors; utility_scale for solar,0.0,TWh,0.0,Million Kilowatthours,NUETPUS,reported,MER_June_2026,eia-mer-table-7.2a.csv
DS-EIA-MER-7.2A,SRC-EIA-MER-7.2A,historical,,,,United States,USA,country,1956,electricity_generation,petroleum,"Electricity Net Generation From Petroleum, All Sectors",all_sectors; utility_scale for solar,35.946772,TWh,35946.772,Million Kilowatthours,PAETPUS,reported,MER_June_2026,eia-mer-table-7.2a.csv
DS-EIA-MER-7.2A,SRC-EIA-MER-7.2A,historical,,,,United States,USA,country,1956,electricity_generation,total,"Electricity Net Generation Total (including from sources not shown), All Sectors",all_sectors; utility_scale for solar,603.875763,TWh,603875.763,Million Kilowatthours,ELETPUS,reported,MER_June_2026,eia-mer-table-7.2a.csv
DS-EIA-MER-7.2A,SRC-EIA-MER-7.2A,historical,,,,United States,USA,country,1956,electricity_generation,wood,"Electricity Net Generation From Wood, All Sectors",all_sectors; utility_scale for solar,0.151678,TWh,151.678,Million Kilowatthours,WDETPUS,reported,MER_June_2026,eia-mer-table-7.2a.csv
DS-EIA-MER-7.2A,SRC-EIA-MER-7.2A,historical,,,,United States,USA,country,1957,electricity_generation,coal,"Electricity Net Generation From Coal, All Sectors",all_sectors; utility_scale for solar,346.386207,TWh,346386.207,Million Kilowatthours,CLETPUS,reported,MER_June_2026,eia-mer-table-7.2a.csv
DS-EIA-MER-7.2A,SRC-EIA-MER-7.2A,historical,,,,United States,USA,country,1957,electricity_generation,hydropower,"Electricity Net Generation From Conventional Hydroelectric Power, All Sectors",all_sectors; utility_scale for solar,133.35793,TWh,133357.93,Million Kilowatthours,HVETPUS,reported,MER_June_2026,eia-mer-table-7.2a.csv
DS-EIA-MER-7.2A,SRC-EIA-MER-7.2A,historical,,,,United States,USA,country,1957,electricity_generation,natural_gas,"Electricity Net Generation From Natural Gas, All Sectors",all_sectors; utility_scale for solar,114.212525,TWh,114212.525,Million Kilowatthours,NGETPUS,reported,MER_June_2026,eia-mer-table-7.2a.csv
DS-EIA-MER-7.2A,SRC-EIA-MER-7.2A,historical,,,,United States,USA,country,1957,electricity_generation,nuclear,"Electricity Net Generation From Nuclear Electric Power, All Sectors",all_sectors; utility_scale for solar,0.00967,TWh,9.67,Million Kilowatthours,NUETPUS,reported,MER_June_2026,eia-mer-table-7.2a.csv
DS-EIA-MER-7.2A,SRC-EIA-MER-7.2A,historical,,,,United States,USA,country,1957,electricity_generation,petroleum,"Electricity Net Generation From Petroleum, All Sectors",all_sectors; utility_scale for solar,40.499357,TWh,40499.357,Million Kilowatthours,PAETPUS,reported,MER_June_2026,eia-mer-table-7.2a.csv
DS-EIA-MER-7.2A,SRC-EIA-MER-7.2A,historical,,,,United States,USA,country,1957,electricity_generation,total,"Electricity Net Generation Total (including from sources not shown), All Sectors",all_sectors; utility_scale for solar,634.642367,TWh,634642.367,Million Kilowatthours,ELETPUS,reported,MER_June_2026,eia-mer-table-7.2a.csv
DS-EIA-MER-7.2A,SRC-EIA-MER-7.2A,historical,,,,United States,USA,country,1957,electricity_generation,wood,"Electricity Net Generation From Wood, All Sectors",all_sectors; utility_scale for solar,0.176678,TWh,176.678,Million Kilowatthours,WDETPUS,reported,MER_June_2026,eia-mer-table-7.2a.csv
DS-EIA-MER-7.2A,SRC-EIA-MER-7.2A,historical,,,,United States,USA,country,1958,electricity_generation,coal,"Electricity Net Generation From Coal, All Sectors",all_sectors; utility_scale for solar,344.365781,TWh,344365.781,Million Kilowatthours,CLETPUS,reported,MER_June_2026,eia-mer-table-7.2a.csv
DS-EIA-MER-7.2A,SRC-EIA-MER-7.2A,historical,,,,United States,USA,country,1958,electricity_generation,hydropower,"Electricity Net Generation From Conventional Hydroelectric Power, All Sectors",all_sectors; utility_scale for solar,143.614545,TWh,143614.545,Million Kilowatthours,HVETPUS,reported,MER_June_2026,eia-mer-table-7.2a.csv
DS-EIA-MER-7.2A,SRC-EIA-MER-7.2A,historical,,,,United States,USA,country,1958,electricity_generation,natural_gas,"Electricity Net Generation From Natural Gas, All Sectors",all_sectors; utility_scale for solar,119.759302,TWh,119759.302,Million Kilowatthours,NGETPUS,reported,MER_June_2026,eia-mer-table-7.2a.csv
DS-EIA-MER-7.2A,SRC-EIA-MER-7.2A,historical,,,,United States,USA,country,1958,electricity_generation,nuclear,"Electricity Net Generation From Nuclear Electric Power, All Sectors",all_sectors; utility_scale for solar,0.164691,TWh,164.691,Million Kilowatthours,NUETPUS,reported,MER_June_2026,eia-mer-table-7.2a.csv
DS-EIA-MER-7.2A,SRC-EIA-MER-7.2A,historical,,,,United States,USA,country,1958,electricity_generation,petroleum,"Electricity Net Generation From Petroleum, All Sectors",all_sectors; utility_scale for solar,40.37154,TWh,40371.54,Million Kilowatthours,PAETPUS,reported,MER_June_2026,eia-mer-table-7.2a.csv
DS-EIA-MER-7.2A,SRC-EIA-MER-7.2A,historical,,,,United States,USA,country,1958,electricity_generation,total,"Electricity Net Generation Total (including from sources not shown), All Sectors",all_sectors; utility_scale for solar,648.450862,TWh,648450.862,Million Kilowatthours,ELETPUS,reported,MER_June_2026,eia-mer-table-7.2a.csv
DS-EIA-MER-7.2A,SRC-EIA-MER-7.2A,historical,,,,United States,USA,country,1958,electricity_generation,wood,"Electricity Net Generation From Wood, All Sectors",all_sectors; utility_scale for solar,0.175003,TWh,175.003,Million Kilowatthours,WDETPUS,reported,MER_June_2026,eia-mer-table-7.2a.csv
DS-EIA-MER-7.2A,SRC-EIA-MER-7.2A,historical,,,,United States,USA,country,1959,electricity_generation,coal,"Electricity Net Generation From Coal, All Sectors",all_sectors; utility_scale for solar,378.42421,TWh,378424.21,Million Kilowatthours,CLETPUS,reported,MER_June_2026,eia-mer-table-7.2a.csv
DS-EIA-MER-7.2A,SRC-EIA-MER-7.2A,historical,,,,United States,USA,country,1959,electricity_generation,hydropower,"Electricity Net Generation From Conventional Hydroelectric Power, All Sectors",all_sectors; utility_scale for solar,141.154533,TWh,141154.533,Million Kilowatthours,HVETPUS,reported,MER_June_2026,eia-mer-table-7.2a.csv
DS-EIA-MER-7.2A,SRC-EIA-MER-7.2A,historical,,,,United States,USA,country,1959,electricity_generation,natural_gas,"Electricity Net Generation From Natural Gas, All Sectors",all_sectors; utility_scale for solar,146.619391,TWh,146619.391,Million Kilowatthours,NGETPUS,reported,MER_June_2026,eia-mer-table-7.2a.csv
DS-EIA-MER-7.2A,SRC-EIA-MER-7.2A,historical,,,,United States,USA,country,1959,electricity_generation,nuclear,"Electricity Net Generation From Nuclear Electric Power, All Sectors",all_sectors; utility_scale for solar,0.188101,TWh,188.101,Million Kilowatthours,NUETPUS,reported,MER_June_2026,eia-mer-table-7.2a.csv
DS-EIA-MER-7.2A,SRC-EIA-MER-7.2A,historical,,,,United States,USA,country,1959,electricity_generation,petroleum,"Electricity Net Generation From Petroleum, All Sectors",all_sectors; utility_scale for solar,46.839719,TWh,46839.719,Million Kilowatthours,PAETPUS,reported,MER_June_2026,eia-mer-table-7.2a.csv
DS-EIA-MER-7.2A,SRC-EIA-MER-7.2A,historical,,,,United States,USA,country,1959,electricity_generation,total,"Electricity Net Generation Total (including from sources not shown), All Sectors",all_sectors; utility_scale for solar,713.378831,TWh,713378.831,Million Kilowatthours,ELETPUS,reported,MER_June_2026,eia-mer-table-7.2a.csv
DS-EIA-MER-7.2A,SRC-EIA-MER-7.2A,historical,,,,United States,USA,country,1959,electricity_generation,wood,"Electricity Net Generation From Wood, All Sectors",all_sectors; utility_scale for solar,0.152877,TWh,152.877,Million Kilowatthours,WDETPUS,reported,MER_June_2026,eia-mer-table-7.2a.csv
DS-EIA-MER-7.2A,SRC-EIA-MER-7.2A,historical,,,,United States,USA,country,1960,electricity_generation,coal,"Electricity Net Generation From Coal, All Sectors",all_sectors; utility_scale for solar,403.067357,TWh,403067.357,Million Kilowatthours,CLETPUS,reported,MER_June_2026,eia-mer-table-7.2a.csv
DS-EIA-MER-7.2A,SRC-EIA-MER-7.2A,historical,,,,United States,USA,country,1960,electricity_generation,geothermal,"Electricity Net Generation From Geothermal, All Sectors",all_sectors; utility_scale for solar,0.033368,TWh,33.368,Million Kilowatthours,GEETPUS,reported,MER_June_2026,eia-mer-table-7.2a.csv
DS-EIA-MER-7.2A,SRC-EIA-MER-7.2A,historical,,,,United States,USA,country,1960,electricity_generation,hydropower,"Electricity Net Generation From Conventional Hydroelectric Power, All Sectors",all_sectors; utility_scale for solar,149.440035,TWh,149440.035,Million Kilowatthours,HVETPUS,reported,MER_June_2026,eia-mer-table-7.2a.csv
DS-EIA-MER-7.2A,SRC-EIA-MER-7.2A,historical,,,,United States,USA,country,1960,electricity_generation,natural_gas,"Electricity Net Generation From Natural Gas, All Sectors",all_sectors; utility_scale for solar,157.969787,TWh,157969.787,Million Kilowatthours,NGETPUS,reported,MER_June_2026,eia-mer-table-7.2a.csv
DS-EIA-MER-7.2A,SRC-EIA-MER-7.2A,historical,,,,United States,USA,country,1960,electricity_generation,nuclear,"Electricity Net Generation From Nuclear Electric Power, All Sectors",all_sectors; utility_scale for solar,0.518182,TWh,518.182,Million Kilowatthours,NUETPUS,reported,MER_June_2026,eia-mer-table-7.2a.csv
DS-EIA-MER-7.2A,SRC-EIA-MER-7.2A,historical,,,,United States,USA,country,1960,electricity_generation,petroleum,"Electricity Net Generation From Petroleum, All Sectors",all_sectors; utility_scale for solar,47.986893,TWh,47986.893,Million Kilowatthours,PAETPUS,reported,MER_June_2026,eia-mer-table-7.2a.csv
DS-EIA-MER-7.2A,SRC-EIA-MER-7.2A,historical,,,,United States,USA,country,1960,electricity_generation,total,"Electricity Net Generation Total (including from sources not shown), All Sectors",all_sectors; utility_scale for solar,759.155788,TWh,759155.788,Million Kilowatthours,ELETPUS,reported,MER_June_2026,eia-mer-table-7.2a.csv
DS-EIA-MER-7.2A,SRC-EIA-MER-7.2A,historical,,,,United States,USA,country,1960,electricity_generation,wood,"Electricity Net Generation From Wood, All Sectors",all_sectors; utility_scale for solar,0.140166,TWh,140.166,Million Kilowatthours,WDETPUS,reported,MER_June_2026,eia-mer-table-7.2a.csv
DS-EIA-MER-7.2A,SRC-EIA-MER-7.2A,historical,,,,United States,USA,country,1961,electricity_generation,coal,"Electricity Net Generation From Coal, All Sectors",all_sectors; utility_scale for solar,421.870669,TWh,421870.669,Million Kilowatthours,CLETPUS,reported,MER_June_2026,eia-mer-table-7.2a.csv
DS-EIA-MER-7.2A,SRC-EIA-MER-7.2A,historical,,,,United States,USA,country,1961,electricity_generation,geothermal,"Electricity Net Generation From Geothermal, All Sectors",all_sectors; utility_scale for solar,0.094021,TWh,94.021,Million Kilowatthours,GEETPUS,reported,MER_June_2026,eia-mer-table-7.2a.csv
DS-EIA-MER-7.2A,SRC-EIA-MER-7.2A,historical,,,,United States,USA,country,1961,electricity_generation,hydropower,"Electricity Net Generation From Conventional Hydroelectric Power, All Sectors",all_sectors; utility_scale for solar,155.536444,TWh,155536.444,Million Kilowatthours,HVETPUS,reported,MER_June_2026,eia-mer-table-7.2a.csv
DS-EIA-MER-7.2A,SRC-EIA-MER-7.2A,historical,,,,United States,USA,country,1961,electricity_generation,natural_gas,"Electricity Net Generation From Natural Gas, All Sectors",all_sectors; utility_scale for solar,169.285998,TWh,169285.998,Million Kilowatthours,NGETPUS,reported,MER_June_2026,eia-mer-table-7.2a.csv
DS-EIA-MER-7.2A,SRC-EIA-MER-7.2A,historical,,,,United States,USA,country,1961,electricity_generation,nuclear,"Electricity Net Generation From Nuclear Electric Power, All Sectors",all_sectors; utility_scale for solar,1.692149,TWh,1692.149,Million Kilowatthours,NUETPUS,reported,MER_June_2026,eia-mer-table-7.2a.csv
DS-EIA-MER-7.2A,SRC-EIA-MER-7.2A,historical,,,,United States,USA,country,1961,electricity_generation,petroleum,"Electricity Net Generation From Petroleum, All Sectors",all_sectors; utility_scale for solar,48.519376,TWh,48519.376,Million Kilowatthours,PAETPUS,reported,MER_June_2026,eia-mer-table-7.2a.csv
DS-EIA-MER-7.2A,SRC-EIA-MER-7.2A,historical,,,,United States,USA,country,1961,electricity_generation,total,"Electricity Net Generation Total (including from sources not shown), All Sectors",all_sectors; utility_scale for solar,797.124391,TWh,797124.391,Million Kilowatthours,ELETPUS,reported,MER_June_2026,eia-mer-table-7.2a.csv
DS-EIA-MER-7.2A,SRC-EIA-MER-7.2A,historical,,,,United States,USA,country,1961,electricity_generation,wood,"Electricity Net Generation From Wood, All Sectors",all_sectors; utility_scale for solar,0.125734,TWh,125.734,Million Kilowatthours,WDETPUS,reported,MER_June_2026,eia-mer-table-7.2a.csv
DS-EIA-MER-7.2A,SRC-EIA-MER-7.2A,historical,,,,United States,USA,country,1962,electricity_generation,coal,"Electricity Net Generation From Coal, All Sectors",all_sectors; utility_scale for solar,450.249238,TWh,450249.238,Million Kilowatthours,CLETPUS,reported,MER_June_2026,eia-mer-table-7.2a.csv
DS-EIA-MER-7.2A,SRC-EIA-MER-7.2A,historical,,,,United States,USA,country,1962,electricity_generation,geothermal,"Electricity Net Generation From Geothermal, All Sectors",all_sectors; utility_scale for solar,0.100462,TWh,100.462,Million Kilowatthours,GEETPUS,reported,MER_June_2026,eia-mer-table-7.2a.csv
DS-EIA-MER-7.2A,SRC-EIA-MER-7.2A,historical,,,,United States,USA,country,1962,electricity_generation,hydropower,"Electricity Net Generation From Conventional Hydroelectric Power, All Sectors",all_sectors; utility_scale for solar,172.015646,TWh,172015.646,Million Kilowatthours,HVETPUS,reported,MER_June_2026,eia-mer-table-7.2a.csv
DS-EIA-MER-7.2A,SRC-EIA-MER-7.2A,historical,,,,United States,USA,country,1962,electricity_generation,natural_gas,"Electricity Net Generation From Natural Gas, All Sectors",all_sectors; utility_scale for solar,184.301293,TWh,184301.293,Million Kilowatthours,NGETPUS,reported,MER_June_2026,eia-mer-table-7.2a.csv
DS-EIA-MER-7.2A,SRC-EIA-MER-7.2A,historical,,,,United States,USA,country,1962,electricity_generation,nuclear,"Electricity Net Generation From Nuclear Electric Power, All Sectors",all_sectors; utility_scale for solar,2.269685,TWh,2269.685,Million Kilowatthours,NUETPUS,reported,MER_June_2026,eia-mer-table-7.2a.csv
DS-EIA-MER-7.2A,SRC-EIA-MER-7.2A,historical,,,,United States,USA,country,1962,electricity_generation,petroleum,"Electricity Net Generation From Petroleum, All Sectors",all_sectors; utility_scale for solar,48.879536,TWh,48879.536,Million Kilowatthours,PAETPUS,reported,MER_June_2026,eia-mer-table-7.2a.csv
DS-EIA-MER-7.2A,SRC-EIA-MER-7.2A,historical,,,,United States,USA,country,1962,electricity_generation,total,"Electricity Net Generation Total (including from sources not shown), All Sectors",all_sectors; utility_scale for solar,857.943656,TWh,857943.656,Million Kilowatthours,ELETPUS,reported,MER_June_2026,eia-mer-table-7.2a.csv
DS-EIA-MER-7.2A,SRC-EIA-MER-7.2A,historical,,,,United States,USA,country,1962,electricity_generation,wood,"Electricity Net Generation From Wood, All Sectors",all_sectors; utility_scale for solar,0.127796,TWh,127.796,Million Kilowatthours,WDETPUS,reported,MER_June_2026,eia-mer-table-7.2a.csv
DS-EIA-MER-7.2A,SRC-EIA-MER-7.2A,historical,,,,United States,USA,country,1963,electricity_generation,coal,"Electricity Net Generation From Coal, All Sectors",all_sectors; utility_scale for solar,493.926719,TWh,493926.719,Million Kilowatthours,CLETPUS,reported,MER_June_2026,eia-mer-table-7.2a.csv
DS-EIA-MER-7.2A,SRC-EIA-MER-7.2A,historical,,,,United States,USA,country,1963,electricity_generation,geothermal,"Electricity Net Generation From Geothermal, All Sectors",all_sectors; utility_scale for solar,0.167953,TWh,167.953,Million Kilowatthours,GEETPUS,reported,MER_June_2026,eia-mer-table-7.2a.csv
DS-EIA-MER-7.2A,SRC-EIA-MER-7.2A,historical,,,,United States,USA,country,1963,electricity_generation,hydropower,"Electricity Net Generation From Conventional Hydroelectric Power, All Sectors",all_sectors; utility_scale for solar,168.99014,TWh,168990.14,Million Kilowatthours,HVETPUS,reported,MER_June_2026,eia-mer-table-7.2a.csv
DS-EIA-MER-7.2A,SRC-EIA-MER-7.2A,historical,,,,United States,USA,country,1963,electricity_generation,natural_gas,"Electricity Net Generation From Natural Gas, All Sectors",all_sectors; utility_scale for solar,201.602073,TWh,201602.073,Million Kilowatthours,NGETPUS,reported,MER_June_2026,eia-mer-table-7.2a.csv
DS-EIA-MER-7.2A,SRC-EIA-MER-7.2A,historical,,,,United States,USA,country,1963,electricity_generation,nuclear,"Electricity Net Generation From Nuclear Electric Power, All Sectors",all_sectors; utility_scale for solar,3.211836,TWh,3211.836,Million Kilowatthours,NUETPUS,reported,MER_June_2026,eia-mer-table-7.2a.csv
DS-EIA-MER-7.2A,SRC-EIA-MER-7.2A,historical,,,,United States,USA,country,1963,electricity_generation,petroleum,"Electricity Net Generation From Petroleum, All Sectors",all_sectors; utility_scale for solar,52.00161,TWh,52001.61,Million Kilowatthours,PAETPUS,reported,MER_June_2026,eia-mer-table-7.2a.csv
DS-EIA-MER-7.2A,SRC-EIA-MER-7.2A,historical,,,,United States,USA,country,1963,electricity_generation,total,"Electricity Net Generation Total (including from sources not shown), All Sectors",all_sectors; utility_scale for solar,920.028271,TWh,920028.271,Million Kilowatthours,ELETPUS,reported,MER_June_2026,eia-mer-table-7.2a.csv
DS-EIA-MER-7.2A,SRC-EIA-MER-7.2A,historical,,,,United States,USA,country,1963,electricity_generation,wood,"Electricity Net Generation From Wood, All Sectors",all_sectors; utility_scale for solar,0.12794,TWh,127.94,Million Kilowatthours,WDETPUS,reported,MER_June_2026,eia-mer-table-7.2a.csv
DS-EIA-MER-7.2A,SRC-EIA-MER-7.2A,historical,,,,United States,USA,country,1964,electricity_generation,coal,"Electricity Net Generation From Coal, All Sectors",all_sectors; utility_scale for solar,526.230019,TWh,526230.019,Million Kilowatthours,CLETPUS,reported,MER_June_2026,eia-mer-table-7.2a.csv
DS-EIA-MER-7.2A,SRC-EIA-MER-7.2A,historical,,,,United States,USA,country,1964,electricity_generation,geothermal,"Electricity Net Generation From Geothermal, All Sectors",all_sectors; utility_scale for solar,0.203791,TWh,203.791,Million Kilowatthours,GEETPUS,reported,MER_June_2026,eia-mer-table-7.2a.csv
DS-EIA-MER-7.2A,SRC-EIA-MER-7.2A,historical,,,,United States,USA,country,1964,electricity_generation,hydropower,"Electricity Net Generation From Conventional Hydroelectric Power, All Sectors",all_sectors; utility_scale for solar,180.301506,TWh,180301.506,Million Kilowatthours,HVETPUS,reported,MER_June_2026,eia-mer-table-7.2a.csv
DS-EIA-MER-7.2A,SRC-EIA-MER-7.2A,historical,,,,United States,USA,country,1964,electricity_generation,natural_gas,"Electricity Net Generation From Natural Gas, All Sectors",all_sectors; utility_scale for solar,220.038479,TWh,220038.479,Million Kilowatthours,NGETPUS,reported,MER_June_2026,eia-mer-table-7.2a.csv
DS-EIA-MER-7.2A,SRC-EIA-MER-7.2A,historical,,,,United States,USA,country,1964,electricity_generation,nuclear,"Electricity Net Generation From Nuclear Electric Power, All Sectors",all_sectors; utility_scale for solar,3.342743,TWh,3342.743,Million Kilowatthours,NUETPUS,reported,MER_June_2026,eia-mer-table-7.2a.csv
DS-EIA-MER-7.2A,SRC-EIA-MER-7.2A,historical,,,,United States,USA,country,1964,electricity_generation,petroleum,"Electricity Net Generation From Petroleum, All Sectors",all_sectors; utility_scale for solar,56.953712,TWh,56953.712,Million Kilowatthours,PAETPUS,reported,MER_June_2026,eia-mer-table-7.2a.csv
DS-EIA-MER-7.2A,SRC-EIA-MER-7.2A,historical,,,,United States,USA,country,1964,electricity_generation,total,"Electricity Net Generation Total (including from sources not shown), All Sectors",all_sectors; utility_scale for solar,987.218326,TWh,987218.326,Million Kilowatthours,ELETPUS,reported,MER_June_2026,eia-mer-table-7.2a.csv
DS-EIA-MER-7.2A,SRC-EIA-MER-7.2A,historical,,,,United States,USA,country,1964,electricity_generation,wood,"Electricity Net Generation From Wood, All Sectors",all_sectors; utility_scale for solar,0.148076,TWh,148.076,Million Kilowatthours,WDETPUS,reported,MER_June_2026,eia-mer-table-7.2a.csv
DS-EIA-MER-7.2A,SRC-EIA-MER-7.2A,historical,,,,United States,USA,country,1965,electricity_generation,coal,"Electricity Net Generation From Coal, All Sectors",all_sectors; utility_scale for solar,570.925951,TWh,570925.951,Million Kilowatthours,CLETPUS,reported,MER_June_2026,eia-mer-table-7.2a.csv
DS-EIA-MER-7.2A,SRC-EIA-MER-7.2A,historical,,,,United States,USA,country,1965,electricity_generation,geothermal,"Electricity Net Generation From Geothermal, All Sectors",all_sectors; utility_scale for solar,0.189214,TWh,189.214,Million Kilowatthours,GEETPUS,reported,MER_June_2026,eia-mer-table-7.2a.csv
DS-EIA-MER-7.2A,SRC-EIA-MER-7.2A,historical,,,,United States,USA,country,1965,electricity_generation,hydropower,"Electricity Net Generation From Conventional Hydroelectric Power, All Sectors",all_sectors; utility_scale for solar,196.984345,TWh,196984.345,Million Kilowatthours,HVETPUS,reported,MER_June_2026,eia-mer-table-7.2a.csv
DS-EIA-MER-7.2A,SRC-EIA-MER-7.2A,historical,,,,United States,USA,country,1965,electricity_generation,natural_gas,"Electricity Net Generation From Natural Gas, All Sectors",all_sectors; utility_scale for solar,221.559434,TWh,221559.434,Million Kilowatthours,NGETPUS,reported,MER_June_2026,eia-mer-table-7.2a.csv
DS-EIA-MER-7.2A,SRC-EIA-MER-7.2A,historical,,,,United States,USA,country,1965,electricity_generation,nuclear,"Electricity Net Generation From Nuclear Electric Power, All Sectors",all_sectors; utility_scale for solar,3.656699,TWh,3656.699,Million Kilowatthours,NUETPUS,reported,MER_June_2026,eia-mer-table-7.2a.csv
DS-EIA-MER-7.2A,SRC-EIA-MER-7.2A,historical,,,,United States,USA,country,1965,electricity_generation,petroleum,"Electricity Net Generation From Petroleum, All Sectors",all_sectors; utility_scale for solar,64.801224,TWh,64801.224,Million Kilowatthours,PAETPUS,reported,MER_June_2026,eia-mer-table-7.2a.csv
DS-EIA-MER-7.2A,SRC-EIA-MER-7.2A,historical,,,,United States,USA,country,1965,electricity_generation,total,"Electricity Net Generation Total (including from sources not shown), All Sectors",all_sectors; utility_scale for solar,1058.385671,TWh,1058385.671,Million Kilowatthours,ELETPUS,reported,MER_June_2026,eia-mer-table-7.2a.csv
DS-EIA-MER-7.2A,SRC-EIA-MER-7.2A,historical,,,,United States,USA,country,1965,electricity_generation,wood,"Electricity Net Generation From Wood, All Sectors",all_sectors; utility_scale for solar,0.268804,TWh,268.804,Million Kilowatthours,WDETPUS,reported,MER_June_2026,eia-mer-table-7.2a.csv
DS-EIA-MER-7.2A,SRC-EIA-MER-7.2A,historical,,,,United States,USA,country,1966,electricity_generation,coal,"Electricity Net Generation From Coal, All Sectors",all_sectors; utility_scale for solar,613.4748,TWh,613474.8,Million Kilowatthours,CLETPUS,reported,MER_June_2026,eia-mer-table-7.2a.csv
DS-EIA-MER-7.2A,SRC-EIA-MER-7.2A,historical,,,,United States,USA,country,1966,electricity_generation,geothermal,"Electricity Net Generation From Geothermal, All Sectors",all_sectors; utility_scale for solar,0.187988,TWh,187.988,Million Kilowatthours,GEETPUS,reported,MER_June_2026,eia-mer-table-7.2a.csv
DS-EIA-MER-7.2A,SRC-EIA-MER-7.2A,historical,,,,United States,USA,country,1966,electricity_generation,hydropower,"Electricity Net Generation From Conventional Hydroelectric Power, All Sectors",all_sectors; utility_scale for solar,197.937538,TWh,197937.538,Million Kilowatthours,HVETPUS,reported,MER_June_2026,eia-mer-table-7.2a.csv
DS-EIA-MER-7.2A,SRC-EIA-MER-7.2A,historical,,,,United States,USA,country,1966,electricity_generation,natural_gas,"Electricity Net Generation From Natural Gas, All Sectors",all_sectors; utility_scale for solar,251.151562,TWh,251151.562,Million Kilowatthours,NGETPUS,reported,MER_June_2026,eia-mer-table-7.2a.csv
DS-EIA-MER-7.2A,SRC-EIA-MER-7.2A,historical,,,,United States,USA,country,1966,electricity_generation,nuclear,"Electricity Net Generation From Nuclear Electric Power, All Sectors",all_sectors; utility_scale for solar,5.519909,TWh,5519.909,Million Kilowatthours,NUETPUS,reported,MER_June_2026,eia-mer-table-7.2a.csv
DS-EIA-MER-7.2A,SRC-EIA-MER-7.2A,historical,,,,United States,USA,country,1966,electricity_generation,petroleum,"Electricity Net Generation From Petroleum, All Sectors",all_sectors; utility_scale for solar,78.926172,TWh,78926.172,Million Kilowatthours,PAETPUS,reported,MER_June_2026,eia-mer-table-7.2a.csv
DS-EIA-MER-7.2A,SRC-EIA-MER-7.2A,historical,,,,United States,USA,country,1966,electricity_generation,total,"Electricity Net Generation Total (including from sources not shown), All Sectors",all_sectors; utility_scale for solar,1147.531895,TWh,1147531.895,Million Kilowatthours,ELETPUS,reported,MER_June_2026,eia-mer-table-7.2a.csv
DS-EIA-MER-7.2A,SRC-EIA-MER-7.2A,historical,,,,United States,USA,country,1966,electricity_generation,wood,"Electricity Net Generation From Wood, All Sectors",all_sectors; utility_scale for solar,0.333926,TWh,333.926,Million Kilowatthours,WDETPUS,reported,MER_June_2026,eia-mer-table-7.2a.csv
DS-EIA-MER-7.2A,SRC-EIA-MER-7.2A,historical,,,,United States,USA,country,1967,electricity_generation,coal,"Electricity Net Generation From Coal, All Sectors",all_sectors; utility_scale for solar,630.483363,TWh,630483.363,Million Kilowatthours,CLETPUS,reported,MER_June_2026,eia-mer-table-7.2a.csv
DS-EIA-MER-7.2A,SRC-EIA-MER-7.2A,historical,,,,United States,USA,country,1967,electricity_generation,geothermal,"Electricity Net Generation From Geothermal, All Sectors",all_sectors; utility_scale for solar,0.316309,TWh,316.309,Million Kilowatthours,GEETPUS,reported,MER_June_2026,eia-mer-table-7.2a.csv
DS-EIA-MER-7.2A,SRC-EIA-MER-7.2A,historical,,,,United States,USA,country,1967,electricity_generation,hydropower,"Electricity Net Generation From Conventional Hydroelectric Power, All Sectors",all_sectors; utility_scale for solar,224.948605,TWh,224948.605,Million Kilowatthours,HVETPUS,reported,MER_June_2026,eia-mer-table-7.2a.csv
DS-EIA-MER-7.2A,SRC-EIA-MER-7.2A,historical,,,,United States,USA,country,1967,electricity_generation,natural_gas,"Electricity Net Generation From Natural Gas, All Sectors",all_sectors; utility_scale for solar,264.805785,TWh,264805.785,Million Kilowatthours,NGETPUS,reported,MER_June_2026,eia-mer-table-7.2a.csv
DS-EIA-MER-7.2A,SRC-EIA-MER-7.2A,historical,,,,United States,USA,country,1967,electricity_generation,nuclear,"Electricity Net Generation From Nuclear Electric Power, All Sectors",all_sectors; utility_scale for solar,7.655214,TWh,7655.214,Million Kilowatthours,NUETPUS,reported,MER_June_2026,eia-mer-table-7.2a.csv
DS-EIA-MER-7.2A,SRC-EIA-MER-7.2A,historical,,,,United States,USA,country,1967,electricity_generation,petroleum,"Electricity Net Generation From Petroleum, All Sectors",all_sectors; utility_scale for solar,89.270724,TWh,89270.724,Million Kilowatthours,PAETPUS,reported,MER_June_2026,eia-mer-table-7.2a.csv
DS-EIA-MER-7.2A,SRC-EIA-MER-7.2A,historical,,,,United States,USA,country,1967,electricity_generation,total,"Electricity Net Generation Total (including from sources not shown), All Sectors",all_sectors; utility_scale for solar,1217.795688,TWh,1217795.688,Million Kilowatthours,ELETPUS,reported,MER_June_2026,eia-mer-table-7.2a.csv
DS-EIA-MER-7.2A,SRC-EIA-MER-7.2A,historical,,,,United States,USA,country,1967,electricity_generation,wood,"Electricity Net Generation From Wood, All Sectors",all_sectors; utility_scale for solar,0.315688,TWh,315.688,Million Kilowatthours,WDETPUS,reported,MER_June_2026,eia-mer-table-7.2a.csv
DS-EIA-MER-7.2A,SRC-EIA-MER-7.2A,historical,,,,United States,USA,country,1968,electricity_generation,coal,"Electricity Net Generation From Coal, All Sectors",all_sectors; utility_scale for solar,684.90458,TWh,684904.58,Million Kilowatthours,CLETPUS,reported,MER_June_2026,eia-mer-table-7.2a.csv
DS-EIA-MER-7.2A,SRC-EIA-MER-7.2A,historical,,,,United States,USA,country,1968,electricity_generation,geothermal,"Electricity Net Generation From Geothermal, All Sectors",all_sectors; utility_scale for solar,0.435826,TWh,435.826,Million Kilowatthours,GEETPUS,reported,MER_June_2026,eia-mer-table-7.2a.csv
DS-EIA-MER-7.2A,SRC-EIA-MER-7.2A,historical,,,,United States,USA,country,1968,electricity_generation,hydropower,"Electricity Net Generation From Conventional Hydroelectric Power, All Sectors",all_sectors; utility_scale for solar,225.873158,TWh,225873.158,Million Kilowatthours,HVETPUS,reported,MER_June_2026,eia-mer-table-7.2a.csv
DS-EIA-MER-7.2A,SRC-EIA-MER-7.2A,historical,,,,United States,USA,country,1968,electricity_generation,natural_gas,"Electricity Net Generation From Natural Gas, All Sectors",all_sectors; utility_scale for solar,304.432723,TWh,304432.723,Million Kilowatthours,NGETPUS,reported,MER_June_2026,eia-mer-table-7.2a.csv
DS-EIA-MER-7.2A,SRC-EIA-MER-7.2A,historical,,,,United States,USA,country,1968,electricity_generation,nuclear,"Electricity Net Generation From Nuclear Electric Power, All Sectors",all_sectors; utility_scale for solar,12.528419,TWh,12528.419,Million Kilowatthours,NUETPUS,reported,MER_June_2026,eia-mer-table-7.2a.csv
DS-EIA-MER-7.2A,SRC-EIA-MER-7.2A,historical,,,,United States,USA,country,1968,electricity_generation,petroleum,"Electricity Net Generation From Petroleum, All Sectors",all_sectors; utility_scale for solar,104.275833,TWh,104275.833,Million Kilowatthours,PAETPUS,reported,MER_June_2026,eia-mer-table-7.2a.csv
DS-EIA-MER-7.2A,SRC-EIA-MER-7.2A,historical,,,,United States,USA,country,1968,electricity_generation,total,"Electricity Net Generation Total (including from sources not shown), All Sectors",all_sectors; utility_scale for solar,1332.825601,TWh,1332825.601,Million Kilowatthours,ELETPUS,reported,MER_June_2026,eia-mer-table-7.2a.csv
DS-EIA-MER-7.2A,SRC-EIA-MER-7.2A,historical,,,,United States,USA,country,1968,electricity_generation,wood,"Electricity Net Generation From Wood, All Sectors",all_sectors; utility_scale for solar,0.375062,TWh,375.062,Million Kilowatthours,WDETPUS,reported,MER_June_2026,eia-mer-table-7.2a.csv
DS-EIA-MER-7.2A,SRC-EIA-MER-7.2A,historical,,,,United States,USA,country,1969,electricity_generation,coal,"Electricity Net Generation From Coal, All Sectors",all_sectors; utility_scale for solar,706.00124,TWh,706001.24,Million Kilowatthours,CLETPUS,reported,MER_June_2026,eia-mer-table-7.2a.csv
DS-EIA-MER-7.2A,SRC-EIA-MER-7.2A,historical,,,,United States,USA,country,1969,electricity_generation,geothermal,"Electricity Net Generation From Geothermal, All Sectors",all_sectors; utility_scale for solar,0.61471,TWh,614.71,Million Kilowatthours,GEETPUS,reported,MER_June_2026,eia-mer-table-7.2a.csv
DS-EIA-MER-7.2A,SRC-EIA-MER-7.2A,historical,,,,United States,USA,country,1969,electricity_generation,hydropower,"Electricity Net Generation From Conventional Hydroelectric Power, All Sectors",all_sectors; utility_scale for solar,253.468237,TWh,253468.237,Million Kilowatthours,HVETPUS,reported,MER_June_2026,eia-mer-table-7.2a.csv
DS-EIA-MER-7.2A,SRC-EIA-MER-7.2A,historical,,,,United States,USA,country,1969,electricity_generation,natural_gas,"Electricity Net Generation From Natural Gas, All Sectors",all_sectors; utility_scale for solar,333.278945,TWh,333278.945,Million Kilowatthours,NGETPUS,reported,MER_June_2026,eia-mer-table-7.2a.csv
DS-EIA-MER-7.2A,SRC-EIA-MER-7.2A,historical,,,,United States,USA,country,1969,electricity_generation,nuclear,"Electricity Net Generation From Nuclear Electric Power, All Sectors",all_sectors; utility_scale for solar,13.927839,TWh,13927.839,Million Kilowatthours,NUETPUS,reported,MER_June_2026,eia-mer-table-7.2a.csv
DS-EIA-MER-7.2A,SRC-EIA-MER-7.2A,historical,,,,United States,USA,country,1969,electricity_generation,petroleum,"Electricity Net Generation From Petroleum, All Sectors",all_sectors; utility_scale for solar,137.847152,TWh,137847.152,Million Kilowatthours,PAETPUS,reported,MER_June_2026,eia-mer-table-7.2a.csv
DS-EIA-MER-7.2A,SRC-EIA-MER-7.2A,historical,,,,United States,USA,country,1969,electricity_generation,total,"Electricity Net Generation Total (including from sources not shown), All Sectors",all_sectors; utility_scale for solar,1445.458056,TWh,1445458.056,Million Kilowatthours,ELETPUS,reported,MER_June_2026,eia-mer-table-7.2a.csv
DS-EIA-MER-7.2A,SRC-EIA-MER-7.2A,historical,,,,United States,USA,country,1969,electricity_generation,wood,"Electricity Net Generation From Wood, All Sectors",all_sectors; utility_scale for solar,0.319933,TWh,319.933,Million Kilowatthours,WDETPUS,reported,MER_June_2026,eia-mer-table-7.2a.csv
DS-EIA-MER-7.2A,SRC-EIA-MER-7.2A,historical,,,,United States,USA,country,1970,electricity_generation,coal,"Electricity Net Generation From Coal, All Sectors",all_sectors; utility_scale for solar,704.394479,TWh,704394.479,Million Kilowatthours,CLETPUS,reported,MER_June_2026,eia-mer-table-7.2a.csv
DS-EIA-MER-7.2A,SRC-EIA-MER-7.2A,historical,,,,United States,USA,country,1970,electricity_generation,geothermal,"Electricity Net Generation From Geothermal, All Sectors",all_sectors; utility_scale for solar,0.525183,TWh,525.183,Million Kilowatthours,GEETPUS,reported,MER_June_2026,eia-mer-table-7.2a.csv
DS-EIA-MER-7.2A,SRC-EIA-MER-7.2A,historical,,,,United States,USA,country,1970,electricity_generation,hydropower,"Electricity Net Generation From Conventional Hydroelectric Power, All Sectors",all_sectors; utility_scale for solar,250.957442,TWh,250957.442,Million Kilowatthours,HVETPUS,reported,MER_June_2026,eia-mer-table-7.2a.csv
DS-EIA-MER-7.2A,SRC-EIA-MER-7.2A,historical,,,,United States,USA,country,1970,electricity_generation,natural_gas,"Electricity Net Generation From Natural Gas, All Sectors",all_sectors; utility_scale for solar,372.890063,TWh,372890.063,Million Kilowatthours,NGETPUS,reported,MER_June_2026,eia-mer-table-7.2a.csv
DS-EIA-MER-7.2A,SRC-EIA-MER-7.2A,historical,,,,United States,USA,country,1970,electricity_generation,nuclear,"Electricity Net Generation From Nuclear Electric Power, All Sectors",all_sectors; utility_scale for solar,21.804448,TWh,21804.448,Million Kilowatthours,NUETPUS,reported,MER_June_2026,eia-mer-table-7.2a.csv
DS-EIA-MER-7.2A,SRC-EIA-MER-7.2A,historical,,,,United States,USA,country,1970,electricity_generation,petroleum,"Electricity Net Generation From Petroleum, All Sectors",all_sectors; utility_scale for solar,184.183402,TWh,184183.402,Million Kilowatthours,PAETPUS,reported,MER_June_2026,eia-mer-table-7.2a.csv
DS-EIA-MER-7.2A,SRC-EIA-MER-7.2A,historical,,,,United States,USA,country,1970,electricity_generation,total,"Electricity Net Generation Total (including from sources not shown), All Sectors",all_sectors; utility_scale for solar,1535.111467,TWh,1535111.467,Million Kilowatthours,ELETPUS,reported,MER_June_2026,eia-mer-table-7.2a.csv
DS-EIA-MER-7.2A,SRC-EIA-MER-7.2A,historical,,,,United States,USA,country,1970,electricity_generation,waste,"Electricity Net Generation From Waste, All Sectors",all_sectors; utility_scale for solar,0.22045,TWh,220.45,Million Kilowatthours,WSETPUS,reported,MER_June_2026,eia-mer-table-7.2a.csv
DS-EIA-MER-7.2A,SRC-EIA-MER-7.2A,historical,,,,United States,USA,country,1970,electricity_generation,wood,"Electricity Net Generation From Wood, All Sectors",all_sectors; utility_scale for solar,0.136,TWh,136.0,Million Kilowatthours,WDETPUS,reported,MER_June_2026,eia-mer-table-7.2a.csv
DS-EIA-MER-7.2A,SRC-EIA-MER-7.2A,historical,,,,United States,USA,country,1971,electricity_generation,coal,"Electricity Net Generation From Coal, All Sectors",all_sectors; utility_scale for solar,713.102454,TWh,713102.454,Million Kilowatthours,CLETPUS,reported,MER_June_2026,eia-mer-table-7.2a.csv
DS-EIA-MER-7.2A,SRC-EIA-MER-7.2A,historical,,,,United States,USA,country,1971,electricity_generation,geothermal,"Electricity Net Generation From Geothermal, All Sectors",all_sectors; utility_scale for solar,0.547752,TWh,547.752,Million Kilowatthours,GEETPUS,reported,MER_June_2026,eia-mer-table-7.2a.csv
DS-EIA-MER-7.2A,SRC-EIA-MER-7.2A,historical,,,,United States,USA,country,1971,electricity_generation,hydropower,"Electricity Net Generation From Conventional Hydroelectric Power, All Sectors",all_sectors; utility_scale for solar,269.531459,TWh,269531.459,Million Kilowatthours,HVETPUS,reported,MER_June_2026,eia-mer-table-7.2a.csv
DS-EIA-MER-7.2A,SRC-EIA-MER-7.2A,historical,,,,United States,USA,country,1971,electricity_generation,natural_gas,"Electricity Net Generation From Natural Gas, All Sectors",all_sectors; utility_scale for solar,374.030784,TWh,374030.784,Million Kilowatthours,NGETPUS,reported,MER_June_2026,eia-mer-table-7.2a.csv
DS-EIA-MER-7.2A,SRC-EIA-MER-7.2A,historical,,,,United States,USA,country,1971,electricity_generation,nuclear,"Electricity Net Generation From Nuclear Electric Power, All Sectors",all_sectors; utility_scale for solar,38.104545,TWh,38104.545,Million Kilowatthours,NUETPUS,reported,MER_June_2026,eia-mer-table-7.2a.csv
DS-EIA-MER-7.2A,SRC-EIA-MER-7.2A,historical,,,,United States,USA,country,1971,electricity_generation,petroleum,"Electricity Net Generation From Petroleum, All Sectors",all_sectors; utility_scale for solar,220.225423,TWh,220225.423,Million Kilowatthours,PAETPUS,reported,MER_June_2026,eia-mer-table-7.2a.csv
DS-EIA-MER-7.2A,SRC-EIA-MER-7.2A,historical,,,,United States,USA,country,1971,electricity_generation,total,"Electricity Net Generation Total (including from sources not shown), All Sectors",all_sectors; utility_scale for solar,1615.853616,TWh,1615853.616,Million Kilowatthours,ELETPUS,reported,MER_June_2026,eia-mer-table-7.2a.csv
DS-EIA-MER-7.2A,SRC-EIA-MER-7.2A,historical,,,,United States,USA,country,1971,electricity_generation,waste,"Electricity Net Generation From Waste, All Sectors",all_sectors; utility_scale for solar,0.199869,TWh,199.869,Million Kilowatthours,WSETPUS,reported,MER_June_2026,eia-mer-table-7.2a.csv
DS-EIA-MER-7.2A,SRC-EIA-MER-7.2A,historical,,,,United States,USA,country,1971,electricity_generation,wood,"Electricity Net Generation From Wood, All Sectors",all_sectors; utility_scale for solar,0.11133,TWh,111.33,Million Kilowatthours,WDETPUS,reported,MER_June_2026,eia-mer-table-7.2a.csv
DS-EIA-MER-7.2A,SRC-EIA-MER-7.2A,historical,,,,United States,USA,country,1972,electricity_generation,coal,"Electricity Net Generation From Coal, All Sectors",all_sectors; utility_scale for solar,771.131265,TWh,771131.265,Million Kilowatthours,CLETPUS,reported,MER_June_2026,eia-mer-table-7.2a.csv
DS-EIA-MER-7.2A,SRC-EIA-MER-7.2A,historical,,,,United States,USA,country,1972,electricity_generation,geothermal,"Electricity Net Generation From Geothermal, All Sectors",all_sectors; utility_scale for solar,1.452795,TWh,1452.795,Million Kilowatthours,GEETPUS,reported,MER_June_2026,eia-mer-table-7.2a.csv
DS-EIA-MER-7.2A,SRC-EIA-MER-7.2A,historical,,,,United States,USA,country,1972,electricity_generation,hydropower,"Electricity Net Generation From Conventional Hydroelectric Power, All Sectors",all_sectors; utility_scale for solar,275.928828,TWh,275928.828,Million Kilowatthours,HVETPUS,reported,MER_June_2026,eia-mer-table-7.2a.csv
DS-EIA-MER-7.2A,SRC-EIA-MER-7.2A,historical,,,,United States,USA,country,1972,electricity_generation,natural_gas,"Electricity Net Generation From Natural Gas, All Sectors",all_sectors; utility_scale for solar,375.747796,TWh,375747.796,Million Kilowatthours,NGETPUS,reported,MER_June_2026,eia-mer-table-7.2a.csv
DS-EIA-MER-7.2A,SRC-EIA-MER-7.2A,historical,,,,United States,USA,country,1972,electricity_generation,nuclear,"Electricity Net Generation From Nuclear Electric Power, All Sectors",all_sectors; utility_scale for solar,54.091135,TWh,54091.135,Million Kilowatthours,NUETPUS,reported,MER_June_2026,eia-mer-table-7.2a.csv
DS-EIA-MER-7.2A,SRC-EIA-MER-7.2A,historical,,,,United States,USA,country,1972,electricity_generation,petroleum,"Electricity Net Generation From Petroleum, All Sectors",all_sectors; utility_scale for solar,274.295961,TWh,274295.961,Million Kilowatthours,PAETPUS,reported,MER_June_2026,eia-mer-table-7.2a.csv
DS-EIA-MER-7.2A,SRC-EIA-MER-7.2A,historical,,,,United States,USA,country,1972,electricity_generation,total,"Electricity Net Generation Total (including from sources not shown), All Sectors",all_sectors; utility_scale for solar,1752.978413,TWh,1752978.413,Million Kilowatthours,ELETPUS,reported,MER_June_2026,eia-mer-table-7.2a.csv
DS-EIA-MER-7.2A,SRC-EIA-MER-7.2A,historical,,,,United States,USA,country,1972,electricity_generation,waste,"Electricity Net Generation From Waste, All Sectors",all_sectors; utility_scale for solar,0.199774,TWh,199.774,Million Kilowatthours,WSETPUS,reported,MER_June_2026,eia-mer-table-7.2a.csv
DS-EIA-MER-7.2A,SRC-EIA-MER-7.2A,historical,,,,United States,USA,country,1972,electricity_generation,wood,"Electricity Net Generation From Wood, All Sectors",all_sectors; utility_scale for solar,0.130859,TWh,130.859,Million Kilowatthours,WDETPUS,reported,MER_June_2026,eia-mer-table-7.2a.csv
DS-EIA-MER-7.2A,SRC-EIA-MER-7.2A,historical,,,,United States,USA,country,1973,electricity_generation,coal,"Electricity Net Generation From Coal, All Sectors",all_sectors; utility_scale for solar,847.65147,TWh,847651.47,Million Kilowatthours,CLETPUS,reported,MER_June_2026,eia-mer-table-7.2a.csv
DS-EIA-MER-7.2A,SRC-EIA-MER-7.2A,historical,,,,United States,USA,country,1973,electricity_generation,geothermal,"Electricity Net Generation From Geothermal, All Sectors",all_sectors; utility_scale for solar,1.965713,TWh,1965.713,Million Kilowatthours,GEETPUS,reported,MER_June_2026,eia-mer-table-7.2a.csv
DS-EIA-MER-7.2A,SRC-EIA-MER-7.2A,historical,,,,United States,USA,country,1973,electricity_generation,hydropower,"Electricity Net Generation From Conventional Hydroelectric Power, All Sectors",all_sectors; utility_scale for solar,275.430574,TWh,275430.574,Million Kilowatthours,HVETPUS,reported,MER_June_2026,eia-mer-table-7.2a.csv
DS-EIA-MER-7.2A,SRC-EIA-MER-7.2A,historical,,,,United States,USA,country,1973,electricity_generation,natural_gas,"Electricity Net Generation From Natural Gas, All Sectors",all_sectors; utility_scale for solar,340.858192,TWh,340858.192,Million Kilowatthours,NGETPUS,reported,MER_June_2026,eia-mer-table-7.2a.csv
DS-EIA-MER-7.2A,SRC-EIA-MER-7.2A,historical,,,,United States,USA,country,1973,electricity_generation,nuclear,"Electricity Net Generation From Nuclear Electric Power, All Sectors",all_sectors; utility_scale for solar,83.479463,TWh,83479.463,Million Kilowatthours,NUETPUS,reported,MER_June_2026,eia-mer-table-7.2a.csv
DS-EIA-MER-7.2A,SRC-EIA-MER-7.2A,historical,,,,United States,USA,country,1973,electricity_generation,petroleum,"Electricity Net Generation From Petroleum, All Sectors",all_sectors; utility_scale for solar,314.342926,TWh,314342.926,Million Kilowatthours,PAETPUS,reported,MER_June_2026,eia-mer-table-7.2a.csv
DS-EIA-MER-7.2A,SRC-EIA-MER-7.2A,historical,,,,United States,USA,country,1973,electricity_generation,total,"Electricity Net Generation Total (including from sources not shown), All Sectors",all_sectors; utility_scale for solar,1864.056632,TWh,1864056.632,Million Kilowatthours,ELETPUS,reported,MER_June_2026,eia-mer-table-7.2a.csv
DS-EIA-MER-7.2A,SRC-EIA-MER-7.2A,historical,,,,United States,USA,country,1973,electricity_generation,waste,"Electricity Net Generation From Waste, All Sectors",all_sectors; utility_scale for solar,0.19789,TWh,197.89,Million Kilowatthours,WSETPUS,reported,MER_June_2026,eia-mer-table-7.2a.csv
DS-EIA-MER-7.2A,SRC-EIA-MER-7.2A,historical,,,,United States,USA,country,1973,electricity_generation,wood,"Electricity Net Generation From Wood, All Sectors",all_sectors; utility_scale for solar,0.130403,TWh,130.403,Million Kilowatthours,WDETPUS,reported,MER_June_2026,eia-mer-table-7.2a.csv
DS-EIA-MER-7.2A,SRC-EIA-MER-7.2A,historical,,,,United States,USA,country,1974,electricity_generation,coal,"Electricity Net Generation From Coal, All Sectors",all_sectors; utility_scale for solar,828.432921,TWh,828432.921,Million Kilowatthours,CLETPUS,reported,MER_June_2026,eia-mer-table-7.2a.csv
DS-EIA-MER-7.2A,SRC-EIA-MER-7.2A,historical,,,,United States,USA,country,1974,electricity_generation,geothermal,"Electricity Net Generation From Geothermal, All Sectors",all_sectors; utility_scale for solar,2.452636,TWh,2452.636,Million Kilowatthours,GEETPUS,reported,MER_June_2026,eia-mer-table-7.2a.csv
DS-EIA-MER-7.2A,SRC-EIA-MER-7.2A,historical,,,,United States,USA,country,1974,electricity_generation,hydropower,"Electricity Net Generation From Conventional Hydroelectric Power, All Sectors",all_sectors; utility_scale for solar,304.211805,TWh,304211.805,Million Kilowatthours,HVETPUS,reported,MER_June_2026,eia-mer-table-7.2a.csv
DS-EIA-MER-7.2A,SRC-EIA-MER-7.2A,historical,,,,United States,USA,country,1974,electricity_generation,natural_gas,"Electricity Net Generation From Natural Gas, All Sectors",all_sectors; utility_scale for solar,320.065088,TWh,320065.088,Million Kilowatthours,NGETPUS,reported,MER_June_2026,eia-mer-table-7.2a.csv
DS-EIA-MER-7.2A,SRC-EIA-MER-7.2A,historical,,,,United States,USA,country,1974,electricity_generation,nuclear,"Electricity Net Generation From Nuclear Electric Power, All Sectors",all_sectors; utility_scale for solar,113.97574,TWh,113975.74,Million Kilowatthours,NUETPUS,reported,MER_June_2026,eia-mer-table-7.2a.csv
DS-EIA-MER-7.2A,SRC-EIA-MER-7.2A,historical,,,,United States,USA,country,1974,electricity_generation,petroleum,"Electricity Net Generation From Petroleum, All Sectors",all_sectors; utility_scale for solar,300.930537,TWh,300930.537,Million Kilowatthours,PAETPUS,reported,MER_June_2026,eia-mer-table-7.2a.csv
DS-EIA-MER-7.2A,SRC-EIA-MER-7.2A,historical,,,,United States,USA,country,1974,electricity_generation,total,"Electricity Net Generation Total (including from sources not shown), All Sectors",all_sectors; utility_scale for solar,1870.319404,TWh,1870319.404,Million Kilowatthours,ELETPUS,reported,MER_June_2026,eia-mer-table-7.2a.csv
DS-EIA-MER-7.2A,SRC-EIA-MER-7.2A,historical,,,,United States,USA,country,1974,electricity_generation,waste,"Electricity Net Generation From Waste, All Sectors",all_sectors; utility_scale for solar,0.182154,TWh,182.154,Million Kilowatthours,WSETPUS,reported,MER_June_2026,eia-mer-table-7.2a.csv
DS-EIA-MER-7.2A,SRC-EIA-MER-7.2A,historical,,,,United States,USA,country,1974,electricity_generation,wood,"Electricity Net Generation From Wood, All Sectors",all_sectors; utility_scale for solar,0.068523,TWh,68.523,Million Kilowatthours,WDETPUS,reported,MER_June_2026,eia-mer-table-7.2a.csv
DS-EIA-MER-7.2A,SRC-EIA-MER-7.2A,historical,,,,United States,USA,country,1975,electricity_generation,coal,"Electricity Net Generation From Coal, All Sectors",all_sectors; utility_scale for solar,852.786222,TWh,852786.222,Million Kilowatthours,CLETPUS,reported,MER_June_2026,eia-mer-table-7.2a.csv
DS-EIA-MER-7.2A,SRC-EIA-MER-7.2A,historical,,,,United States,USA,country,1975,electricity_generation,geothermal,"Electricity Net Generation From Geothermal, All Sectors",all_sectors; utility_scale for solar,3.246172,TWh,3246.172,Million Kilowatthours,GEETPUS,reported,MER_June_2026,eia-mer-table-7.2a.csv
DS-EIA-MER-7.2A,SRC-EIA-MER-7.2A,historical,,,,United States,USA,country,1975,electricity_generation,hydropower,"Electricity Net Generation From Conventional Hydroelectric Power, All Sectors",all_sectors; utility_scale for solar,303.152673,TWh,303152.673,Million Kilowatthours,HVETPUS,reported,MER_June_2026,eia-mer-table-7.2a.csv
DS-EIA-MER-7.2A,SRC-EIA-MER-7.2A,historical,,,,United States,USA,country,1975,electricity_generation,natural_gas,"Electricity Net Generation From Natural Gas, All Sectors",all_sectors; utility_scale for solar,299.778408,TWh,299778.408,Million Kilowatthours,NGETPUS,reported,MER_June_2026,eia-mer-table-7.2a.csv
DS-EIA-MER-7.2A,SRC-EIA-MER-7.2A,historical,,,,United States,USA,country,1975,electricity_generation,nuclear,"Electricity Net Generation From Nuclear Electric Power, All Sectors",all_sectors; utility_scale for solar,172.505075,TWh,172505.075,Million Kilowatthours,NUETPUS,reported,MER_June_2026,eia-mer-table-7.2a.csv
DS-EIA-MER-7.2A,SRC-EIA-MER-7.2A,historical,,,,United States,USA,country,1975,electricity_generation,petroleum,"Electricity Net Generation From Petroleum, All Sectors",all_sectors; utility_scale for solar,289.0949,TWh,289094.9,Million Kilowatthours,PAETPUS,reported,MER_June_2026,eia-mer-table-7.2a.csv
DS-EIA-MER-7.2A,SRC-EIA-MER-7.2A,historical,,,,United States,USA,country,1975,electricity_generation,total,"Electricity Net Generation Total (including from sources not shown), All Sectors",all_sectors; utility_scale for solar,1920.754569,TWh,1920754.569,Million Kilowatthours,ELETPUS,reported,MER_June_2026,eia-mer-table-7.2a.csv
DS-EIA-MER-7.2A,SRC-EIA-MER-7.2A,historical,,,,United States,USA,country,1975,electricity_generation,waste,"Electricity Net Generation From Waste, All Sectors",all_sectors; utility_scale for solar,0.173568,TWh,173.568,Million Kilowatthours,WSETPUS,reported,MER_June_2026,eia-mer-table-7.2a.csv
DS-EIA-MER-7.2A,SRC-EIA-MER-7.2A,historical,,,,United States,USA,country,1975,electricity_generation,wood,"Electricity Net Generation From Wood, All Sectors",all_sectors; utility_scale for solar,0.017551,TWh,17.551,Million Kilowatthours,WDETPUS,reported,MER_June_2026,eia-mer-table-7.2a.csv
DS-EIA-MER-7.2A,SRC-EIA-MER-7.2A,historical,,,,United States,USA,country,1976,electricity_generation,coal,"Electricity Net Generation From Coal, All Sectors",all_sectors; utility_scale for solar,944.390993,TWh,944390.993,Million Kilowatthours,CLETPUS,reported,MER_June_2026,eia-mer-table-7.2a.csv
DS-EIA-MER-7.2A,SRC-EIA-MER-7.2A,historical,,,,United States,USA,country,1976,electricity_generation,geothermal,"Electricity Net Generation From Geothermal, All Sectors",all_sectors; utility_scale for solar,3.616407,TWh,3616.407,Million Kilowatthours,GEETPUS,reported,MER_June_2026,eia-mer-table-7.2a.csv
DS-EIA-MER-7.2A,SRC-EIA-MER-7.2A,historical,,,,United States,USA,country,1976,electricity_generation,hydropower,"Electricity Net Generation From Conventional Hydroelectric Power, All Sectors",all_sectors; utility_scale for solar,286.924238,TWh,286924.238,Million Kilowatthours,HVETPUS,reported,MER_June_2026,eia-mer-table-7.2a.csv
DS-EIA-MER-7.2A,SRC-EIA-MER-7.2A,historical,,,,United States,USA,country,1976,electricity_generation,natural_gas,"Electricity Net Generation From Natural Gas, All Sectors",all_sectors; utility_scale for solar,294.623911,TWh,294623.911,Million Kilowatthours,NGETPUS,reported,MER_June_2026,eia-mer-table-7.2a.csv
DS-EIA-MER-7.2A,SRC-EIA-MER-7.2A,historical,,,,United States,USA,country,1976,electricity_generation,nuclear,"Electricity Net Generation From Nuclear Electric Power, All Sectors",all_sectors; utility_scale for solar,191.103531,TWh,191103.531,Million Kilowatthours,NUETPUS,reported,MER_June_2026,eia-mer-table-7.2a.csv
DS-EIA-MER-7.2A,SRC-EIA-MER-7.2A,historical,,,,United States,USA,country,1976,electricity_generation,petroleum,"Electricity Net Generation From Petroleum, All Sectors",all_sectors; utility_scale for solar,319.988136,TWh,319988.136,Million Kilowatthours,PAETPUS,reported,MER_June_2026,eia-mer-table-7.2a.csv
DS-EIA-MER-7.2A,SRC-EIA-MER-7.2A,historical,,,,United States,USA,country,1976,electricity_generation,total,"Electricity Net Generation Total (including from sources not shown), All Sectors",all_sectors; utility_scale for solar,2040.913681,TWh,2040913.681,Million Kilowatthours,ELETPUS,reported,MER_June_2026,eia-mer-table-7.2a.csv
DS-EIA-MER-7.2A,SRC-EIA-MER-7.2A,historical,,,,United States,USA,country,1976,electricity_generation,waste,"Electricity Net Generation From Waste, All Sectors",all_sectors; utility_scale for solar,0.182078,TWh,182.078,Million Kilowatthours,WSETPUS,reported,MER_June_2026,eia-mer-table-7.2a.csv
DS-EIA-MER-7.2A,SRC-EIA-MER-7.2A,historical,,,,United States,USA,country,1976,electricity_generation,wood,"Electricity Net Generation From Wood, All Sectors",all_sectors; utility_scale for solar,0.084386,TWh,84.386,Million Kilowatthours,WDETPUS,reported,MER_June_2026,eia-mer-table-7.2a.csv
DS-EIA-MER-7.2A,SRC-EIA-MER-7.2A,historical,,,,United States,USA,country,1977,electricity_generation,coal,"Electricity Net Generation From Coal, All Sectors",all_sectors; utility_scale for solar,985.218596,TWh,985218.596,Million Kilowatthours,CLETPUS,reported,MER_June_2026,eia-mer-table-7.2a.csv
DS-EIA-MER-7.2A,SRC-EIA-MER-7.2A,historical,,,,United States,USA,country,1977,electricity_generation,geothermal,"Electricity Net Generation From Geothermal, All Sectors",all_sectors; utility_scale for solar,3.582335,TWh,3582.335,Million Kilowatthours,GEETPUS,reported,MER_June_2026,eia-mer-table-7.2a.csv
DS-EIA-MER-7.2A,SRC-EIA-MER-7.2A,historical,,,,United States,USA,country,1977,electricity_generation,hydropower,"Electricity Net Generation From Conventional Hydroelectric Power, All Sectors",all_sectors; utility_scale for solar,223.598687,TWh,223598.687,Million Kilowatthours,HVETPUS,reported,MER_June_2026,eia-mer-table-7.2a.csv
DS-EIA-MER-7.2A,SRC-EIA-MER-7.2A,historical,,,,United States,USA,country,1977,electricity_generation,natural_gas,"Electricity Net Generation From Natural Gas, All Sectors",all_sectors; utility_scale for solar,305.504859,TWh,305504.859,Million Kilowatthours,NGETPUS,reported,MER_June_2026,eia-mer-table-7.2a.csv
DS-EIA-MER-7.2A,SRC-EIA-MER-7.2A,historical,,,,United States,USA,country,1977,electricity_generation,nuclear,"Electricity Net Generation From Nuclear Electric Power, All Sectors",all_sectors; utility_scale for solar,250.883283,TWh,250883.283,Million Kilowatthours,NUETPUS,reported,MER_June_2026,eia-mer-table-7.2a.csv
DS-EIA-MER-7.2A,SRC-EIA-MER-7.2A,historical,,,,United States,USA,country,1977,electricity_generation,petroleum,"Electricity Net Generation From Petroleum, All Sectors",all_sectors; utility_scale for solar,358.178822,TWh,358178.822,Million Kilowatthours,PAETPUS,reported,MER_June_2026,eia-mer-table-7.2a.csv
DS-EIA-MER-7.2A,SRC-EIA-MER-7.2A,historical,,,,United States,USA,country,1977,electricity_generation,total,"Electricity Net Generation Total (including from sources not shown), All Sectors",all_sectors; utility_scale for solar,2127.447488,TWh,2127447.488,Million Kilowatthours,ELETPUS,reported,MER_June_2026,eia-mer-table-7.2a.csv
DS-EIA-MER-7.2A,SRC-EIA-MER-7.2A,historical,,,,United States,USA,country,1977,electricity_generation,waste,"Electricity Net Generation From Waste, All Sectors",all_sectors; utility_scale for solar,0.173271,TWh,173.271,Million Kilowatthours,WSETPUS,reported,MER_June_2026,eia-mer-table-7.2a.csv
DS-EIA-MER-7.2A,SRC-EIA-MER-7.2A,historical,,,,United States,USA,country,1977,electricity_generation,wood,"Electricity Net Generation From Wood, All Sectors",all_sectors; utility_scale for solar,0.307634,TWh,307.634,Million Kilowatthours,WDETPUS,reported,MER_June_2026,eia-mer-table-7.2a.csv
DS-EIA-MER-7.2A,SRC-EIA-MER-7.2A,historical,,,,United States,USA,country,1978,electricity_generation,coal,"Electricity Net Generation From Coal, All Sectors",all_sectors; utility_scale for solar,975.742083,TWh,975742.083,Million Kilowatthours,CLETPUS,reported,MER_June_2026,eia-mer-table-7.2a.csv
DS-EIA-MER-7.2A,SRC-EIA-MER-7.2A,historical,,,,United States,USA,country,1978,electricity_generation,geothermal,"Electricity Net Generation From Geothermal, All Sectors",all_sectors; utility_scale for solar,2.97763,TWh,2977.63,Million Kilowatthours,GEETPUS,reported,MER_June_2026,eia-mer-table-7.2a.csv
DS-EIA-MER-7.2A,SRC-EIA-MER-7.2A,historical,,,,United States,USA,country,1978,electricity_generation,hydropower,"Electricity Net Generation From Conventional Hydroelectric Power, All Sectors",all_sectors; utility_scale for solar,283.465224,TWh,283465.224,Million Kilowatthours,HVETPUS,reported,MER_June_2026,eia-mer-table-7.2a.csv
DS-EIA-MER-7.2A,SRC-EIA-MER-7.2A,historical,,,,United States,USA,country,1978,electricity_generation,natural_gas,"Electricity Net Generation From Natural Gas, All Sectors",all_sectors; utility_scale for solar,305.390836,TWh,305390.836,Million Kilowatthours,NGETPUS,reported,MER_June_2026,eia-mer-table-7.2a.csv
DS-EIA-MER-7.2A,SRC-EIA-MER-7.2A,historical,,,,United States,USA,country,1978,electricity_generation,nuclear,"Electricity Net Generation From Nuclear Electric Power, All Sectors",all_sectors; utility_scale for solar,276.40307,TWh,276403.07,Million Kilowatthours,NUETPUS,reported,MER_June_2026,eia-mer-table-7.2a.csv
DS-EIA-MER-7.2A,SRC-EIA-MER-7.2A,historical,,,,United States,USA,country,1978,electricity_generation,petroleum,"Electricity Net Generation From Petroleum, All Sectors",all_sectors; utility_scale for solar,365.060441,TWh,365060.441,Million Kilowatthours,PAETPUS,reported,MER_June_2026,eia-mer-table-7.2a.csv
DS-EIA-MER-7.2A,SRC-EIA-MER-7.2A,historical,,,,United States,USA,country,1978,electricity_generation,total,"Electricity Net Generation Total (including from sources not shown), All Sectors",all_sectors; utility_scale for solar,2209.376911,TWh,2209376.911,Million Kilowatthours,ELETPUS,reported,MER_June_2026,eia-mer-table-7.2a.csv
DS-EIA-MER-7.2A,SRC-EIA-MER-7.2A,historical,,,,United States,USA,country,1978,electricity_generation,waste,"Electricity Net Generation From Waste, All Sectors",all_sectors; utility_scale for solar,0.140434,TWh,140.434,Million Kilowatthours,WSETPUS,reported,MER_June_2026,eia-mer-table-7.2a.csv
DS-EIA-MER-7.2A,SRC-EIA-MER-7.2A,historical,,,,United States,USA,country,1978,electricity_generation,wood,"Electricity Net Generation From Wood, All Sectors",all_sectors; utility_scale for solar,0.197193,TWh,197.193,Million Kilowatthours,WDETPUS,reported,MER_June_2026,eia-mer-table-7.2a.csv
DS-EIA-MER-7.2A,SRC-EIA-MER-7.2A,historical,,,,United States,USA,country,1979,electricity_generation,coal,"Electricity Net Generation From Coal, All Sectors",all_sectors; utility_scale for solar,1075.037091,TWh,1075037.091,Million Kilowatthours,CLETPUS,reported,MER_June_2026,eia-mer-table-7.2a.csv
DS-EIA-MER-7.2A,SRC-EIA-MER-7.2A,historical,,,,United States,USA,country,1979,electricity_generation,geothermal,"Electricity Net Generation From Geothermal, All Sectors",all_sectors; utility_scale for solar,3.888968,TWh,3888.968,Million Kilowatthours,GEETPUS,reported,MER_June_2026,eia-mer-table-7.2a.csv
DS-EIA-MER-7.2A,SRC-EIA-MER-7.2A,historical,,,,United States,USA,country,1979,electricity_generation,hydropower,"Electricity Net Generation From Conventional Hydroelectric Power, All Sectors",all_sectors; utility_scale for solar,283.075976,TWh,283075.976,Million Kilowatthours,HVETPUS,reported,MER_June_2026,eia-mer-table-7.2a.csv
DS-EIA-MER-7.2A,SRC-EIA-MER-7.2A,historical,,,,United States,USA,country,1979,electricity_generation,natural_gas,"Electricity Net Generation From Natural Gas, All Sectors",all_sectors; utility_scale for solar,329.485107,TWh,329485.107,Million Kilowatthours,NGETPUS,reported,MER_June_2026,eia-mer-table-7.2a.csv
DS-EIA-MER-7.2A,SRC-EIA-MER-7.2A,historical,,,,United States,USA,country,1979,electricity_generation,nuclear,"Electricity Net Generation From Nuclear Electric Power, All Sectors",all_sectors; utility_scale for solar,255.154623,TWh,255154.623,Million Kilowatthours,NUETPUS,reported,MER_June_2026,eia-mer-table-7.2a.csv
DS-EIA-MER-7.2A,SRC-EIA-MER-7.2A,historical,,,,United States,USA,country,1979,electricity_generation,petroleum,"Electricity Net Generation From Petroleum, All Sectors",all_sectors; utility_scale for solar,303.525209,TWh,303525.209,Million Kilowatthours,PAETPUS,reported,MER_June_2026,eia-mer-table-7.2a.csv
DS-EIA-MER-7.2A,SRC-EIA-MER-7.2A,historical,,,,United States,USA,country,1979,electricity_generation,total,"Electricity Net Generation Total (including from sources not shown), All Sectors",all_sectors; utility_scale for solar,2250.665025,TWh,2250665.025,Million Kilowatthours,ELETPUS,reported,MER_June_2026,eia-mer-table-7.2a.csv
DS-EIA-MER-7.2A,SRC-EIA-MER-7.2A,historical,,,,United States,USA,country,1979,electricity_generation,waste,"Electricity Net Generation From Waste, All Sectors",all_sectors; utility_scale for solar,0.198192,TWh,198.192,Million Kilowatthours,WSETPUS,reported,MER_June_2026,eia-mer-table-7.2a.csv
DS-EIA-MER-7.2A,SRC-EIA-MER-7.2A,historical,,,,United States,USA,country,1979,electricity_generation,wood,"Electricity Net Generation From Wood, All Sectors",all_sectors; utility_scale for solar,0.299859,TWh,299.859,Million Kilowatthours,WDETPUS,reported,MER_June_2026,eia-mer-table-7.2a.csv
DS-EIA-MER-7.2A,SRC-EIA-MER-7.2A,historical,,,,United States,USA,country,1980,electricity_generation,coal,"Electricity Net Generation From Coal, All Sectors",all_sectors; utility_scale for solar,1161.562368,TWh,1161562.368,Million Kilowatthours,CLETPUS,reported,MER_June_2026,eia-mer-table-7.2a.csv
DS-EIA-MER-7.2A,SRC-EIA-MER-7.2A,historical,,,,United States,USA,country,1980,electricity_generation,geothermal,"Electricity Net Generation From Geothermal, All Sectors",all_sectors; utility_scale for solar,5.073079,TWh,5073.079,Million Kilowatthours,GEETPUS,reported,MER_June_2026,eia-mer-table-7.2a.csv
DS-EIA-MER-7.2A,SRC-EIA-MER-7.2A,historical,,,,United States,USA,country,1980,electricity_generation,hydropower,"Electricity Net Generation From Conventional Hydroelectric Power, All Sectors",all_sectors; utility_scale for solar,279.18209,TWh,279182.09,Million Kilowatthours,HVETPUS,reported,MER_June_2026,eia-mer-table-7.2a.csv
DS-EIA-MER-7.2A,SRC-EIA-MER-7.2A,historical,,,,United States,USA,country,1980,electricity_generation,natural_gas,"Electricity Net Generation From Natural Gas, All Sectors",all_sectors; utility_scale for solar,346.2399,TWh,346239.9,Million Kilowatthours,NGETPUS,reported,MER_June_2026,eia-mer-table-7.2a.csv
DS-EIA-MER-7.2A,SRC-EIA-MER-7.2A,historical,,,,United States,USA,country,1980,electricity_generation,nuclear,"Electricity Net Generation From Nuclear Electric Power, All Sectors",all_sectors; utility_scale for solar,251.115575,TWh,251115.575,Million Kilowatthours,NUETPUS,reported,MER_June_2026,eia-mer-table-7.2a.csv
DS-EIA-MER-7.2A,SRC-EIA-MER-7.2A,historical,,,,United States,USA,country,1980,electricity_generation,petroleum,"Electricity Net Generation From Petroleum, All Sectors",all_sectors; utility_scale for solar,245.994189,TWh,245994.189,Million Kilowatthours,PAETPUS,reported,MER_June_2026,eia-mer-table-7.2a.csv
DS-EIA-MER-7.2A,SRC-EIA-MER-7.2A,historical,,,,United States,USA,country,1980,electricity_generation,total,"Electricity Net Generation Total (including from sources not shown), All Sectors",all_sectors; utility_scale for solar,2289.600364,TWh,2289600.364,Million Kilowatthours,ELETPUS,reported,MER_June_2026,eia-mer-table-7.2a.csv
DS-EIA-MER-7.2A,SRC-EIA-MER-7.2A,historical,,,,United States,USA,country,1980,electricity_generation,waste,"Electricity Net Generation From Waste, All Sectors",all_sectors; utility_scale for solar,0.157797,TWh,157.797,Million Kilowatthours,WSETPUS,reported,MER_June_2026,eia-mer-table-7.2a.csv
DS-EIA-MER-7.2A,SRC-EIA-MER-7.2A,historical,,,,United States,USA,country,1980,electricity_generation,wood,"Electricity Net Generation From Wood, All Sectors",all_sectors; utility_scale for solar,0.275366,TWh,275.366,Million Kilowatthours,WDETPUS,reported,MER_June_2026,eia-mer-table-7.2a.csv
DS-EIA-MER-7.2A,SRC-EIA-MER-7.2A,historical,,,,United States,USA,country,1981,electricity_generation,coal,"Electricity Net Generation From Coal, All Sectors",all_sectors; utility_scale for solar,1203.203232,TWh,1203203.232,Million Kilowatthours,CLETPUS,reported,MER_June_2026,eia-mer-table-7.2a.csv
DS-EIA-MER-7.2A,SRC-EIA-MER-7.2A,historical,,,,United States,USA,country,1981,electricity_generation,geothermal,"Electricity Net Generation From Geothermal, All Sectors",all_sectors; utility_scale for solar,5.686163,TWh,5686.163,Million Kilowatthours,GEETPUS,reported,MER_June_2026,eia-mer-table-7.2a.csv
DS-EIA-MER-7.2A,SRC-EIA-MER-7.2A,historical,,,,United States,USA,country,1981,electricity_generation,hydropower,"Electricity Net Generation From Conventional Hydroelectric Power, All Sectors",all_sectors; utility_scale for solar,263.844664,TWh,263844.664,Million Kilowatthours,HVETPUS,reported,MER_June_2026,eia-mer-table-7.2a.csv
DS-EIA-MER-7.2A,SRC-EIA-MER-7.2A,historical,,,,United States,USA,country,1981,electricity_generation,natural_gas,"Electricity Net Generation From Natural Gas, All Sectors",all_sectors; utility_scale for solar,345.777173,TWh,345777.173,Million Kilowatthours,NGETPUS,reported,MER_June_2026,eia-mer-table-7.2a.csv
DS-EIA-MER-7.2A,SRC-EIA-MER-7.2A,historical,,,,United States,USA,country,1981,electricity_generation,nuclear,"Electricity Net Generation From Nuclear Electric Power, All Sectors",all_sectors; utility_scale for solar,272.673503,TWh,272673.503,Million Kilowatthours,NUETPUS,reported,MER_June_2026,eia-mer-table-7.2a.csv
DS-EIA-MER-7.2A,SRC-EIA-MER-7.2A,historical,,,,United States,USA,country,1981,electricity_generation,petroleum,"Electricity Net Generation From Petroleum, All Sectors",all_sectors; utility_scale for solar,206.420775,TWh,206420.775,Million Kilowatthours,PAETPUS,reported,MER_June_2026,eia-mer-table-7.2a.csv
DS-EIA-MER-7.2A,SRC-EIA-MER-7.2A,historical,,,,United States,USA,country,1981,electricity_generation,total,"Electricity Net Generation Total (including from sources not shown), All Sectors",all_sectors; utility_scale for solar,2297.973338,TWh,2297973.338,Million Kilowatthours,ELETPUS,reported,MER_June_2026,eia-mer-table-7.2a.csv
DS-EIA-MER-7.2A,SRC-EIA-MER-7.2A,historical,,,,United States,USA,country,1981,electricity_generation,waste,"Electricity Net Generation From Waste, All Sectors",all_sectors; utility_scale for solar,0.122628,TWh,122.628,Million Kilowatthours,WSETPUS,reported,MER_June_2026,eia-mer-table-7.2a.csv
DS-EIA-MER-7.2A,SRC-EIA-MER-7.2A,historical,,,,United States,USA,country,1981,electricity_generation,wood,"Electricity Net Generation From Wood, All Sectors",all_sectors; utility_scale for solar,0.245201,TWh,245.201,Million Kilowatthours,WDETPUS,reported,MER_June_2026,eia-mer-table-7.2a.csv
DS-EIA-MER-7.2A,SRC-EIA-MER-7.2A,historical,,,,United States,USA,country,1982,electricity_generation,coal,"Electricity Net Generation From Coal, All Sectors",all_sectors; utility_scale for solar,1192.004204,TWh,1192004.204,Million Kilowatthours,CLETPUS,reported,MER_June_2026,eia-mer-table-7.2a.csv
DS-EIA-MER-7.2A,SRC-EIA-MER-7.2A,historical,,,,United States,USA,country,1982,electricity_generation,geothermal,"Electricity Net Generation From Geothermal, All Sectors",all_sectors; utility_scale for solar,4.842865,TWh,4842.865,Million Kilowatthours,GEETPUS,reported,MER_June_2026,eia-mer-table-7.2a.csv
DS-EIA-MER-7.2A,SRC-EIA-MER-7.2A,historical,,,,United States,USA,country,1982,electricity_generation,hydropower,"Electricity Net Generation From Conventional Hydroelectric Power, All Sectors",all_sectors; utility_scale for solar,312.374013,TWh,312374.013,Million Kilowatthours,HVETPUS,reported,MER_June_2026,eia-mer-table-7.2a.csv
DS-EIA-MER-7.2A,SRC-EIA-MER-7.2A,historical,,,,United States,USA,country,1982,electricity_generation,natural_gas,"Electricity Net Generation From Natural Gas, All Sectors",all_sectors; utility_scale for solar,305.259749,TWh,305259.749,Million Kilowatthours,NGETPUS,reported,MER_June_2026,eia-mer-table-7.2a.csv
DS-EIA-MER-7.2A,SRC-EIA-MER-7.2A,historical,,,,United States,USA,country,1982,electricity_generation,nuclear,"Electricity Net Generation From Nuclear Electric Power, All Sectors",all_sectors; utility_scale for solar,282.773248,TWh,282773.248,Million Kilowatthours,NUETPUS,reported,MER_June_2026,eia-mer-table-7.2a.csv
DS-EIA-MER-7.2A,SRC-EIA-MER-7.2A,historical,,,,United States,USA,country,1982,electricity_generation,petroleum,"Electricity Net Generation From Petroleum, All Sectors",all_sectors; utility_scale for solar,146.79749,TWh,146797.49,Million Kilowatthours,PAETPUS,reported,MER_June_2026,eia-mer-table-7.2a.csv
DS-EIA-MER-7.2A,SRC-EIA-MER-7.2A,historical,,,,United States,USA,country,1982,electricity_generation,total,"Electricity Net Generation Total (including from sources not shown), All Sectors",all_sectors; utility_scale for solar,2244.372487,TWh,2244372.487,Million Kilowatthours,ELETPUS,reported,MER_June_2026,eia-mer-table-7.2a.csv
DS-EIA-MER-7.2A,SRC-EIA-MER-7.2A,historical,,,,United States,USA,country,1982,electricity_generation,waste,"Electricity Net Generation From Waste, All Sectors",all_sectors; utility_scale for solar,0.124979,TWh,124.979,Million Kilowatthours,WSETPUS,reported,MER_June_2026,eia-mer-table-7.2a.csv
DS-EIA-MER-7.2A,SRC-EIA-MER-7.2A,historical,,,,United States,USA,country,1982,electricity_generation,wood,"Electricity Net Generation From Wood, All Sectors",all_sectors; utility_scale for solar,0.19594,TWh,195.94,Million Kilowatthours,WDETPUS,reported,MER_June_2026,eia-mer-table-7.2a.csv
DS-EIA-MER-7.2A,SRC-EIA-MER-7.2A,historical,,,,United States,USA,country,1983,electricity_generation,coal,"Electricity Net Generation From Coal, All Sectors",all_sectors; utility_scale for solar,1259.424279,TWh,1259424.279,Million Kilowatthours,CLETPUS,reported,MER_June_2026,eia-mer-table-7.2a.csv
DS-EIA-MER-7.2A,SRC-EIA-MER-7.2A,historical,,,,United States,USA,country,1983,electricity_generation,geothermal,"Electricity Net Generation From Geothermal, All Sectors",all_sectors; utility_scale for solar,6.075101,TWh,6075.101,Million Kilowatthours,GEETPUS,reported,MER_June_2026,eia-mer-table-7.2a.csv
DS-EIA-MER-7.2A,SRC-EIA-MER-7.2A,historical,,,,United States,USA,country,1983,electricity_generation,hydropower,"Electricity Net Generation From Conventional Hydroelectric Power, All Sectors",all_sectors; utility_scale for solar,335.290855,TWh,335290.855,Million Kilowatthours,HVETPUS,reported,MER_June_2026,eia-mer-table-7.2a.csv
DS-EIA-MER-7.2A,SRC-EIA-MER-7.2A,historical,,,,United States,USA,country,1983,electricity_generation,natural_gas,"Electricity Net Generation From Natural Gas, All Sectors",all_sectors; utility_scale for solar,274.098458,TWh,274098.458,Million Kilowatthours,NGETPUS,reported,MER_June_2026,eia-mer-table-7.2a.csv
DS-EIA-MER-7.2A,SRC-EIA-MER-7.2A,historical,,,,United States,USA,country,1983,electricity_generation,nuclear,"Electricity Net Generation From Nuclear Electric Power, All Sectors",all_sectors; utility_scale for solar,293.677119,TWh,293677.119,Million Kilowatthours,NUETPUS,reported,MER_June_2026,eia-mer-table-7.2a.csv
DS-EIA-MER-7.2A,SRC-EIA-MER-7.2A,historical,,,,United States,USA,country,1983,electricity_generation,petroleum,"Electricity Net Generation From Petroleum, All Sectors",all_sectors; utility_scale for solar,144.498593,TWh,144498.593,Million Kilowatthours,PAETPUS,reported,MER_June_2026,eia-mer-table-7.2a.csv
DS-EIA-MER-7.2A,SRC-EIA-MER-7.2A,historical,,,,United States,USA,country,1983,electricity_generation,total,"Electricity Net Generation Total (including from sources not shown), All Sectors",all_sectors; utility_scale for solar,2313.445686,TWh,2313445.686,Million Kilowatthours,ELETPUS,reported,MER_June_2026,eia-mer-table-7.2a.csv
DS-EIA-MER-7.2A,SRC-EIA-MER-7.2A,historical,,,,United States,USA,country,1983,electricity_generation,waste,"Electricity Net Generation From Waste, All Sectors",all_sectors; utility_scale for solar,0.162745,TWh,162.745,Million Kilowatthours,WSETPUS,reported,MER_June_2026,eia-mer-table-7.2a.csv
DS-EIA-MER-7.2A,SRC-EIA-MER-7.2A,historical,,,,United States,USA,country,1983,electricity_generation,wind,"Electricity Net Generation From Wind, All Sectors",all_sectors; utility_scale for solar,0.002668,TWh,2.668,Million Kilowatthours,WYETPUS,reported,MER_June_2026,eia-mer-table-7.2a.csv
DS-EIA-MER-7.2A,SRC-EIA-MER-7.2A,historical,,,,United States,USA,country,1983,electricity_generation,wood,"Electricity Net Generation From Wood, All Sectors",all_sectors; utility_scale for solar,0.215867,TWh,215.867,Million Kilowatthours,WDETPUS,reported,MER_June_2026,eia-mer-table-7.2a.csv
DS-EIA-MER-7.2A,SRC-EIA-MER-7.2A,historical,,,,United States,USA,country,1984,electricity_generation,coal,"Electricity Net Generation From Coal, All Sectors",all_sectors; utility_scale for solar,1341.680752,TWh,1341680.752,Million Kilowatthours,CLETPUS,reported,MER_June_2026,eia-mer-table-7.2a.csv
DS-EIA-MER-7.2A,SRC-EIA-MER-7.2A,historical,,,,United States,USA,country,1984,electricity_generation,geothermal,"Electricity Net Generation From Geothermal, All Sectors",all_sectors; utility_scale for solar,7.740504,TWh,7740.504,Million Kilowatthours,GEETPUS,reported,MER_June_2026,eia-mer-table-7.2a.csv
DS-EIA-MER-7.2A,SRC-EIA-MER-7.2A,historical,,,,United States,USA,country,1984,electricity_generation,hydropower,"Electricity Net Generation From Conventional Hydroelectric Power, All Sectors",all_sectors; utility_scale for solar,324.311365,TWh,324311.365,Million Kilowatthours,HVETPUS,reported,MER_June_2026,eia-mer-table-7.2a.csv
DS-EIA-MER-7.2A,SRC-EIA-MER-7.2A,historical,,,,United States,USA,country,1984,electricity_generation,natural_gas,"Electricity Net Generation From Natural Gas, All Sectors",all_sectors; utility_scale for solar,297.393596,TWh,297393.596,Million Kilowatthours,NGETPUS,reported,MER_June_2026,eia-mer-table-7.2a.csv
DS-EIA-MER-7.2A,SRC-EIA-MER-7.2A,historical,,,,United States,USA,country,1984,electricity_generation,nuclear,"Electricity Net Generation From Nuclear Electric Power, All Sectors",all_sectors; utility_scale for solar,327.633549,TWh,327633.549,Million Kilowatthours,NUETPUS,reported,MER_June_2026,eia-mer-table-7.2a.csv
DS-EIA-MER-7.2A,SRC-EIA-MER-7.2A,historical,,,,United States,USA,country,1984,electricity_generation,petroleum,"Electricity Net Generation From Petroleum, All Sectors",all_sectors; utility_scale for solar,119.807913,TWh,119807.913,Million Kilowatthours,PAETPUS,reported,MER_June_2026,eia-mer-table-7.2a.csv
DS-EIA-MER-7.2A,SRC-EIA-MER-7.2A,historical,,,,United States,USA,country,1984,electricity_generation,solar_utility_scale,"Electricity Net Generation From Solar, All Sectors",all_sectors; utility_scale for solar,0.005248,TWh,5.248,Million Kilowatthours,SOETPUS,reported,MER_June_2026,eia-mer-table-7.2a.csv
DS-EIA-MER-7.2A,SRC-EIA-MER-7.2A,historical,,,,United States,USA,country,1984,electricity_generation,total,"Electricity Net Generation Total (including from sources not shown), All Sectors",all_sectors; utility_scale for solar,2419.465367,TWh,2419465.367,Million Kilowatthours,ELETPUS,reported,MER_June_2026,eia-mer-table-7.2a.csv
DS-EIA-MER-7.2A,SRC-EIA-MER-7.2A,historical,,,,United States,USA,country,1984,electricity_generation,waste,"Electricity Net Generation From Waste, All Sectors",all_sectors; utility_scale for solar,0.42454,TWh,424.54,Million Kilowatthours,WSETPUS,reported,MER_June_2026,eia-mer-table-7.2a.csv
DS-EIA-MER-7.2A,SRC-EIA-MER-7.2A,historical,,,,United States,USA,country,1984,electricity_generation,wind,"Electricity Net Generation From Wind, All Sectors",all_sectors; utility_scale for solar,0.00649,TWh,6.49,Million Kilowatthours,WYETPUS,reported,MER_June_2026,eia-mer-table-7.2a.csv
DS-EIA-MER-7.2A,SRC-EIA-MER-7.2A,historical,,,,United States,USA,country,1984,electricity_generation,wood,"Electricity Net Generation From Wood, All Sectors",all_sectors; utility_scale for solar,0.461411,TWh,461.411,Million Kilowatthours,WDETPUS,reported,MER_June_2026,eia-mer-table-7.2a.csv
DS-EIA-MER-7.2A,SRC-EIA-MER-7.2A,historical,,,,United States,USA,country,1985,electricity_generation,coal,"Electricity Net Generation From Coal, All Sectors",all_sectors; utility_scale for solar,1402.128125,TWh,1402128.125,Million Kilowatthours,CLETPUS,reported,MER_June_2026,eia-mer-table-7.2a.csv
DS-EIA-MER-7.2A,SRC-EIA-MER-7.2A,historical,,,,United States,USA,country,1985,electricity_generation,geothermal,"Electricity Net Generation From Geothermal, All Sectors",all_sectors; utility_scale for solar,9.32523,TWh,9325.23,Million Kilowatthours,GEETPUS,reported,MER_June_2026,eia-mer-table-7.2a.csv
DS-EIA-MER-7.2A,SRC-EIA-MER-7.2A,historical,,,,United States,USA,country,1985,electricity_generation,hydropower,"Electricity Net Generation From Conventional Hydroelectric Power, All Sectors",all_sectors; utility_scale for solar,284.310538,TWh,284310.538,Million Kilowatthours,HVETPUS,reported,MER_June_2026,eia-mer-table-7.2a.csv
DS-EIA-MER-7.2A,SRC-EIA-MER-7.2A,historical,,,,United States,USA,country,1985,electricity_generation,natural_gas,"Electricity Net Generation From Natural Gas, All Sectors",all_sectors; utility_scale for solar,291.945965,TWh,291945.965,Million Kilowatthours,NGETPUS,reported,MER_June_2026,eia-mer-table-7.2a.csv
DS-EIA-MER-7.2A,SRC-EIA-MER-7.2A,historical,,,,United States,USA,country,1985,electricity_generation,nuclear,"Electricity Net Generation From Nuclear Electric Power, All Sectors",all_sectors; utility_scale for solar,383.690727,TWh,383690.727,Million Kilowatthours,NUETPUS,reported,MER_June_2026,eia-mer-table-7.2a.csv
DS-EIA-MER-7.2A,SRC-EIA-MER-7.2A,historical,,,,United States,USA,country,1985,electricity_generation,petroleum,"Electricity Net Generation From Petroleum, All Sectors",all_sectors; utility_scale for solar,100.202273,TWh,100202.273,Million Kilowatthours,PAETPUS,reported,MER_June_2026,eia-mer-table-7.2a.csv
DS-EIA-MER-7.2A,SRC-EIA-MER-7.2A,historical,,,,United States,USA,country,1985,electricity_generation,solar_utility_scale,"Electricity Net Generation From Solar, All Sectors",all_sectors; utility_scale for solar,0.01063,TWh,10.63,Million Kilowatthours,SOETPUS,reported,MER_June_2026,eia-mer-table-7.2a.csv
DS-EIA-MER-7.2A,SRC-EIA-MER-7.2A,historical,,,,United States,USA,country,1985,electricity_generation,total,"Electricity Net Generation Total (including from sources not shown), All Sectors",all_sectors; utility_scale for solar,2473.00212,TWh,2473002.12,Million Kilowatthours,ELETPUS,reported,MER_June_2026,eia-mer-table-7.2a.csv
DS-EIA-MER-7.2A,SRC-EIA-MER-7.2A,historical,,,,United States,USA,country,1985,electricity_generation,waste,"Electricity Net Generation From Waste, All Sectors",all_sectors; utility_scale for solar,0.639578,TWh,639.578,Million Kilowatthours,WSETPUS,reported,MER_June_2026,eia-mer-table-7.2a.csv
DS-EIA-MER-7.2A,SRC-EIA-MER-7.2A,historical,,,,United States,USA,country,1985,electricity_generation,wind,"Electricity Net Generation From Wind, All Sectors",all_sectors; utility_scale for solar,0.005762,TWh,5.762,Million Kilowatthours,WYETPUS,reported,MER_June_2026,eia-mer-table-7.2a.csv
DS-EIA-MER-7.2A,SRC-EIA-MER-7.2A,historical,,,,United States,USA,country,1985,electricity_generation,wood,"Electricity Net Generation From Wood, All Sectors",all_sectors; utility_scale for solar,0.743294,TWh,743.294,Million Kilowatthours,WDETPUS,reported,MER_June_2026,eia-mer-table-7.2a.csv
DS-EIA-MER-7.2A,SRC-EIA-MER-7.2A,historical,,,,United States,USA,country,1986,electricity_generation,coal,"Electricity Net Generation From Coal, All Sectors",all_sectors; utility_scale for solar,1385.831452,TWh,1385831.452,Million Kilowatthours,CLETPUS,reported,MER_June_2026,eia-mer-table-7.2a.csv
DS-EIA-MER-7.2A,SRC-EIA-MER-7.2A,historical,,,,United States,USA,country,1986,electricity_generation,geothermal,"Electricity Net Generation From Geothermal, All Sectors",all_sectors; utility_scale for solar,10.307954,TWh,10307.954,Million Kilowatthours,GEETPUS,reported,MER_June_2026,eia-mer-table-7.2a.csv
DS-EIA-MER-7.2A,SRC-EIA-MER-7.2A,historical,,,,United States,USA,country,1986,electricity_generation,hydropower,"Electricity Net Generation From Conventional Hydroelectric Power, All Sectors",all_sectors; utility_scale for solar,294.005219,TWh,294005.219,Million Kilowatthours,HVETPUS,reported,MER_June_2026,eia-mer-table-7.2a.csv
DS-EIA-MER-7.2A,SRC-EIA-MER-7.2A,historical,,,,United States,USA,country,1986,electricity_generation,natural_gas,"Electricity Net Generation From Natural Gas, All Sectors",all_sectors; utility_scale for solar,248.508433,TWh,248508.433,Million Kilowatthours,NGETPUS,reported,MER_June_2026,eia-mer-table-7.2a.csv
DS-EIA-MER-7.2A,SRC-EIA-MER-7.2A,historical,,,,United States,USA,country,1986,electricity_generation,nuclear,"Electricity Net Generation From Nuclear Electric Power, All Sectors",all_sectors; utility_scale for solar,414.038063,TWh,414038.063,Million Kilowatthours,NUETPUS,reported,MER_June_2026,eia-mer-table-7.2a.csv
DS-EIA-MER-7.2A,SRC-EIA-MER-7.2A,historical,,,,United States,USA,country,1986,electricity_generation,petroleum,"Electricity Net Generation From Petroleum, All Sectors",all_sectors; utility_scale for solar,136.584867,TWh,136584.867,Million Kilowatthours,PAETPUS,reported,MER_June_2026,eia-mer-table-7.2a.csv
DS-EIA-MER-7.2A,SRC-EIA-MER-7.2A,historical,,,,United States,USA,country,1986,electricity_generation,solar_utility_scale,"Electricity Net Generation From Solar, All Sectors",all_sectors; utility_scale for solar,0.014032,TWh,14.032,Million Kilowatthours,SOETPUS,reported,MER_June_2026,eia-mer-table-7.2a.csv
DS-EIA-MER-7.2A,SRC-EIA-MER-7.2A,historical,,,,United States,USA,country,1986,electricity_generation,total,"Electricity Net Generation Total (including from sources not shown), All Sectors",all_sectors; utility_scale for solar,2490.470952,TWh,2490470.952,Million Kilowatthours,ELETPUS,reported,MER_June_2026,eia-mer-table-7.2a.csv
DS-EIA-MER-7.2A,SRC-EIA-MER-7.2A,historical,,,,United States,USA,country,1986,electricity_generation,waste,"Electricity Net Generation From Waste, All Sectors",all_sectors; utility_scale for solar,0.685234,TWh,685.234,Million Kilowatthours,WSETPUS,reported,MER_June_2026,eia-mer-table-7.2a.csv
DS-EIA-MER-7.2A,SRC-EIA-MER-7.2A,historical,,,,United States,USA,country,1986,electricity_generation,wind,"Electricity Net Generation From Wind, All Sectors",all_sectors; utility_scale for solar,0.004189,TWh,4.189,Million Kilowatthours,WYETPUS,reported,MER_June_2026,eia-mer-table-7.2a.csv
DS-EIA-MER-7.2A,SRC-EIA-MER-7.2A,historical,,,,United States,USA,country,1986,electricity_generation,wood,"Electricity Net Generation From Wood, All Sectors",all_sectors; utility_scale for solar,0.491509,TWh,491.509,Million Kilowatthours,WDETPUS,reported,MER_June_2026,eia-mer-table-7.2a.csv
DS-EIA-MER-7.2A,SRC-EIA-MER-7.2A,historical,,,,United States,USA,country,1987,electricity_generation,coal,"Electricity Net Generation From Coal, All Sectors",all_sectors; utility_scale for solar,1463.781289,TWh,1463781.289,Million Kilowatthours,CLETPUS,reported,MER_June_2026,eia-mer-table-7.2a.csv
DS-EIA-MER-7.2A,SRC-EIA-MER-7.2A,historical,,,,United States,USA,country,1987,electricity_generation,geothermal,"Electricity Net Generation From Geothermal, All Sectors",all_sectors; utility_scale for solar,10.775461,TWh,10775.461,Million Kilowatthours,GEETPUS,reported,MER_June_2026,eia-mer-table-7.2a.csv
DS-EIA-MER-7.2A,SRC-EIA-MER-7.2A,historical,,,,United States,USA,country,1987,electricity_generation,hydropower,"Electricity Net Generation From Conventional Hydroelectric Power, All Sectors",all_sectors; utility_scale for solar,252.856093,TWh,252856.093,Million Kilowatthours,HVETPUS,reported,MER_June_2026,eia-mer-table-7.2a.csv
DS-EIA-MER-7.2A,SRC-EIA-MER-7.2A,historical,,,,United States,USA,country,1987,electricity_generation,natural_gas,"Electricity Net Generation From Natural Gas, All Sectors",all_sectors; utility_scale for solar,272.620803,TWh,272620.803,Million Kilowatthours,NGETPUS,reported,MER_June_2026,eia-mer-table-7.2a.csv
DS-EIA-MER-7.2A,SRC-EIA-MER-7.2A,historical,,,,United States,USA,country,1987,electricity_generation,nuclear,"Electricity Net Generation From Nuclear Electric Power, All Sectors",all_sectors; utility_scale for solar,455.270382,TWh,455270.382,Million Kilowatthours,NUETPUS,reported,MER_June_2026,eia-mer-table-7.2a.csv
DS-EIA-MER-7.2A,SRC-EIA-MER-7.2A,historical,,,,United States,USA,country,1987,electricity_generation,petroleum,"Electricity Net Generation From Petroleum, All Sectors",all_sectors; utility_scale for solar,118.492571,TWh,118492.571,Million Kilowatthours,PAETPUS,reported,MER_June_2026,eia-mer-table-7.2a.csv
DS-EIA-MER-7.2A,SRC-EIA-MER-7.2A,historical,,,,United States,USA,country,1987,electricity_generation,solar_utility_scale,"Electricity Net Generation From Solar, All Sectors",all_sectors; utility_scale for solar,0.010497,TWh,10.497,Million Kilowatthours,SOETPUS,reported,MER_June_2026,eia-mer-table-7.2a.csv
DS-EIA-MER-7.2A,SRC-EIA-MER-7.2A,historical,,,,United States,USA,country,1987,electricity_generation,total,"Electricity Net Generation Total (including from sources not shown), All Sectors",all_sectors; utility_scale for solar,2575.287667,TWh,2575287.667,Million Kilowatthours,ELETPUS,reported,MER_June_2026,eia-mer-table-7.2a.csv
DS-EIA-MER-7.2A,SRC-EIA-MER-7.2A,historical,,,,United States,USA,country,1987,electricity_generation,waste,"Electricity Net Generation From Waste, All Sectors",all_sectors; utility_scale for solar,0.693941,TWh,693.941,Million Kilowatthours,WSETPUS,reported,MER_June_2026,eia-mer-table-7.2a.csv
DS-EIA-MER-7.2A,SRC-EIA-MER-7.2A,historical,,,,United States,USA,country,1987,electricity_generation,wind,"Electricity Net Generation From Wind, All Sectors",all_sectors; utility_scale for solar,0.003541,TWh,3.541,Million Kilowatthours,WYETPUS,reported,MER_June_2026,eia-mer-table-7.2a.csv
DS-EIA-MER-7.2A,SRC-EIA-MER-7.2A,historical,,,,United States,USA,country,1987,electricity_generation,wood,"Electricity Net Generation From Wood, All Sectors",all_sectors; utility_scale for solar,0.783088,TWh,783.088,Million Kilowatthours,WDETPUS,reported,MER_June_2026,eia-mer-table-7.2a.csv
DS-EIA-MER-7.2A,SRC-EIA-MER-7.2A,historical,,,,United States,USA,country,1988,electricity_generation,coal,"Electricity Net Generation From Coal, All Sectors",all_sectors; utility_scale for solar,1540.652774,TWh,1540652.774,Million Kilowatthours,CLETPUS,reported,MER_June_2026,eia-mer-table-7.2a.csv
DS-EIA-MER-7.2A,SRC-EIA-MER-7.2A,historical,,,,United States,USA,country,1988,electricity_generation,geothermal,"Electricity Net Generation From Geothermal, All Sectors",all_sectors; utility_scale for solar,10.300079,TWh,10300.079,Million Kilowatthours,GEETPUS,reported,MER_June_2026,eia-mer-table-7.2a.csv
DS-EIA-MER-7.2A,SRC-EIA-MER-7.2A,historical,,,,United States,USA,country,1988,electricity_generation,hydropower,"Electricity Net Generation From Conventional Hydroelectric Power, All Sectors",all_sectors; utility_scale for solar,226.100803,TWh,226100.803,Million Kilowatthours,HVETPUS,reported,MER_June_2026,eia-mer-table-7.2a.csv
DS-EIA-MER-7.2A,SRC-EIA-MER-7.2A,historical,,,,United States,USA,country,1988,electricity_generation,natural_gas,"Electricity Net Generation From Natural Gas, All Sectors",all_sectors; utility_scale for solar,252.800704,TWh,252800.704,Million Kilowatthours,NGETPUS,reported,MER_June_2026,eia-mer-table-7.2a.csv
DS-EIA-MER-7.2A,SRC-EIA-MER-7.2A,historical,,,,United States,USA,country,1988,electricity_generation,nuclear,"Electricity Net Generation From Nuclear Electric Power, All Sectors",all_sectors; utility_scale for solar,526.973047,TWh,526973.047,Million Kilowatthours,NUETPUS,reported,MER_June_2026,eia-mer-table-7.2a.csv
DS-EIA-MER-7.2A,SRC-EIA-MER-7.2A,historical,,,,United States,USA,country,1988,electricity_generation,petroleum,"Electricity Net Generation From Petroleum, All Sectors",all_sectors; utility_scale for solar,148.899561,TWh,148899.561,Million Kilowatthours,PAETPUS,reported,MER_June_2026,eia-mer-table-7.2a.csv
DS-EIA-MER-7.2A,SRC-EIA-MER-7.2A,historical,,,,United States,USA,country,1988,electricity_generation,solar_utility_scale,"Electricity Net Generation From Solar, All Sectors",all_sectors; utility_scale for solar,0.009094,TWh,9.094,Million Kilowatthours,SOETPUS,reported,MER_June_2026,eia-mer-table-7.2a.csv
DS-EIA-MER-7.2A,SRC-EIA-MER-7.2A,historical,,,,United States,USA,country,1988,electricity_generation,total,"Electricity Net Generation Total (including from sources not shown), All Sectors",all_sectors; utility_scale for solar,2707.411178,TWh,2707411.178,Million Kilowatthours,ELETPUS,reported,MER_June_2026,eia-mer-table-7.2a.csv
DS-EIA-MER-7.2A,SRC-EIA-MER-7.2A,historical,,,,United States,USA,country,1988,electricity_generation,waste,"Electricity Net Generation From Waste, All Sectors",all_sectors; utility_scale for solar,0.738258,TWh,738.258,Million Kilowatthours,WSETPUS,reported,MER_June_2026,eia-mer-table-7.2a.csv
DS-EIA-MER-7.2A,SRC-EIA-MER-7.2A,historical,,,,United States,USA,country,1988,electricity_generation,wind,"Electricity Net Generation From Wind, All Sectors",all_sectors; utility_scale for solar,0.000871,TWh,0.871,Million Kilowatthours,WYETPUS,reported,MER_June_2026,eia-mer-table-7.2a.csv
DS-EIA-MER-7.2A,SRC-EIA-MER-7.2A,historical,,,,United States,USA,country,1988,electricity_generation,wood,"Electricity Net Generation From Wood, All Sectors",all_sectors; utility_scale for solar,0.935986,TWh,935.986,Million Kilowatthours,WDETPUS,reported,MER_June_2026,eia-mer-table-7.2a.csv
DS-EIA-MER-7.2A,SRC-EIA-MER-7.2A,historical,,,,United States,USA,country,1989,electricity_generation,coal,"Electricity Net Generation From Coal, All Sectors",all_sectors; utility_scale for solar,1583.779139,TWh,1583779.139,Million Kilowatthours,CLETPUS,reported,MER_June_2026,eia-mer-table-7.2a.csv
DS-EIA-MER-7.2A,SRC-EIA-MER-7.2A,historical,,,,United States,USA,country,1989,electricity_generation,geothermal,"Electricity Net Generation From Geothermal, All Sectors",all_sectors; utility_scale for solar,14.593443,TWh,14593.443,Million Kilowatthours,GEETPUS,reported,MER_June_2026,eia-mer-table-7.2a.csv
DS-EIA-MER-7.2A,SRC-EIA-MER-7.2A,historical,,,,United States,USA,country,1989,electricity_generation,hydropower,"Electricity Net Generation From Conventional Hydroelectric Power, All Sectors",all_sectors; utility_scale for solar,271.976936,TWh,271976.936,Million Kilowatthours,HVETPUS,reported,MER_June_2026,eia-mer-table-7.2a.csv
DS-EIA-MER-7.2A,SRC-EIA-MER-7.2A,historical,,,,United States,USA,country,1989,electricity_generation,natural_gas,"Electricity Net Generation From Natural Gas, All Sectors",all_sectors; utility_scale for solar,352.628866,TWh,352628.866,Million Kilowatthours,NGETPUS,reported,MER_June_2026,eia-mer-table-7.2a.csv
DS-EIA-MER-7.2A,SRC-EIA-MER-7.2A,historical,,,,United States,USA,country,1989,electricity_generation,nuclear,"Electricity Net Generation From Nuclear Electric Power, All Sectors",all_sectors; utility_scale for solar,529.354717,TWh,529354.717,Million Kilowatthours,NUETPUS,reported,MER_June_2026,eia-mer-table-7.2a.csv
DS-EIA-MER-7.2A,SRC-EIA-MER-7.2A,historical,,,,United States,USA,country,1989,electricity_generation,other_fossil_gases,"Electricity Net Generation From Other Fossil Gases, All Sectors",all_sectors; utility_scale for solar,7.862418,TWh,7862.418,Million Kilowatthours,OJETPUS,reported,MER_June_2026,eia-mer-table-7.2a.csv
DS-EIA-MER-7.2A,SRC-EIA-MER-7.2A,historical,,,,United States,USA,country,1989,electricity_generation,petroleum,"Electricity Net Generation From Petroleum, All Sectors",all_sectors; utility_scale for solar,164.35852,TWh,164358.52,Million Kilowatthours,PAETPUS,reported,MER_June_2026,eia-mer-table-7.2a.csv
DS-EIA-MER-7.2A,SRC-EIA-MER-7.2A,historical,,,,United States,USA,country,1989,electricity_generation,solar_utility_scale,"Electricity Net Generation From Solar, All Sectors",all_sectors; utility_scale for solar,0.250601,TWh,250.601,Million Kilowatthours,SOETPUS,reported,MER_June_2026,eia-mer-table-7.2a.csv
DS-EIA-MER-7.2A,SRC-EIA-MER-7.2A,historical,,,,United States,USA,country,1989,electricity_generation,total,"Electricity Net Generation Total (including from sources not shown), All Sectors",all_sectors; utility_scale for solar,2967.146087,TWh,2967146.087,Million Kilowatthours,ELETPUS,reported,MER_June_2026,eia-mer-table-7.2a.csv
DS-EIA-MER-7.2A,SRC-EIA-MER-7.2A,historical,,,,United States,USA,country,1989,electricity_generation,waste,"Electricity Net Generation From Waste, All Sectors",all_sectors; utility_scale for solar,9.162887,TWh,9162.887,Million Kilowatthours,WSETPUS,reported,MER_June_2026,eia-mer-table-7.2a.csv
DS-EIA-MER-7.2A,SRC-EIA-MER-7.2A,historical,,,,United States,USA,country,1989,electricity_generation,wind,"Electricity Net Generation From Wind, All Sectors",all_sectors; utility_scale for solar,2.112043,TWh,2112.043,Million Kilowatthours,WYETPUS,reported,MER_June_2026,eia-mer-table-7.2a.csv
DS-EIA-MER-7.2A,SRC-EIA-MER-7.2A,historical,,,,United States,USA,country,1989,electricity_generation,wood,"Electricity Net Generation From Wood, All Sectors",all_sectors; utility_scale for solar,27.236668,TWh,27236.668,Million Kilowatthours,WDETPUS,reported,MER_June_2026,eia-mer-table-7.2a.csv
DS-EIA-MER-7.2A,SRC-EIA-MER-7.2A,historical,,,,United States,USA,country,1990,electricity_generation,coal,"Electricity Net Generation From Coal, All Sectors",all_sectors; utility_scale for solar,1594.011479,TWh,1594011.479,Million Kilowatthours,CLETPUS,reported,MER_June_2026,eia-mer-table-7.2a.csv
DS-EIA-MER-7.2A,SRC-EIA-MER-7.2A,historical,,,,United States,USA,country,1990,electricity_generation,geothermal,"Electricity Net Generation From Geothermal, All Sectors",all_sectors; utility_scale for solar,15.434271,TWh,15434.271,Million Kilowatthours,GEETPUS,reported,MER_June_2026,eia-mer-table-7.2a.csv
DS-EIA-MER-7.2A,SRC-EIA-MER-7.2A,historical,,,,United States,USA,country,1990,electricity_generation,hydropower,"Electricity Net Generation From Conventional Hydroelectric Power, All Sectors",all_sectors; utility_scale for solar,292.865846,TWh,292865.846,Million Kilowatthours,HVETPUS,reported,MER_June_2026,eia-mer-table-7.2a.csv
DS-EIA-MER-7.2A,SRC-EIA-MER-7.2A,historical,,,,United States,USA,country,1990,electricity_generation,natural_gas,"Electricity Net Generation From Natural Gas, All Sectors",all_sectors; utility_scale for solar,372.765154,TWh,372765.154,Million Kilowatthours,NGETPUS,reported,MER_June_2026,eia-mer-table-7.2a.csv
DS-EIA-MER-7.2A,SRC-EIA-MER-7.2A,historical,,,,United States,USA,country,1990,electricity_generation,nuclear,"Electricity Net Generation From Nuclear Electric Power, All Sectors",all_sectors; utility_scale for solar,576.861678,TWh,576861.678,Million Kilowatthours,NUETPUS,reported,MER_June_2026,eia-mer-table-7.2a.csv
DS-EIA-MER-7.2A,SRC-EIA-MER-7.2A,historical,,,,United States,USA,country,1990,electricity_generation,other_fossil_gases,"Electricity Net Generation From Other Fossil Gases, All Sectors",all_sectors; utility_scale for solar,10.38283,TWh,10382.83,Million Kilowatthours,OJETPUS,reported,MER_June_2026,eia-mer-table-7.2a.csv
DS-EIA-MER-7.2A,SRC-EIA-MER-7.2A,historical,,,,United States,USA,country,1990,electricity_generation,petroleum,"Electricity Net Generation From Petroleum, All Sectors",all_sectors; utility_scale for solar,126.460202,TWh,126460.202,Million Kilowatthours,PAETPUS,reported,MER_June_2026,eia-mer-table-7.2a.csv
DS-EIA-MER-7.2A,SRC-EIA-MER-7.2A,historical,,,,United States,USA,country,1990,electricity_generation,solar_utility_scale,"Electricity Net Generation From Solar, All Sectors",all_sectors; utility_scale for solar,0.367087,TWh,367.087,Million Kilowatthours,SOETPUS,reported,MER_June_2026,eia-mer-table-7.2a.csv
DS-EIA-MER-7.2A,SRC-EIA-MER-7.2A,historical,,,,United States,USA,country,1990,electricity_generation,total,"Electricity Net Generation Total (including from sources not shown), All Sectors",all_sectors; utility_scale for solar,3037.827337,TWh,3037827.337,Million Kilowatthours,ELETPUS,reported,MER_June_2026,eia-mer-table-7.2a.csv
DS-EIA-MER-7.2A,SRC-EIA-MER-7.2A,historical,,,,United States,USA,country,1990,electricity_generation,waste,"Electricity Net Generation From Waste, All Sectors",all_sectors; utility_scale for solar,13.260379,TWh,13260.379,Million Kilowatthours,WSETPUS,reported,MER_June_2026,eia-mer-table-7.2a.csv
DS-EIA-MER-7.2A,SRC-EIA-MER-7.2A,historical,,,,United States,USA,country,1990,electricity_generation,wind,"Electricity Net Generation From Wind, All Sectors",all_sectors; utility_scale for solar,2.7886,TWh,2788.6,Million Kilowatthours,WYETPUS,reported,MER_June_2026,eia-mer-table-7.2a.csv
DS-EIA-MER-7.2A,SRC-EIA-MER-7.2A,historical,,,,United States,USA,country,1990,electricity_generation,wood,"Electricity Net Generation From Wood, All Sectors",all_sectors; utility_scale for solar,32.521889,TWh,32521.889,Million Kilowatthours,WDETPUS,reported,MER_June_2026,eia-mer-table-7.2a.csv
DS-EIA-MER-7.2A,SRC-EIA-MER-7.2A,historical,,,,United States,USA,country,1990,storage_net_generation,pumped_hydro_storage,"Electricity Net Generation From Hydroelectric Pumped Storage, All Sectors",all_sectors; utility_scale for solar,-3.507741,TWh,-3507.741,Million Kilowatthours,HPETPUS,reported,MER_June_2026,eia-mer-table-7.2a.csv
DS-EIA-MER-7.2A,SRC-EIA-MER-7.2A,historical,,,,United States,USA,country,1991,electricity_generation,coal,"Electricity Net Generation From Coal, All Sectors",all_sectors; utility_scale for solar,1590.622748,TWh,1590622.748,Million Kilowatthours,CLETPUS,reported,MER_June_2026,eia-mer-table-7.2a.csv
DS-EIA-MER-7.2A,SRC-EIA-MER-7.2A,historical,,,,United States,USA,country,1991,electricity_generation,geothermal,"Electricity Net Generation From Geothermal, All Sectors",all_sectors; utility_scale for solar,15.966444,TWh,15966.444,Million Kilowatthours,GEETPUS,reported,MER_June_2026,eia-mer-table-7.2a.csv
DS-EIA-MER-7.2A,SRC-EIA-MER-7.2A,historical,,,,United States,USA,country,1991,electricity_generation,hydropower,"Electricity Net Generation From Conventional Hydroelectric Power, All Sectors",all_sectors; utility_scale for solar,288.994189,TWh,288994.189,Million Kilowatthours,HVETPUS,reported,MER_June_2026,eia-mer-table-7.2a.csv
DS-EIA-MER-7.2A,SRC-EIA-MER-7.2A,historical,,,,United States,USA,country,1991,electricity_generation,natural_gas,"Electricity Net Generation From Natural Gas, All Sectors",all_sectors; utility_scale for solar,381.553017,TWh,381553.017,Million Kilowatthours,NGETPUS,reported,MER_June_2026,eia-mer-table-7.2a.csv
DS-EIA-MER-7.2A,SRC-EIA-MER-7.2A,historical,,,,United States,USA,country,1991,electricity_generation,nuclear,"Electricity Net Generation From Nuclear Electric Power, All Sectors",all_sectors; utility_scale for solar,612.565087,TWh,612565.087,Million Kilowatthours,NUETPUS,reported,MER_June_2026,eia-mer-table-7.2a.csv
DS-EIA-MER-7.2A,SRC-EIA-MER-7.2A,historical,,,,United States,USA,country,1991,electricity_generation,other_fossil_gases,"Electricity Net Generation From Other Fossil Gases, All Sectors",all_sectors; utility_scale for solar,11.335593,TWh,11335.593,Million Kilowatthours,OJETPUS,reported,MER_June_2026,eia-mer-table-7.2a.csv
DS-EIA-MER-7.2A,SRC-EIA-MER-7.2A,historical,,,,United States,USA,country,1991,electricity_generation,petroleum,"Electricity Net Generation From Petroleum, All Sectors",all_sectors; utility_scale for solar,119.751573,TWh,119751.573,Million Kilowatthours,PAETPUS,reported,MER_June_2026,eia-mer-table-7.2a.csv
DS-EIA-MER-7.2A,SRC-EIA-MER-7.2A,historical,,,,United States,USA,country,1991,electricity_generation,solar_utility_scale,"Electricity Net Generation From Solar, All Sectors",all_sectors; utility_scale for solar,0.471765,TWh,471.765,Million Kilowatthours,SOETPUS,reported,MER_June_2026,eia-mer-table-7.2a.csv
DS-EIA-MER-7.2A,SRC-EIA-MER-7.2A,historical,,,,United States,USA,country,1991,electricity_generation,total,"Electricity Net Generation Total (including from sources not shown), All Sectors",all_sectors; utility_scale for solar,3073.798885,TWh,3073798.885,Million Kilowatthours,ELETPUS,reported,MER_June_2026,eia-mer-table-7.2a.csv
DS-EIA-MER-7.2A,SRC-EIA-MER-7.2A,historical,,,,United States,USA,country,1991,electricity_generation,waste,"Electricity Net Generation From Waste, All Sectors",all_sectors; utility_scale for solar,15.664746,TWh,15664.746,Million Kilowatthours,WSETPUS,reported,MER_June_2026,eia-mer-table-7.2a.csv
DS-EIA-MER-7.2A,SRC-EIA-MER-7.2A,historical,,,,United States,USA,country,1991,electricity_generation,wind,"Electricity Net Generation From Wind, All Sectors",all_sectors; utility_scale for solar,2.950951,TWh,2950.951,Million Kilowatthours,WYETPUS,reported,MER_June_2026,eia-mer-table-7.2a.csv
DS-EIA-MER-7.2A,SRC-EIA-MER-7.2A,historical,,,,United States,USA,country,1991,electricity_generation,wood,"Electricity Net Generation From Wood, All Sectors",all_sectors; utility_scale for solar,33.725358,TWh,33725.358,Million Kilowatthours,WDETPUS,reported,MER_June_2026,eia-mer-table-7.2a.csv
DS-EIA-MER-7.2A,SRC-EIA-MER-7.2A,historical,,,,United States,USA,country,1991,storage_net_generation,pumped_hydro_storage,"Electricity Net Generation From Hydroelectric Pumped Storage, All Sectors",all_sectors; utility_scale for solar,-4.541435,TWh,-4541.435,Million Kilowatthours,HPETPUS,reported,MER_June_2026,eia-mer-table-7.2a.csv
DS-EIA-MER-7.2A,SRC-EIA-MER-7.2A,historical,,,,United States,USA,country,1992,electricity_generation,coal,"Electricity Net Generation From Coal, All Sectors",all_sectors; utility_scale for solar,1621.206039,TWh,1621206.039,Million Kilowatthours,CLETPUS,reported,MER_June_2026,eia-mer-table-7.2a.csv
DS-EIA-MER-7.2A,SRC-EIA-MER-7.2A,historical,,,,United States,USA,country,1992,electricity_generation,geothermal,"Electricity Net Generation From Geothermal, All Sectors",all_sectors; utility_scale for solar,16.137962,TWh,16137.962,Million Kilowatthours,GEETPUS,reported,MER_June_2026,eia-mer-table-7.2a.csv
DS-EIA-MER-7.2A,SRC-EIA-MER-7.2A,historical,,,,United States,USA,country,1992,electricity_generation,hydropower,"Electricity Net Generation From Conventional Hydroelectric Power, All Sectors",all_sectors; utility_scale for solar,253.088003,TWh,253088.003,Million Kilowatthours,HVETPUS,reported,MER_June_2026,eia-mer-table-7.2a.csv
DS-EIA-MER-7.2A,SRC-EIA-MER-7.2A,historical,,,,United States,USA,country,1992,electricity_generation,natural_gas,"Electricity Net Generation From Natural Gas, All Sectors",all_sectors; utility_scale for solar,404.074372,TWh,404074.372,Million Kilowatthours,NGETPUS,reported,MER_June_2026,eia-mer-table-7.2a.csv
DS-EIA-MER-7.2A,SRC-EIA-MER-7.2A,historical,,,,United States,USA,country,1992,electricity_generation,nuclear,"Electricity Net Generation From Nuclear Electric Power, All Sectors",all_sectors; utility_scale for solar,618.776263,TWh,618776.263,Million Kilowatthours,NUETPUS,reported,MER_June_2026,eia-mer-table-7.2a.csv
DS-EIA-MER-7.2A,SRC-EIA-MER-7.2A,historical,,,,United States,USA,country,1992,electricity_generation,other_fossil_gases,"Electricity Net Generation From Other Fossil Gases, All Sectors",all_sectors; utility_scale for solar,13.270237,TWh,13270.237,Million Kilowatthours,OJETPUS,reported,MER_June_2026,eia-mer-table-7.2a.csv
DS-EIA-MER-7.2A,SRC-EIA-MER-7.2A,historical,,,,United States,USA,country,1992,electricity_generation,petroleum,"Electricity Net Generation From Petroleum, All Sectors",all_sectors; utility_scale for solar,100.154163,TWh,100154.163,Million Kilowatthours,PAETPUS,reported,MER_June_2026,eia-mer-table-7.2a.csv
DS-EIA-MER-7.2A,SRC-EIA-MER-7.2A,historical,,,,United States,USA,country,1992,electricity_generation,solar_utility_scale,"Electricity Net Generation From Solar, All Sectors",all_sectors; utility_scale for solar,0.39964,TWh,399.64,Million Kilowatthours,SOETPUS,reported,MER_June_2026,eia-mer-table-7.2a.csv
DS-EIA-MER-7.2A,SRC-EIA-MER-7.2A,historical,,,,United States,USA,country,1992,electricity_generation,total,"Electricity Net Generation Total (including from sources not shown), All Sectors",all_sectors; utility_scale for solar,3083.882204,TWh,3083882.204,Million Kilowatthours,ELETPUS,reported,MER_June_2026,eia-mer-table-7.2a.csv
DS-EIA-MER-7.2A,SRC-EIA-MER-7.2A,historical,,,,United States,USA,country,1992,electricity_generation,waste,"Electricity Net Generation From Waste, All Sectors",all_sectors; utility_scale for solar,17.816035,TWh,17816.035,Million Kilowatthours,WSETPUS,reported,MER_June_2026,eia-mer-table-7.2a.csv
DS-EIA-MER-7.2A,SRC-EIA-MER-7.2A,historical,,,,United States,USA,country,1992,electricity_generation,wind,"Electricity Net Generation From Wind, All Sectors",all_sectors; utility_scale for solar,2.887523,TWh,2887.523,Million Kilowatthours,WYETPUS,reported,MER_June_2026,eia-mer-table-7.2a.csv
DS-EIA-MER-7.2A,SRC-EIA-MER-7.2A,historical,,,,United States,USA,country,1992,electricity_generation,wood,"Electricity Net Generation From Wood, All Sectors",all_sectors; utility_scale for solar,36.528662,TWh,36528.662,Million Kilowatthours,WDETPUS,reported,MER_June_2026,eia-mer-table-7.2a.csv
DS-EIA-MER-7.2A,SRC-EIA-MER-7.2A,historical,,,,United States,USA,country,1992,storage_net_generation,pumped_hydro_storage,"Electricity Net Generation From Hydroelectric Pumped Storage, All Sectors",all_sectors; utility_scale for solar,-4.176582,TWh,-4176.582,Million Kilowatthours,HPETPUS,reported,MER_June_2026,eia-mer-table-7.2a.csv
DS-EIA-MER-7.2A,SRC-EIA-MER-7.2A,historical,,,,United States,USA,country,1993,electricity_generation,coal,"Electricity Net Generation From Coal, All Sectors",all_sectors; utility_scale for solar,1690.070232,TWh,1690070.232,Million Kilowatthours,CLETPUS,reported,MER_June_2026,eia-mer-table-7.2a.csv
DS-EIA-MER-7.2A,SRC-EIA-MER-7.2A,historical,,,,United States,USA,country,1993,electricity_generation,geothermal,"Electricity Net Generation From Geothermal, All Sectors",all_sectors; utility_scale for solar,16.788565,TWh,16788.565,Million Kilowatthours,GEETPUS,reported,MER_June_2026,eia-mer-table-7.2a.csv
DS-EIA-MER-7.2A,SRC-EIA-MER-7.2A,historical,,,,United States,USA,country,1993,electricity_generation,hydropower,"Electricity Net Generation From Conventional Hydroelectric Power, All Sectors",all_sectors; utility_scale for solar,280.494008,TWh,280494.008,Million Kilowatthours,HVETPUS,reported,MER_June_2026,eia-mer-table-7.2a.csv
DS-EIA-MER-7.2A,SRC-EIA-MER-7.2A,historical,,,,United States,USA,country,1993,electricity_generation,natural_gas,"Electricity Net Generation From Natural Gas, All Sectors",all_sectors; utility_scale for solar,414.926798,TWh,414926.798,Million Kilowatthours,NGETPUS,reported,MER_June_2026,eia-mer-table-7.2a.csv
DS-EIA-MER-7.2A,SRC-EIA-MER-7.2A,historical,,,,United States,USA,country,1993,electricity_generation,nuclear,"Electricity Net Generation From Nuclear Electric Power, All Sectors",all_sectors; utility_scale for solar,610.291214,TWh,610291.214,Million Kilowatthours,NUETPUS,reported,MER_June_2026,eia-mer-table-7.2a.csv
DS-EIA-MER-7.2A,SRC-EIA-MER-7.2A,historical,,,,United States,USA,country,1993,electricity_generation,other_fossil_gases,"Electricity Net Generation From Other Fossil Gases, All Sectors",all_sectors; utility_scale for solar,12.955798,TWh,12955.798,Million Kilowatthours,OJETPUS,reported,MER_June_2026,eia-mer-table-7.2a.csv
DS-EIA-MER-7.2A,SRC-EIA-MER-7.2A,historical,,,,United States,USA,country,1993,electricity_generation,petroleum,"Electricity Net Generation From Petroleum, All Sectors",all_sectors; utility_scale for solar,112.78818,TWh,112788.18,Million Kilowatthours,PAETPUS,reported,MER_June_2026,eia-mer-table-7.2a.csv
DS-EIA-MER-7.2A,SRC-EIA-MER-7.2A,historical,,,,United States,USA,country,1993,electricity_generation,solar_utility_scale,"Electricity Net Generation From Solar, All Sectors",all_sectors; utility_scale for solar,0.462452,TWh,462.452,Million Kilowatthours,SOETPUS,reported,MER_June_2026,eia-mer-table-7.2a.csv
DS-EIA-MER-7.2A,SRC-EIA-MER-7.2A,historical,,,,United States,USA,country,1993,electricity_generation,total,"Electricity Net Generation Total (including from sources not shown), All Sectors",all_sectors; utility_scale for solar,3197.191096,TWh,3197191.096,Million Kilowatthours,ELETPUS,reported,MER_June_2026,eia-mer-table-7.2a.csv
DS-EIA-MER-7.2A,SRC-EIA-MER-7.2A,historical,,,,United States,USA,country,1993,electricity_generation,waste,"Electricity Net Generation From Waste, All Sectors",all_sectors; utility_scale for solar,18.333031,TWh,18333.031,Million Kilowatthours,WSETPUS,reported,MER_June_2026,eia-mer-table-7.2a.csv
DS-EIA-MER-7.2A,SRC-EIA-MER-7.2A,historical,,,,United States,USA,country,1993,electricity_generation,wind,"Electricity Net Generation From Wind, All Sectors",all_sectors; utility_scale for solar,3.005827,TWh,3005.827,Million Kilowatthours,WYETPUS,reported,MER_June_2026,eia-mer-table-7.2a.csv
DS-EIA-MER-7.2A,SRC-EIA-MER-7.2A,historical,,,,United States,USA,country,1993,electricity_generation,wood,"Electricity Net Generation From Wood, All Sectors",all_sectors; utility_scale for solar,37.623407,TWh,37623.407,Million Kilowatthours,WDETPUS,reported,MER_June_2026,eia-mer-table-7.2a.csv
DS-EIA-MER-7.2A,SRC-EIA-MER-7.2A,historical,,,,United States,USA,country,1993,storage_net_generation,pumped_hydro_storage,"Electricity Net Generation From Hydroelectric Pumped Storage, All Sectors",all_sectors; utility_scale for solar,-4.035572,TWh,-4035.572,Million Kilowatthours,HPETPUS,reported,MER_June_2026,eia-mer-table-7.2a.csv
DS-EIA-MER-7.2A,SRC-EIA-MER-7.2A,historical,,,,United States,USA,country,1994,electricity_generation,coal,"Electricity Net Generation From Coal, All Sectors",all_sectors; utility_scale for solar,1690.693864,TWh,1690693.864,Million Kilowatthours,CLETPUS,reported,MER_June_2026,eia-mer-table-7.2a.csv
DS-EIA-MER-7.2A,SRC-EIA-MER-7.2A,historical,,,,United States,USA,country,1994,electricity_generation,geothermal,"Electricity Net Generation From Geothermal, All Sectors",all_sectors; utility_scale for solar,15.535453,TWh,15535.453,Million Kilowatthours,GEETPUS,reported,MER_June_2026,eia-mer-table-7.2a.csv
DS-EIA-MER-7.2A,SRC-EIA-MER-7.2A,historical,,,,United States,USA,country,1994,electricity_generation,hydropower,"Electricity Net Generation From Conventional Hydroelectric Power, All Sectors",all_sectors; utility_scale for solar,260.125733,TWh,260125.733,Million Kilowatthours,HVETPUS,reported,MER_June_2026,eia-mer-table-7.2a.csv
DS-EIA-MER-7.2A,SRC-EIA-MER-7.2A,historical,,,,United States,USA,country,1994,electricity_generation,natural_gas,"Electricity Net Generation From Natural Gas, All Sectors",all_sectors; utility_scale for solar,460.218682,TWh,460218.682,Million Kilowatthours,NGETPUS,reported,MER_June_2026,eia-mer-table-7.2a.csv
DS-EIA-MER-7.2A,SRC-EIA-MER-7.2A,historical,,,,United States,USA,country,1994,electricity_generation,nuclear,"Electricity Net Generation From Nuclear Electric Power, All Sectors",all_sectors; utility_scale for solar,640.439832,TWh,640439.832,Million Kilowatthours,NUETPUS,reported,MER_June_2026,eia-mer-table-7.2a.csv
DS-EIA-MER-7.2A,SRC-EIA-MER-7.2A,historical,,,,United States,USA,country,1994,electricity_generation,other_fossil_gases,"Electricity Net Generation From Other Fossil Gases, All Sectors",all_sectors; utility_scale for solar,13.319051,TWh,13319.051,Million Kilowatthours,OJETPUS,reported,MER_June_2026,eia-mer-table-7.2a.csv
DS-EIA-MER-7.2A,SRC-EIA-MER-7.2A,historical,,,,United States,USA,country,1994,electricity_generation,petroleum,"Electricity Net Generation From Petroleum, All Sectors",all_sectors; utility_scale for solar,105.900983,TWh,105900.983,Million Kilowatthours,PAETPUS,reported,MER_June_2026,eia-mer-table-7.2a.csv
DS-EIA-MER-7.2A,SRC-EIA-MER-7.2A,historical,,,,United States,USA,country,1994,electricity_generation,solar_utility_scale,"Electricity Net Generation From Solar, All Sectors",all_sectors; utility_scale for solar,0.486622,TWh,486.622,Million Kilowatthours,SOETPUS,reported,MER_June_2026,eia-mer-table-7.2a.csv
DS-EIA-MER-7.2A,SRC-EIA-MER-7.2A,historical,,,,United States,USA,country,1994,electricity_generation,total,"Electricity Net Generation Total (including from sources not shown), All Sectors",all_sectors; utility_scale for solar,3247.522388,TWh,3247522.388,Million Kilowatthours,ELETPUS,reported,MER_June_2026,eia-mer-table-7.2a.csv
DS-EIA-MER-7.2A,SRC-EIA-MER-7.2A,historical,,,,United States,USA,country,1994,electricity_generation,waste,"Electricity Net Generation From Waste, All Sectors",all_sectors; utility_scale for solar,19.128595,TWh,19128.595,Million Kilowatthours,WSETPUS,reported,MER_June_2026,eia-mer-table-7.2a.csv
DS-EIA-MER-7.2A,SRC-EIA-MER-7.2A,historical,,,,United States,USA,country,1994,electricity_generation,wind,"Electricity Net Generation From Wind, All Sectors",all_sectors; utility_scale for solar,3.447109,TWh,3447.109,Million Kilowatthours,WYETPUS,reported,MER_June_2026,eia-mer-table-7.2a.csv
DS-EIA-MER-7.2A,SRC-EIA-MER-7.2A,historical,,,,United States,USA,country,1994,electricity_generation,wood,"Electricity Net Generation From Wood, All Sectors",all_sectors; utility_scale for solar,37.937364,TWh,37937.364,Million Kilowatthours,WDETPUS,reported,MER_June_2026,eia-mer-table-7.2a.csv
DS-EIA-MER-7.2A,SRC-EIA-MER-7.2A,historical,,,,United States,USA,country,1994,storage_net_generation,pumped_hydro_storage,"Electricity Net Generation From Hydroelectric Pumped Storage, All Sectors",all_sectors; utility_scale for solar,-3.377825,TWh,-3377.825,Million Kilowatthours,HPETPUS,reported,MER_June_2026,eia-mer-table-7.2a.csv
DS-EIA-MER-7.2A,SRC-EIA-MER-7.2A,historical,,,,United States,USA,country,1995,electricity_generation,coal,"Electricity Net Generation From Coal, All Sectors",all_sectors; utility_scale for solar,1709.426468,TWh,1709426.468,Million Kilowatthours,CLETPUS,reported,MER_June_2026,eia-mer-table-7.2a.csv
DS-EIA-MER-7.2A,SRC-EIA-MER-7.2A,historical,,,,United States,USA,country,1995,electricity_generation,geothermal,"Electricity Net Generation From Geothermal, All Sectors",all_sectors; utility_scale for solar,13.378258,TWh,13378.258,Million Kilowatthours,GEETPUS,reported,MER_June_2026,eia-mer-table-7.2a.csv
DS-EIA-MER-7.2A,SRC-EIA-MER-7.2A,historical,,,,United States,USA,country,1995,electricity_generation,hydropower,"Electricity Net Generation From Conventional Hydroelectric Power, All Sectors",all_sectors; utility_scale for solar,310.832748,TWh,310832.748,Million Kilowatthours,HVETPUS,reported,MER_June_2026,eia-mer-table-7.2a.csv
DS-EIA-MER-7.2A,SRC-EIA-MER-7.2A,historical,,,,United States,USA,country,1995,electricity_generation,natural_gas,"Electricity Net Generation From Natural Gas, All Sectors",all_sectors; utility_scale for solar,496.057945,TWh,496057.945,Million Kilowatthours,NGETPUS,reported,MER_June_2026,eia-mer-table-7.2a.csv
DS-EIA-MER-7.2A,SRC-EIA-MER-7.2A,historical,,,,United States,USA,country,1995,electricity_generation,nuclear,"Electricity Net Generation From Nuclear Electric Power, All Sectors",all_sectors; utility_scale for solar,673.402123,TWh,673402.123,Million Kilowatthours,NUETPUS,reported,MER_June_2026,eia-mer-table-7.2a.csv
DS-EIA-MER-7.2A,SRC-EIA-MER-7.2A,historical,,,,United States,USA,country,1995,electricity_generation,other_fossil_gases,"Electricity Net Generation From Other Fossil Gases, All Sectors",all_sectors; utility_scale for solar,13.869951,TWh,13869.951,Million Kilowatthours,OJETPUS,reported,MER_June_2026,eia-mer-table-7.2a.csv
DS-EIA-MER-7.2A,SRC-EIA-MER-7.2A,historical,,,,United States,USA,country,1995,electricity_generation,petroleum,"Electricity Net Generation From Petroleum, All Sectors",all_sectors; utility_scale for solar,74.554065,TWh,74554.065,Million Kilowatthours,PAETPUS,reported,MER_June_2026,eia-mer-table-7.2a.csv
DS-EIA-MER-7.2A,SRC-EIA-MER-7.2A,historical,,,,United States,USA,country,1995,electricity_generation,solar_utility_scale,"Electricity Net Generation From Solar, All Sectors",all_sectors; utility_scale for solar,0.496821,TWh,496.821,Million Kilowatthours,SOETPUS,reported,MER_June_2026,eia-mer-table-7.2a.csv
DS-EIA-MER-7.2A,SRC-EIA-MER-7.2A,historical,,,,United States,USA,country,1995,electricity_generation,total,"Electricity Net Generation Total (including from sources not shown), All Sectors",all_sectors; utility_scale for solar,3353.487362,TWh,3353487.362,Million Kilowatthours,ELETPUS,reported,MER_June_2026,eia-mer-table-7.2a.csv
DS-EIA-MER-7.2A,SRC-EIA-MER-7.2A,historical,,,,United States,USA,country,1995,electricity_generation,waste,"Electricity Net Generation From Waste, All Sectors",all_sectors; utility_scale for solar,20.404971,TWh,20404.971,Million Kilowatthours,WSETPUS,reported,MER_June_2026,eia-mer-table-7.2a.csv
DS-EIA-MER-7.2A,SRC-EIA-MER-7.2A,historical,,,,United States,USA,country,1995,electricity_generation,wind,"Electricity Net Generation From Wind, All Sectors",all_sectors; utility_scale for solar,3.164253,TWh,3164.253,Million Kilowatthours,WYETPUS,reported,MER_June_2026,eia-mer-table-7.2a.csv
DS-EIA-MER-7.2A,SRC-EIA-MER-7.2A,historical,,,,United States,USA,country,1995,electricity_generation,wood,"Electricity Net Generation From Wood, All Sectors",all_sectors; utility_scale for solar,36.521082,TWh,36521.082,Million Kilowatthours,WDETPUS,reported,MER_June_2026,eia-mer-table-7.2a.csv
DS-EIA-MER-7.2A,SRC-EIA-MER-7.2A,historical,,,,United States,USA,country,1995,storage_net_generation,pumped_hydro_storage,"Electricity Net Generation From Hydroelectric Pumped Storage, All Sectors",all_sectors; utility_scale for solar,-2.725131,TWh,-2725.131,Million Kilowatthours,HPETPUS,reported,MER_June_2026,eia-mer-table-7.2a.csv
DS-EIA-MER-7.2A,SRC-EIA-MER-7.2A,historical,,,,United States,USA,country,1996,electricity_generation,coal,"Electricity Net Generation From Coal, All Sectors",all_sectors; utility_scale for solar,1795.195593,TWh,1795195.593,Million Kilowatthours,CLETPUS,reported,MER_June_2026,eia-mer-table-7.2a.csv
DS-EIA-MER-7.2A,SRC-EIA-MER-7.2A,historical,,,,United States,USA,country,1996,electricity_generation,geothermal,"Electricity Net Generation From Geothermal, All Sectors",all_sectors; utility_scale for solar,14.328684,TWh,14328.684,Million Kilowatthours,GEETPUS,reported,MER_June_2026,eia-mer-table-7.2a.csv
DS-EIA-MER-7.2A,SRC-EIA-MER-7.2A,historical,,,,United States,USA,country,1996,electricity_generation,hydropower,"Electricity Net Generation From Conventional Hydroelectric Power, All Sectors",all_sectors; utility_scale for solar,347.162063,TWh,347162.063,Million Kilowatthours,HVETPUS,reported,MER_June_2026,eia-mer-table-7.2a.csv
DS-EIA-MER-7.2A,SRC-EIA-MER-7.2A,historical,,,,United States,USA,country,1996,electricity_generation,natural_gas,"Electricity Net Generation From Natural Gas, All Sectors",all_sectors; utility_scale for solar,455.055576,TWh,455055.576,Million Kilowatthours,NGETPUS,reported,MER_June_2026,eia-mer-table-7.2a.csv
DS-EIA-MER-7.2A,SRC-EIA-MER-7.2A,historical,,,,United States,USA,country,1996,electricity_generation,nuclear,"Electricity Net Generation From Nuclear Electric Power, All Sectors",all_sectors; utility_scale for solar,674.728546,TWh,674728.546,Million Kilowatthours,NUETPUS,reported,MER_June_2026,eia-mer-table-7.2a.csv
DS-EIA-MER-7.2A,SRC-EIA-MER-7.2A,historical,,,,United States,USA,country,1996,electricity_generation,other_fossil_gases,"Electricity Net Generation From Other Fossil Gases, All Sectors",all_sectors; utility_scale for solar,14.355813,TWh,14355.813,Million Kilowatthours,OJETPUS,reported,MER_June_2026,eia-mer-table-7.2a.csv
DS-EIA-MER-7.2A,SRC-EIA-MER-7.2A,historical,,,,United States,USA,country,1996,electricity_generation,petroleum,"Electricity Net Generation From Petroleum, All Sectors",all_sectors; utility_scale for solar,81.411225,TWh,81411.225,Million Kilowatthours,PAETPUS,reported,MER_June_2026,eia-mer-table-7.2a.csv
DS-EIA-MER-7.2A,SRC-EIA-MER-7.2A,historical,,,,United States,USA,country,1996,electricity_generation,solar_utility_scale,"Electricity Net Generation From Solar, All Sectors",all_sectors; utility_scale for solar,0.521205,TWh,521.205,Million Kilowatthours,SOETPUS,reported,MER_June_2026,eia-mer-table-7.2a.csv
DS-EIA-MER-7.2A,SRC-EIA-MER-7.2A,historical,,,,United States,USA,country,1996,electricity_generation,total,"Electricity Net Generation Total (including from sources not shown), All Sectors",all_sectors; utility_scale for solar,3444.187621,TWh,3444187.621,Million Kilowatthours,ELETPUS,reported,MER_June_2026,eia-mer-table-7.2a.csv
DS-EIA-MER-7.2A,SRC-EIA-MER-7.2A,historical,,,,United States,USA,country,1996,electricity_generation,waste,"Electricity Net Generation From Waste, All Sectors",all_sectors; utility_scale for solar,20.911336,TWh,20911.336,Million Kilowatthours,WSETPUS,reported,MER_June_2026,eia-mer-table-7.2a.csv
DS-EIA-MER-7.2A,SRC-EIA-MER-7.2A,historical,,,,United States,USA,country,1996,electricity_generation,wind,"Electricity Net Generation From Wind, All Sectors",all_sectors; utility_scale for solar,3.234069,TWh,3234.069,Million Kilowatthours,WYETPUS,reported,MER_June_2026,eia-mer-table-7.2a.csv
DS-EIA-MER-7.2A,SRC-EIA-MER-7.2A,historical,,,,United States,USA,country,1996,electricity_generation,wood,"Electricity Net Generation From Wood, All Sectors",all_sectors; utility_scale for solar,36.80031,TWh,36800.31,Million Kilowatthours,WDETPUS,reported,MER_June_2026,eia-mer-table-7.2a.csv
DS-EIA-MER-7.2A,SRC-EIA-MER-7.2A,historical,,,,United States,USA,country,1996,storage_net_generation,pumped_hydro_storage,"Electricity Net Generation From Hydroelectric Pumped Storage, All Sectors",all_sectors; utility_scale for solar,-3.088078,TWh,-3088.078,Million Kilowatthours,HPETPUS,reported,MER_June_2026,eia-mer-table-7.2a.csv
DS-EIA-MER-7.2A,SRC-EIA-MER-7.2A,historical,,,,United States,USA,country,1997,electricity_generation,coal,"Electricity Net Generation From Coal, All Sectors",all_sectors; utility_scale for solar,1845.015736,TWh,1845015.736,Million Kilowatthours,CLETPUS,reported,MER_June_2026,eia-mer-table-7.2a.csv
DS-EIA-MER-7.2A,SRC-EIA-MER-7.2A,historical,,,,United States,USA,country,1997,electricity_generation,geothermal,"Electricity Net Generation From Geothermal, All Sectors",all_sectors; utility_scale for solar,14.726102,TWh,14726.102,Million Kilowatthours,GEETPUS,reported,MER_June_2026,eia-mer-table-7.2a.csv
DS-EIA-MER-7.2A,SRC-EIA-MER-7.2A,historical,,,,United States,USA,country,1997,electricity_generation,hydropower,"Electricity Net Generation From Conventional Hydroelectric Power, All Sectors",all_sectors; utility_scale for solar,356.453295,TWh,356453.295,Million Kilowatthours,HVETPUS,reported,MER_June_2026,eia-mer-table-7.2a.csv
DS-EIA-MER-7.2A,SRC-EIA-MER-7.2A,historical,,,,United States,USA,country,1997,electricity_generation,natural_gas,"Electricity Net Generation From Natural Gas, All Sectors",all_sectors; utility_scale for solar,479.39867,TWh,479398.67,Million Kilowatthours,NGETPUS,reported,MER_June_2026,eia-mer-table-7.2a.csv
DS-EIA-MER-7.2A,SRC-EIA-MER-7.2A,historical,,,,United States,USA,country,1997,electricity_generation,nuclear,"Electricity Net Generation From Nuclear Electric Power, All Sectors",all_sectors; utility_scale for solar,628.644171,TWh,628644.171,Million Kilowatthours,NUETPUS,reported,MER_June_2026,eia-mer-table-7.2a.csv
DS-EIA-MER-7.2A,SRC-EIA-MER-7.2A,historical,,,,United States,USA,country,1997,electricity_generation,other_fossil_gases,"Electricity Net Generation From Other Fossil Gases, All Sectors",all_sectors; utility_scale for solar,13.350634,TWh,13350.634,Million Kilowatthours,OJETPUS,reported,MER_June_2026,eia-mer-table-7.2a.csv
DS-EIA-MER-7.2A,SRC-EIA-MER-7.2A,historical,,,,United States,USA,country,1997,electricity_generation,petroleum,"Electricity Net Generation From Petroleum, All Sectors",all_sectors; utility_scale for solar,92.554873,TWh,92554.873,Million Kilowatthours,PAETPUS,reported,MER_June_2026,eia-mer-table-7.2a.csv
DS-EIA-MER-7.2A,SRC-EIA-MER-7.2A,historical,,,,United States,USA,country,1997,electricity_generation,solar_utility_scale,"Electricity Net Generation From Solar, All Sectors",all_sectors; utility_scale for solar,0.511168,TWh,511.168,Million Kilowatthours,SOETPUS,reported,MER_June_2026,eia-mer-table-7.2a.csv
DS-EIA-MER-7.2A,SRC-EIA-MER-7.2A,historical,,,,United States,USA,country,1997,electricity_generation,total,"Electricity Net Generation Total (including from sources not shown), All Sectors",all_sectors; utility_scale for solar,3492.172283,TWh,3492172.283,Million Kilowatthours,ELETPUS,reported,MER_June_2026,eia-mer-table-7.2a.csv
DS-EIA-MER-7.2A,SRC-EIA-MER-7.2A,historical,,,,United States,USA,country,1997,electricity_generation,waste,"Electricity Net Generation From Waste, All Sectors",all_sectors; utility_scale for solar,21.709073,TWh,21709.073,Million Kilowatthours,WSETPUS,reported,MER_June_2026,eia-mer-table-7.2a.csv
DS-EIA-MER-7.2A,SRC-EIA-MER-7.2A,historical,,,,United States,USA,country,1997,electricity_generation,wind,"Electricity Net Generation From Wind, All Sectors",all_sectors; utility_scale for solar,3.288035,TWh,3288.035,Million Kilowatthours,WYETPUS,reported,MER_June_2026,eia-mer-table-7.2a.csv
DS-EIA-MER-7.2A,SRC-EIA-MER-7.2A,historical,,,,United States,USA,country,1997,electricity_generation,wood,"Electricity Net Generation From Wood, All Sectors",all_sectors; utility_scale for solar,36.948441,TWh,36948.441,Million Kilowatthours,WDETPUS,reported,MER_June_2026,eia-mer-table-7.2a.csv
DS-EIA-MER-7.2A,SRC-EIA-MER-7.2A,historical,,,,United States,USA,country,1997,storage_net_generation,pumped_hydro_storage,"Electricity Net Generation From Hydroelectric Pumped Storage, All Sectors",all_sectors; utility_scale for solar,-4.039905,TWh,-4039.905,Million Kilowatthours,HPETPUS,reported,MER_June_2026,eia-mer-table-7.2a.csv
DS-EIA-MER-7.2A,SRC-EIA-MER-7.2A,historical,,,,United States,USA,country,1998,electricity_generation,coal,"Electricity Net Generation From Coal, All Sectors",all_sectors; utility_scale for solar,1873.51569,TWh,1873515.69,Million Kilowatthours,CLETPUS,reported,MER_June_2026,eia-mer-table-7.2a.csv
DS-EIA-MER-7.2A,SRC-EIA-MER-7.2A,historical,,,,United States,USA,country,1998,electricity_generation,geothermal,"Electricity Net Generation From Geothermal, All Sectors",all_sectors; utility_scale for solar,14.773918,TWh,14773.918,Million Kilowatthours,GEETPUS,reported,MER_June_2026,eia-mer-table-7.2a.csv
DS-EIA-MER-7.2A,SRC-EIA-MER-7.2A,historical,,,,United States,USA,country,1998,electricity_generation,hydropower,"Electricity Net Generation From Conventional Hydroelectric Power, All Sectors",all_sectors; utility_scale for solar,323.335661,TWh,323335.661,Million Kilowatthours,HVETPUS,reported,MER_June_2026,eia-mer-table-7.2a.csv
DS-EIA-MER-7.2A,SRC-EIA-MER-7.2A,historical,,,,United States,USA,country,1998,electricity_generation,natural_gas,"Electricity Net Generation From Natural Gas, All Sectors",all_sectors; utility_scale for solar,531.257104,TWh,531257.104,Million Kilowatthours,NGETPUS,reported,MER_June_2026,eia-mer-table-7.2a.csv
DS-EIA-MER-7.2A,SRC-EIA-MER-7.2A,historical,,,,United States,USA,country,1998,electricity_generation,nuclear,"Electricity Net Generation From Nuclear Electric Power, All Sectors",all_sectors; utility_scale for solar,673.702104,TWh,673702.104,Million Kilowatthours,NUETPUS,reported,MER_June_2026,eia-mer-table-7.2a.csv
DS-EIA-MER-7.2A,SRC-EIA-MER-7.2A,historical,,,,United States,USA,country,1998,electricity_generation,other_fossil_gases,"Electricity Net Generation From Other Fossil Gases, All Sectors",all_sectors; utility_scale for solar,13.49223,TWh,13492.23,Million Kilowatthours,OJETPUS,reported,MER_June_2026,eia-mer-table-7.2a.csv
DS-EIA-MER-7.2A,SRC-EIA-MER-7.2A,historical,,,,United States,USA,country,1998,electricity_generation,petroleum,"Electricity Net Generation From Petroleum, All Sectors",all_sectors; utility_scale for solar,128.800173,TWh,128800.173,Million Kilowatthours,PAETPUS,reported,MER_June_2026,eia-mer-table-7.2a.csv
DS-EIA-MER-7.2A,SRC-EIA-MER-7.2A,historical,,,,United States,USA,country,1998,electricity_generation,solar_utility_scale,"Electricity Net Generation From Solar, All Sectors",all_sectors; utility_scale for solar,0.502473,TWh,502.473,Million Kilowatthours,SOETPUS,reported,MER_June_2026,eia-mer-table-7.2a.csv
DS-EIA-MER-7.2A,SRC-EIA-MER-7.2A,historical,,,,United States,USA,country,1998,electricity_generation,total,"Electricity Net Generation Total (including from sources not shown), All Sectors",all_sectors; utility_scale for solar,3620.295498,TWh,3620295.498,Million Kilowatthours,ELETPUS,reported,MER_June_2026,eia-mer-table-7.2a.csv
DS-EIA-MER-7.2A,SRC-EIA-MER-7.2A,historical,,,,United States,USA,country,1998,electricity_generation,waste,"Electricity Net Generation From Waste, All Sectors",all_sectors; utility_scale for solar,22.447935,TWh,22447.935,Million Kilowatthours,WSETPUS,reported,MER_June_2026,eia-mer-table-7.2a.csv
DS-EIA-MER-7.2A,SRC-EIA-MER-7.2A,historical,,,,United States,USA,country,1998,electricity_generation,wind,"Electricity Net Generation From Wind, All Sectors",all_sectors; utility_scale for solar,3.025696,TWh,3025.696,Million Kilowatthours,WYETPUS,reported,MER_June_2026,eia-mer-table-7.2a.csv
DS-EIA-MER-7.2A,SRC-EIA-MER-7.2A,historical,,,,United States,USA,country,1998,electricity_generation,wood,"Electricity Net Generation From Wood, All Sectors",all_sectors; utility_scale for solar,36.338384,TWh,36338.384,Million Kilowatthours,WDETPUS,reported,MER_June_2026,eia-mer-table-7.2a.csv
DS-EIA-MER-7.2A,SRC-EIA-MER-7.2A,historical,,,,United States,USA,country,1998,storage_net_generation,pumped_hydro_storage,"Electricity Net Generation From Hydroelectric Pumped Storage, All Sectors",all_sectors; utility_scale for solar,-4.46728,TWh,-4467.28,Million Kilowatthours,HPETPUS,reported,MER_June_2026,eia-mer-table-7.2a.csv
DS-EIA-MER-7.2A,SRC-EIA-MER-7.2A,historical,,,,United States,USA,country,1999,electricity_generation,coal,"Electricity Net Generation From Coal, All Sectors",all_sectors; utility_scale for solar,1881.087224,TWh,1881087.224,Million Kilowatthours,CLETPUS,reported,MER_June_2026,eia-mer-table-7.2a.csv
DS-EIA-MER-7.2A,SRC-EIA-MER-7.2A,historical,,,,United States,USA,country,1999,electricity_generation,geothermal,"Electricity Net Generation From Geothermal, All Sectors",all_sectors; utility_scale for solar,14.827013,TWh,14827.013,Million Kilowatthours,GEETPUS,reported,MER_June_2026,eia-mer-table-7.2a.csv
DS-EIA-MER-7.2A,SRC-EIA-MER-7.2A,historical,,,,United States,USA,country,1999,electricity_generation,hydropower,"Electricity Net Generation From Conventional Hydroelectric Power, All Sectors",all_sectors; utility_scale for solar,319.536029,TWh,319536.029,Million Kilowatthours,HVETPUS,reported,MER_June_2026,eia-mer-table-7.2a.csv
DS-EIA-MER-7.2A,SRC-EIA-MER-7.2A,historical,,,,United States,USA,country,1999,electricity_generation,natural_gas,"Electricity Net Generation From Natural Gas, All Sectors",all_sectors; utility_scale for solar,556.396127,TWh,556396.127,Million Kilowatthours,NGETPUS,reported,MER_June_2026,eia-mer-table-7.2a.csv
DS-EIA-MER-7.2A,SRC-EIA-MER-7.2A,historical,,,,United States,USA,country,1999,electricity_generation,nuclear,"Electricity Net Generation From Nuclear Electric Power, All Sectors",all_sectors; utility_scale for solar,728.254124,TWh,728254.124,Million Kilowatthours,NUETPUS,reported,MER_June_2026,eia-mer-table-7.2a.csv
DS-EIA-MER-7.2A,SRC-EIA-MER-7.2A,historical,,,,United States,USA,country,1999,electricity_generation,other_fossil_gases,"Electricity Net Generation From Other Fossil Gases, All Sectors",all_sectors; utility_scale for solar,14.125592,TWh,14125.592,Million Kilowatthours,OJETPUS,reported,MER_June_2026,eia-mer-table-7.2a.csv
DS-EIA-MER-7.2A,SRC-EIA-MER-7.2A,historical,,,,United States,USA,country,1999,electricity_generation,petroleum,"Electricity Net Generation From Petroleum, All Sectors",all_sectors; utility_scale for solar,118.060838,TWh,118060.838,Million Kilowatthours,PAETPUS,reported,MER_June_2026,eia-mer-table-7.2a.csv
DS-EIA-MER-7.2A,SRC-EIA-MER-7.2A,historical,,,,United States,USA,country,1999,electricity_generation,solar_utility_scale,"Electricity Net Generation From Solar, All Sectors",all_sectors; utility_scale for solar,0.495082,TWh,495.082,Million Kilowatthours,SOETPUS,reported,MER_June_2026,eia-mer-table-7.2a.csv
DS-EIA-MER-7.2A,SRC-EIA-MER-7.2A,historical,,,,United States,USA,country,1999,electricity_generation,total,"Electricity Net Generation Total (including from sources not shown), All Sectors",all_sectors; utility_scale for solar,3694.80981,TWh,3694809.81,Million Kilowatthours,ELETPUS,reported,MER_June_2026,eia-mer-table-7.2a.csv
DS-EIA-MER-7.2A,SRC-EIA-MER-7.2A,historical,,,,United States,USA,country,1999,electricity_generation,waste,"Electricity Net Generation From Waste, All Sectors",all_sectors; utility_scale for solar,22.572175,TWh,22572.175,Million Kilowatthours,WSETPUS,reported,MER_June_2026,eia-mer-table-7.2a.csv
DS-EIA-MER-7.2A,SRC-EIA-MER-7.2A,historical,,,,United States,USA,country,1999,electricity_generation,wind,"Electricity Net Generation From Wind, All Sectors",all_sectors; utility_scale for solar,4.487998,TWh,4487.998,Million Kilowatthours,WYETPUS,reported,MER_June_2026,eia-mer-table-7.2a.csv
DS-EIA-MER-7.2A,SRC-EIA-MER-7.2A,historical,,,,United States,USA,country,1999,electricity_generation,wood,"Electricity Net Generation From Wood, All Sectors",all_sectors; utility_scale for solar,37.040734,TWh,37040.734,Million Kilowatthours,WDETPUS,reported,MER_June_2026,eia-mer-table-7.2a.csv
DS-EIA-MER-7.2A,SRC-EIA-MER-7.2A,historical,,,,United States,USA,country,1999,storage_net_generation,pumped_hydro_storage,"Electricity Net Generation From Hydroelectric Pumped Storage, All Sectors",all_sectors; utility_scale for solar,-6.096899,TWh,-6096.899,Million Kilowatthours,HPETPUS,reported,MER_June_2026,eia-mer-table-7.2a.csv
DS-EIA-MER-7.2A,SRC-EIA-MER-7.2A,historical,,,,United States,USA,country,2000,electricity_generation,coal,"Electricity Net Generation From Coal, All Sectors",all_sectors; utility_scale for solar,1966.264596,TWh,1966264.596,Million Kilowatthours,CLETPUS,reported,MER_June_2026,eia-mer-table-7.2a.csv
DS-EIA-MER-7.2A,SRC-EIA-MER-7.2A,historical,,,,United States,USA,country,2000,electricity_generation,geothermal,"Electricity Net Generation From Geothermal, All Sectors",all_sectors; utility_scale for solar,14.093158,TWh,14093.158,Million Kilowatthours,GEETPUS,reported,MER_June_2026,eia-mer-table-7.2a.csv
DS-EIA-MER-7.2A,SRC-EIA-MER-7.2A,historical,,,,United States,USA,country,2000,electricity_generation,hydropower,"Electricity Net Generation From Conventional Hydroelectric Power, All Sectors",all_sectors; utility_scale for solar,275.572597,TWh,275572.597,Million Kilowatthours,HVETPUS,reported,MER_June_2026,eia-mer-table-7.2a.csv
DS-EIA-MER-7.2A,SRC-EIA-MER-7.2A,historical,,,,United States,USA,country,2000,electricity_generation,natural_gas,"Electricity Net Generation From Natural Gas, All Sectors",all_sectors; utility_scale for solar,601.038159,TWh,601038.159,Million Kilowatthours,NGETPUS,reported,MER_June_2026,eia-mer-table-7.2a.csv
DS-EIA-MER-7.2A,SRC-EIA-MER-7.2A,historical,,,,United States,USA,country,2000,electricity_generation,nuclear,"Electricity Net Generation From Nuclear Electric Power, All Sectors",all_sectors; utility_scale for solar,753.89294,TWh,753892.94,Million Kilowatthours,NUETPUS,reported,MER_June_2026,eia-mer-table-7.2a.csv
DS-EIA-MER-7.2A,SRC-EIA-MER-7.2A,historical,,,,United States,USA,country,2000,electricity_generation,other_fossil_gases,"Electricity Net Generation From Other Fossil Gases, All Sectors",all_sectors; utility_scale for solar,13.954758,TWh,13954.758,Million Kilowatthours,OJETPUS,reported,MER_June_2026,eia-mer-table-7.2a.csv
DS-EIA-MER-7.2A,SRC-EIA-MER-7.2A,historical,,,,United States,USA,country,2000,electricity_generation,petroleum,"Electricity Net Generation From Petroleum, All Sectors",all_sectors; utility_scale for solar,111.220965,TWh,111220.965,Million Kilowatthours,PAETPUS,reported,MER_June_2026,eia-mer-table-7.2a.csv
DS-EIA-MER-7.2A,SRC-EIA-MER-7.2A,historical,,,,United States,USA,country,2000,electricity_generation,solar_utility_scale,"Electricity Net Generation From Solar, All Sectors",all_sectors; utility_scale for solar,0.493375,TWh,493.375,Million Kilowatthours,SOETPUS,reported,MER_June_2026,eia-mer-table-7.2a.csv
DS-EIA-MER-7.2A,SRC-EIA-MER-7.2A,historical,,,,United States,USA,country,2000,electricity_generation,total,"Electricity Net Generation Total (including from sources not shown), All Sectors",all_sectors; utility_scale for solar,3802.105043,TWh,3802105.043,Million Kilowatthours,ELETPUS,reported,MER_June_2026,eia-mer-table-7.2a.csv
DS-EIA-MER-7.2A,SRC-EIA-MER-7.2A,historical,,,,United States,USA,country,2000,electricity_generation,waste,"Electricity Net Generation From Waste, All Sectors",all_sectors; utility_scale for solar,23.131314,TWh,23131.314,Million Kilowatthours,WSETPUS,reported,MER_June_2026,eia-mer-table-7.2a.csv
DS-EIA-MER-7.2A,SRC-EIA-MER-7.2A,historical,,,,United States,USA,country,2000,electricity_generation,wind,"Electricity Net Generation From Wind, All Sectors",all_sectors; utility_scale for solar,5.593261,TWh,5593.261,Million Kilowatthours,WYETPUS,reported,MER_June_2026,eia-mer-table-7.2a.csv
DS-EIA-MER-7.2A,SRC-EIA-MER-7.2A,historical,,,,United States,USA,country,2000,electricity_generation,wood,"Electricity Net Generation From Wood, All Sectors",all_sectors; utility_scale for solar,37.594866,TWh,37594.866,Million Kilowatthours,WDETPUS,reported,MER_June_2026,eia-mer-table-7.2a.csv
DS-EIA-MER-7.2A,SRC-EIA-MER-7.2A,historical,,,,United States,USA,country,2000,storage_net_generation,pumped_hydro_storage,"Electricity Net Generation From Hydroelectric Pumped Storage, All Sectors",all_sectors; utility_scale for solar,-5.53886,TWh,-5538.86,Million Kilowatthours,HPETPUS,reported,MER_June_2026,eia-mer-table-7.2a.csv
DS-EIA-MER-7.2A,SRC-EIA-MER-7.2A,historical,,,,United States,USA,country,2001,electricity_generation,coal,"Electricity Net Generation From Coal, All Sectors",all_sectors; utility_scale for solar,1903.955942,TWh,1903955.942,Million Kilowatthours,CLETPUS,reported,MER_June_2026,eia-mer-table-7.2a.csv
DS-EIA-MER-7.2A,SRC-EIA-MER-7.2A,historical,,,,United States,USA,country,2001,electricity_generation,geothermal,"Electricity Net Generation From Geothermal, All Sectors",all_sectors; utility_scale for solar,13.740501,TWh,13740.501,Million Kilowatthours,GEETPUS,reported,MER_June_2026,eia-mer-table-7.2a.csv
DS-EIA-MER-7.2A,SRC-EIA-MER-7.2A,historical,,,,United States,USA,country,2001,electricity_generation,hydropower,"Electricity Net Generation From Conventional Hydroelectric Power, All Sectors",all_sectors; utility_scale for solar,216.961045,TWh,216961.045,Million Kilowatthours,HVETPUS,reported,MER_June_2026,eia-mer-table-7.2a.csv
DS-EIA-MER-7.2A,SRC-EIA-MER-7.2A,historical,,,,United States,USA,country,2001,electricity_generation,natural_gas,"Electricity Net Generation From Natural Gas, All Sectors",all_sectors; utility_scale for solar,639.129119,TWh,639129.119,Million Kilowatthours,NGETPUS,reported,MER_June_2026,eia-mer-table-7.2a.csv
DS-EIA-MER-7.2A,SRC-EIA-MER-7.2A,historical,,,,United States,USA,country,2001,electricity_generation,nuclear,"Electricity Net Generation From Nuclear Electric Power, All Sectors",all_sectors; utility_scale for solar,768.826308,TWh,768826.308,Million Kilowatthours,NUETPUS,reported,MER_June_2026,eia-mer-table-7.2a.csv
DS-EIA-MER-7.2A,SRC-EIA-MER-7.2A,historical,,,,United States,USA,country,2001,electricity_generation,other_fossil_gases,"Electricity Net Generation From Other Fossil Gases, All Sectors",all_sectors; utility_scale for solar,9.039473,TWh,9039.473,Million Kilowatthours,OJETPUS,reported,MER_June_2026,eia-mer-table-7.2a.csv
DS-EIA-MER-7.2A,SRC-EIA-MER-7.2A,historical,,,,United States,USA,country,2001,electricity_generation,petroleum,"Electricity Net Generation From Petroleum, All Sectors",all_sectors; utility_scale for solar,124.880221,TWh,124880.221,Million Kilowatthours,PAETPUS,reported,MER_June_2026,eia-mer-table-7.2a.csv
DS-EIA-MER-7.2A,SRC-EIA-MER-7.2A,historical,,,,United States,USA,country,2001,electricity_generation,solar_utility_scale,"Electricity Net Generation From Solar, All Sectors",all_sectors; utility_scale for solar,0.542755,TWh,542.755,Million Kilowatthours,SOETPUS,reported,MER_June_2026,eia-mer-table-7.2a.csv
DS-EIA-MER-7.2A,SRC-EIA-MER-7.2A,historical,,,,United States,USA,country,2001,electricity_generation,total,"Electricity Net Generation Total (including from sources not shown), All Sectors",all_sectors; utility_scale for solar,3736.643649,TWh,3736643.649,Million Kilowatthours,ELETPUS,reported,MER_June_2026,eia-mer-table-7.2a.csv
DS-EIA-MER-7.2A,SRC-EIA-MER-7.2A,historical,,,,United States,USA,country,2001,electricity_generation,waste,"Electricity Net Generation From Waste, All Sectors",all_sectors; utility_scale for solar,14.548152,TWh,14548.152,Million Kilowatthours,WSETPUS,reported,MER_June_2026,eia-mer-table-7.2a.csv
DS-EIA-MER-7.2A,SRC-EIA-MER-7.2A,historical,,,,United States,USA,country,2001,electricity_generation,wind,"Electricity Net Generation From Wind, All Sectors",all_sectors; utility_scale for solar,6.737331,TWh,6737.331,Million Kilowatthours,WYETPUS,reported,MER_June_2026,eia-mer-table-7.2a.csv
DS-EIA-MER-7.2A,SRC-EIA-MER-7.2A,historical,,,,United States,USA,country,2001,electricity_generation,wood,"Electricity Net Generation From Wood, All Sectors",all_sectors; utility_scale for solar,35.199905,TWh,35199.905,Million Kilowatthours,WDETPUS,reported,MER_June_2026,eia-mer-table-7.2a.csv
DS-EIA-MER-7.2A,SRC-EIA-MER-7.2A,historical,,,,United States,USA,country,2001,storage_net_generation,pumped_hydro_storage,"Electricity Net Generation From Hydroelectric Pumped Storage, All Sectors",all_sectors; utility_scale for solar,-8.823445,TWh,-8823.445,Million Kilowatthours,HPETPUS,reported,MER_June_2026,eia-mer-table-7.2a.csv
DS-EIA-MER-7.2A,SRC-EIA-MER-7.2A,historical,,,,United States,USA,country,2002,electricity_generation,coal,"Electricity Net Generation From Coal, All Sectors",all_sectors; utility_scale for solar,1933.130354,TWh,1933130.354,Million Kilowatthours,CLETPUS,reported,MER_June_2026,eia-mer-table-7.2a.csv
DS-EIA-MER-7.2A,SRC-EIA-MER-7.2A,historical,,,,United States,USA,country,2002,electricity_generation,geothermal,"Electricity Net Generation From Geothermal, All Sectors",all_sectors; utility_scale for solar,14.49131,TWh,14491.31,Million Kilowatthours,GEETPUS,reported,MER_June_2026,eia-mer-table-7.2a.csv
DS-EIA-MER-7.2A,SRC-EIA-MER-7.2A,historical,,,,United States,USA,country,2002,electricity_generation,hydropower,"Electricity Net Generation From Conventional Hydroelectric Power, All Sectors",all_sectors; utility_scale for solar,264.328831,TWh,264328.831,Million Kilowatthours,HVETPUS,reported,MER_June_2026,eia-mer-table-7.2a.csv
DS-EIA-MER-7.2A,SRC-EIA-MER-7.2A,historical,,,,United States,USA,country,2002,electricity_generation,natural_gas,"Electricity Net Generation From Natural Gas, All Sectors",all_sectors; utility_scale for solar,691.005744,TWh,691005.744,Million Kilowatthours,NGETPUS,reported,MER_June_2026,eia-mer-table-7.2a.csv
DS-EIA-MER-7.2A,SRC-EIA-MER-7.2A,historical,,,,United States,USA,country,2002,electricity_generation,nuclear,"Electricity Net Generation From Nuclear Electric Power, All Sectors",all_sectors; utility_scale for solar,780.064087,TWh,780064.087,Million Kilowatthours,NUETPUS,reported,MER_June_2026,eia-mer-table-7.2a.csv
DS-EIA-MER-7.2A,SRC-EIA-MER-7.2A,historical,,,,United States,USA,country,2002,electricity_generation,other_fossil_gases,"Electricity Net Generation From Other Fossil Gases, All Sectors",all_sectors; utility_scale for solar,11.462684,TWh,11462.684,Million Kilowatthours,OJETPUS,reported,MER_June_2026,eia-mer-table-7.2a.csv
DS-EIA-MER-7.2A,SRC-EIA-MER-7.2A,historical,,,,United States,USA,country,2002,electricity_generation,petroleum,"Electricity Net Generation From Petroleum, All Sectors",all_sectors; utility_scale for solar,94.567395,TWh,94567.395,Million Kilowatthours,PAETPUS,reported,MER_June_2026,eia-mer-table-7.2a.csv
DS-EIA-MER-7.2A,SRC-EIA-MER-7.2A,historical,,,,United States,USA,country,2002,electricity_generation,solar_utility_scale,"Electricity Net Generation From Solar, All Sectors",all_sectors; utility_scale for solar,0.554831,TWh,554.831,Million Kilowatthours,SOETPUS,reported,MER_June_2026,eia-mer-table-7.2a.csv
DS-EIA-MER-7.2A,SRC-EIA-MER-7.2A,historical,,,,United States,USA,country,2002,electricity_generation,total,"Electricity Net Generation Total (including from sources not shown), All Sectors",all_sectors; utility_scale for solar,3858.452246,TWh,3858452.246,Million Kilowatthours,ELETPUS,reported,MER_June_2026,eia-mer-table-7.2a.csv
DS-EIA-MER-7.2A,SRC-EIA-MER-7.2A,historical,,,,United States,USA,country,2002,electricity_generation,waste,"Electricity Net Generation From Waste, All Sectors",all_sectors; utility_scale for solar,15.043712,TWh,15043.712,Million Kilowatthours,WSETPUS,reported,MER_June_2026,eia-mer-table-7.2a.csv
DS-EIA-MER-7.2A,SRC-EIA-MER-7.2A,historical,,,,United States,USA,country,2002,electricity_generation,wind,"Electricity Net Generation From Wind, All Sectors",all_sectors; utility_scale for solar,10.35428,TWh,10354.28,Million Kilowatthours,WYETPUS,reported,MER_June_2026,eia-mer-table-7.2a.csv
DS-EIA-MER-7.2A,SRC-EIA-MER-7.2A,historical,,,,United States,USA,country,2002,electricity_generation,wood,"Electricity Net Generation From Wood, All Sectors",all_sectors; utility_scale for solar,38.665037,TWh,38665.037,Million Kilowatthours,WDETPUS,reported,MER_June_2026,eia-mer-table-7.2a.csv
DS-EIA-MER-7.2A,SRC-EIA-MER-7.2A,historical,,,,United States,USA,country,2002,storage_net_generation,pumped_hydro_storage,"Electricity Net Generation From Hydroelectric Pumped Storage, All Sectors",all_sectors; utility_scale for solar,-8.742928,TWh,-8742.928,Million Kilowatthours,HPETPUS,reported,MER_June_2026,eia-mer-table-7.2a.csv
DS-EIA-MER-7.2A,SRC-EIA-MER-7.2A,historical,,,,United States,USA,country,2003,electricity_generation,coal,"Electricity Net Generation From Coal, All Sectors",all_sectors; utility_scale for solar,1973.736752,TWh,1973736.752,Million Kilowatthours,CLETPUS,reported,MER_June_2026,eia-mer-table-7.2a.csv
DS-EIA-MER-7.2A,SRC-EIA-MER-7.2A,historical,,,,United States,USA,country,2003,electricity_generation,geothermal,"Electricity Net Generation From Geothermal, All Sectors",all_sectors; utility_scale for solar,14.424231,TWh,14424.231,Million Kilowatthours,GEETPUS,reported,MER_June_2026,eia-mer-table-7.2a.csv
DS-EIA-MER-7.2A,SRC-EIA-MER-7.2A,historical,,,,United States,USA,country,2003,electricity_generation,hydropower,"Electricity Net Generation From Conventional Hydroelectric Power, All Sectors",all_sectors; utility_scale for solar,275.806323,TWh,275806.323,Million Kilowatthours,HVETPUS,reported,MER_June_2026,eia-mer-table-7.2a.csv
DS-EIA-MER-7.2A,SRC-EIA-MER-7.2A,historical,,,,United States,USA,country,2003,electricity_generation,natural_gas,"Electricity Net Generation From Natural Gas, All Sectors",all_sectors; utility_scale for solar,649.907539,TWh,649907.539,Million Kilowatthours,NGETPUS,reported,MER_June_2026,eia-mer-table-7.2a.csv
DS-EIA-MER-7.2A,SRC-EIA-MER-7.2A,historical,,,,United States,USA,country,2003,electricity_generation,nuclear,"Electricity Net Generation From Nuclear Electric Power, All Sectors",all_sectors; utility_scale for solar,763.732695,TWh,763732.695,Million Kilowatthours,NUETPUS,reported,MER_June_2026,eia-mer-table-7.2a.csv
DS-EIA-MER-7.2A,SRC-EIA-MER-7.2A,historical,,,,United States,USA,country,2003,electricity_generation,other_fossil_gases,"Electricity Net Generation From Other Fossil Gases, All Sectors",all_sectors; utility_scale for solar,15.600022,TWh,15600.022,Million Kilowatthours,OJETPUS,reported,MER_June_2026,eia-mer-table-7.2a.csv
DS-EIA-MER-7.2A,SRC-EIA-MER-7.2A,historical,,,,United States,USA,country,2003,electricity_generation,petroleum,"Electricity Net Generation From Petroleum, All Sectors",all_sectors; utility_scale for solar,119.405643,TWh,119405.643,Million Kilowatthours,PAETPUS,reported,MER_June_2026,eia-mer-table-7.2a.csv
DS-EIA-MER-7.2A,SRC-EIA-MER-7.2A,historical,,,,United States,USA,country,2003,electricity_generation,solar_utility_scale,"Electricity Net Generation From Solar, All Sectors",all_sectors; utility_scale for solar,0.534001,TWh,534.001,Million Kilowatthours,SOETPUS,reported,MER_June_2026,eia-mer-table-7.2a.csv
DS-EIA-MER-7.2A,SRC-EIA-MER-7.2A,historical,,,,United States,USA,country,2003,electricity_generation,total,"Electricity Net Generation Total (including from sources not shown), All Sectors",all_sectors; utility_scale for solar,3883.185204,TWh,3883185.204,Million Kilowatthours,ELETPUS,reported,MER_June_2026,eia-mer-table-7.2a.csv
DS-EIA-MER-7.2A,SRC-EIA-MER-7.2A,historical,,,,United States,USA,country,2003,electricity_generation,waste,"Electricity Net Generation From Waste, All Sectors",all_sectors; utility_scale for solar,15.811992,TWh,15811.992,Million Kilowatthours,WSETPUS,reported,MER_June_2026,eia-mer-table-7.2a.csv
DS-EIA-MER-7.2A,SRC-EIA-MER-7.2A,historical,,,,United States,USA,country,2003,electricity_generation,wind,"Electricity Net Generation From Wind, All Sectors",all_sectors; utility_scale for solar,11.187466,TWh,11187.466,Million Kilowatthours,WYETPUS,reported,MER_June_2026,eia-mer-table-7.2a.csv
DS-EIA-MER-7.2A,SRC-EIA-MER-7.2A,historical,,,,United States,USA,country,2003,electricity_generation,wood,"Electricity Net Generation From Wood, All Sectors",all_sectors; utility_scale for solar,37.529096,TWh,37529.096,Million Kilowatthours,WDETPUS,reported,MER_June_2026,eia-mer-table-7.2a.csv
DS-EIA-MER-7.2A,SRC-EIA-MER-7.2A,historical,,,,United States,USA,country,2003,storage_net_generation,pumped_hydro_storage,"Electricity Net Generation From Hydroelectric Pumped Storage, All Sectors",all_sectors; utility_scale for solar,-8.535065,TWh,-8535.065,Million Kilowatthours,HPETPUS,reported,MER_June_2026,eia-mer-table-7.2a.csv
DS-EIA-MER-7.2A,SRC-EIA-MER-7.2A,historical,,,,United States,USA,country,2004,electricity_generation,coal,"Electricity Net Generation From Coal, All Sectors",all_sectors; utility_scale for solar,1978.300549,TWh,1978300.549,Million Kilowatthours,CLETPUS,reported,MER_June_2026,eia-mer-table-7.2a.csv
DS-EIA-MER-7.2A,SRC-EIA-MER-7.2A,historical,,,,United States,USA,country,2004,electricity_generation,geothermal,"Electricity Net Generation From Geothermal, All Sectors",all_sectors; utility_scale for solar,14.810975,TWh,14810.975,Million Kilowatthours,GEETPUS,reported,MER_June_2026,eia-mer-table-7.2a.csv
DS-EIA-MER-7.2A,SRC-EIA-MER-7.2A,historical,,,,United States,USA,country,2004,electricity_generation,hydropower,"Electricity Net Generation From Conventional Hydroelectric Power, All Sectors",all_sectors; utility_scale for solar,268.417308,TWh,268417.308,Million Kilowatthours,HVETPUS,reported,MER_June_2026,eia-mer-table-7.2a.csv
DS-EIA-MER-7.2A,SRC-EIA-MER-7.2A,historical,,,,United States,USA,country,2004,electricity_generation,natural_gas,"Electricity Net Generation From Natural Gas, All Sectors",all_sectors; utility_scale for solar,710.100017,TWh,710100.017,Million Kilowatthours,NGETPUS,reported,MER_June_2026,eia-mer-table-7.2a.csv
DS-EIA-MER-7.2A,SRC-EIA-MER-7.2A,historical,,,,United States,USA,country,2004,electricity_generation,nuclear,"Electricity Net Generation From Nuclear Electric Power, All Sectors",all_sectors; utility_scale for solar,788.528387,TWh,788528.387,Million Kilowatthours,NUETPUS,reported,MER_June_2026,eia-mer-table-7.2a.csv
DS-EIA-MER-7.2A,SRC-EIA-MER-7.2A,historical,,,,United States,USA,country,2004,electricity_generation,other_fossil_gases,"Electricity Net Generation From Other Fossil Gases, All Sectors",all_sectors; utility_scale for solar,15.252431,TWh,15252.431,Million Kilowatthours,OJETPUS,reported,MER_June_2026,eia-mer-table-7.2a.csv
DS-EIA-MER-7.2A,SRC-EIA-MER-7.2A,historical,,,,United States,USA,country,2004,electricity_generation,petroleum,"Electricity Net Generation From Petroleum, All Sectors",all_sectors; utility_scale for solar,121.145057,TWh,121145.057,Million Kilowatthours,PAETPUS,reported,MER_June_2026,eia-mer-table-7.2a.csv
DS-EIA-MER-7.2A,SRC-EIA-MER-7.2A,historical,,,,United States,USA,country,2004,electricity_generation,solar_utility_scale,"Electricity Net Generation From Solar, All Sectors",all_sectors; utility_scale for solar,0.575155,TWh,575.155,Million Kilowatthours,SOETPUS,reported,MER_June_2026,eia-mer-table-7.2a.csv
DS-EIA-MER-7.2A,SRC-EIA-MER-7.2A,historical,,,,United States,USA,country,2004,electricity_generation,total,"Electricity Net Generation Total (including from sources not shown), All Sectors",all_sectors; utility_scale for solar,3970.555264,TWh,3970555.264,Million Kilowatthours,ELETPUS,reported,MER_June_2026,eia-mer-table-7.2a.csv
DS-EIA-MER-7.2A,SRC-EIA-MER-7.2A,historical,,,,United States,USA,country,2004,electricity_generation,waste,"Electricity Net Generation From Waste, All Sectors",all_sectors; utility_scale for solar,15.42057,TWh,15420.57,Million Kilowatthours,WSETPUS,reported,MER_June_2026,eia-mer-table-7.2a.csv
DS-EIA-MER-7.2A,SRC-EIA-MER-7.2A,historical,,,,United States,USA,country,2004,electricity_generation,wind,"Electricity Net Generation From Wind, All Sectors",all_sectors; utility_scale for solar,14.143741,TWh,14143.741,Million Kilowatthours,WYETPUS,reported,MER_June_2026,eia-mer-table-7.2a.csv
DS-EIA-MER-7.2A,SRC-EIA-MER-7.2A,historical,,,,United States,USA,country,2004,electricity_generation,wood,"Electricity Net Generation From Wood, All Sectors",all_sectors; utility_scale for solar,38.116883,TWh,38116.883,Million Kilowatthours,WDETPUS,reported,MER_June_2026,eia-mer-table-7.2a.csv
DS-EIA-MER-7.2A,SRC-EIA-MER-7.2A,historical,,,,United States,USA,country,2004,storage_net_generation,pumped_hydro_storage,"Electricity Net Generation From Hydroelectric Pumped Storage, All Sectors",all_sectors; utility_scale for solar,-8.48821,TWh,-8488.21,Million Kilowatthours,HPETPUS,reported,MER_June_2026,eia-mer-table-7.2a.csv
DS-EIA-MER-7.2A,SRC-EIA-MER-7.2A,historical,,,,United States,USA,country,2005,electricity_generation,coal,"Electricity Net Generation From Coal, All Sectors",all_sectors; utility_scale for solar,2012.873046,TWh,2012873.046,Million Kilowatthours,CLETPUS,reported,MER_June_2026,eia-mer-table-7.2a.csv
DS-EIA-MER-7.2A,SRC-EIA-MER-7.2A,historical,,,,United States,USA,country,2005,electricity_generation,geothermal,"Electricity Net Generation From Geothermal, All Sectors",all_sectors; utility_scale for solar,14.691745,TWh,14691.745,Million Kilowatthours,GEETPUS,reported,MER_June_2026,eia-mer-table-7.2a.csv
DS-EIA-MER-7.2A,SRC-EIA-MER-7.2A,historical,,,,United States,USA,country,2005,electricity_generation,hydropower,"Electricity Net Generation From Conventional Hydroelectric Power, All Sectors",all_sectors; utility_scale for solar,270.321255,TWh,270321.255,Million Kilowatthours,HVETPUS,reported,MER_June_2026,eia-mer-table-7.2a.csv
DS-EIA-MER-7.2A,SRC-EIA-MER-7.2A,historical,,,,United States,USA,country,2005,electricity_generation,natural_gas,"Electricity Net Generation From Natural Gas, All Sectors",all_sectors; utility_scale for solar,760.960254,TWh,760960.254,Million Kilowatthours,NGETPUS,reported,MER_June_2026,eia-mer-table-7.2a.csv
DS-EIA-MER-7.2A,SRC-EIA-MER-7.2A,historical,,,,United States,USA,country,2005,electricity_generation,nuclear,"Electricity Net Generation From Nuclear Electric Power, All Sectors",all_sectors; utility_scale for solar,781.986365,TWh,781986.365,Million Kilowatthours,NUETPUS,reported,MER_June_2026,eia-mer-table-7.2a.csv
DS-EIA-MER-7.2A,SRC-EIA-MER-7.2A,historical,,,,United States,USA,country,2005,electricity_generation,other_fossil_gases,"Electricity Net Generation From Other Fossil Gases, All Sectors",all_sectors; utility_scale for solar,13.464144,TWh,13464.144,Million Kilowatthours,OJETPUS,reported,MER_June_2026,eia-mer-table-7.2a.csv
DS-EIA-MER-7.2A,SRC-EIA-MER-7.2A,historical,,,,United States,USA,country,2005,electricity_generation,petroleum,"Electricity Net Generation From Petroleum, All Sectors",all_sectors; utility_scale for solar,122.225017,TWh,122225.017,Million Kilowatthours,PAETPUS,reported,MER_June_2026,eia-mer-table-7.2a.csv
DS-EIA-MER-7.2A,SRC-EIA-MER-7.2A,historical,,,,United States,USA,country,2005,electricity_generation,solar_utility_scale,"Electricity Net Generation From Solar, All Sectors",all_sectors; utility_scale for solar,0.550294,TWh,550.294,Million Kilowatthours,SOETPUS,reported,MER_June_2026,eia-mer-table-7.2a.csv
DS-EIA-MER-7.2A,SRC-EIA-MER-7.2A,historical,,,,United States,USA,country,2005,electricity_generation,total,"Electricity Net Generation Total (including from sources not shown), All Sectors",all_sectors; utility_scale for solar,4055.42275,TWh,4055422.75,Million Kilowatthours,ELETPUS,reported,MER_June_2026,eia-mer-table-7.2a.csv
DS-EIA-MER-7.2A,SRC-EIA-MER-7.2A,historical,,,,United States,USA,country,2005,electricity_generation,waste,"Electricity Net Generation From Waste, All Sectors",all_sectors; utility_scale for solar,15.420393,TWh,15420.393,Million Kilowatthours,WSETPUS,reported,MER_June_2026,eia-mer-table-7.2a.csv
DS-EIA-MER-7.2A,SRC-EIA-MER-7.2A,historical,,,,United States,USA,country,2005,electricity_generation,wind,"Electricity Net Generation From Wind, All Sectors",all_sectors; utility_scale for solar,17.810549,TWh,17810.549,Million Kilowatthours,WYETPUS,reported,MER_June_2026,eia-mer-table-7.2a.csv
DS-EIA-MER-7.2A,SRC-EIA-MER-7.2A,historical,,,,United States,USA,country,2005,electricity_generation,wood,"Electricity Net Generation From Wood, All Sectors",all_sectors; utility_scale for solar,38.856417,TWh,38856.417,Million Kilowatthours,WDETPUS,reported,MER_June_2026,eia-mer-table-7.2a.csv
DS-EIA-MER-7.2A,SRC-EIA-MER-7.2A,historical,,,,United States,USA,country,2005,storage_net_generation,pumped_hydro_storage,"Electricity Net Generation From Hydroelectric Pumped Storage, All Sectors",all_sectors; utility_scale for solar,-6.557788,TWh,-6557.788,Million Kilowatthours,HPETPUS,reported,MER_June_2026,eia-mer-table-7.2a.csv
DS-EIA-MER-7.2A,SRC-EIA-MER-7.2A,historical,,,,United States,USA,country,2006,electricity_generation,coal,"Electricity Net Generation From Coal, All Sectors",all_sectors; utility_scale for solar,1990.511135,TWh,1990511.135,Million Kilowatthours,CLETPUS,reported,MER_June_2026,eia-mer-table-7.2a.csv
DS-EIA-MER-7.2A,SRC-EIA-MER-7.2A,historical,,,,United States,USA,country,2006,electricity_generation,geothermal,"Electricity Net Generation From Geothermal, All Sectors",all_sectors; utility_scale for solar,14.568029,TWh,14568.029,Million Kilowatthours,GEETPUS,reported,MER_June_2026,eia-mer-table-7.2a.csv
DS-EIA-MER-7.2A,SRC-EIA-MER-7.2A,historical,,,,United States,USA,country,2006,electricity_generation,hydropower,"Electricity Net Generation From Conventional Hydroelectric Power, All Sectors",all_sectors; utility_scale for solar,289.246416,TWh,289246.416,Million Kilowatthours,HVETPUS,reported,MER_June_2026,eia-mer-table-7.2a.csv
DS-EIA-MER-7.2A,SRC-EIA-MER-7.2A,historical,,,,United States,USA,country,2006,electricity_generation,natural_gas,"Electricity Net Generation From Natural Gas, All Sectors",all_sectors; utility_scale for solar,816.44077,TWh,816440.77,Million Kilowatthours,NGETPUS,reported,MER_June_2026,eia-mer-table-7.2a.csv
DS-EIA-MER-7.2A,SRC-EIA-MER-7.2A,historical,,,,United States,USA,country,2006,electricity_generation,nuclear,"Electricity Net Generation From Nuclear Electric Power, All Sectors",all_sectors; utility_scale for solar,787.218636,TWh,787218.636,Million Kilowatthours,NUETPUS,reported,MER_June_2026,eia-mer-table-7.2a.csv
DS-EIA-MER-7.2A,SRC-EIA-MER-7.2A,historical,,,,United States,USA,country,2006,electricity_generation,other_fossil_gases,"Electricity Net Generation From Other Fossil Gases, All Sectors",all_sectors; utility_scale for solar,14.176808,TWh,14176.808,Million Kilowatthours,OJETPUS,reported,MER_June_2026,eia-mer-table-7.2a.csv
DS-EIA-MER-7.2A,SRC-EIA-MER-7.2A,historical,,,,United States,USA,country,2006,electricity_generation,petroleum,"Electricity Net Generation From Petroleum, All Sectors",all_sectors; utility_scale for solar,64.166414,TWh,64166.414,Million Kilowatthours,PAETPUS,reported,MER_June_2026,eia-mer-table-7.2a.csv
DS-EIA-MER-7.2A,SRC-EIA-MER-7.2A,historical,,,,United States,USA,country,2006,electricity_generation,solar_utility_scale,"Electricity Net Generation From Solar, All Sectors",all_sectors; utility_scale for solar,0.507706,TWh,507.706,Million Kilowatthours,SOETPUS,reported,MER_June_2026,eia-mer-table-7.2a.csv
DS-EIA-MER-7.2A,SRC-EIA-MER-7.2A,historical,,,,United States,USA,country,2006,electricity_generation,total,"Electricity Net Generation Total (including from sources not shown), All Sectors",all_sectors; utility_scale for solar,4064.702228,TWh,4064702.228,Million Kilowatthours,ELETPUS,reported,MER_June_2026,eia-mer-table-7.2a.csv
DS-EIA-MER-7.2A,SRC-EIA-MER-7.2A,historical,,,,United States,USA,country,2006,electricity_generation,waste,"Electricity Net Generation From Waste, All Sectors",all_sectors; utility_scale for solar,16.098525,TWh,16098.525,Million Kilowatthours,WSETPUS,reported,MER_June_2026,eia-mer-table-7.2a.csv
DS-EIA-MER-7.2A,SRC-EIA-MER-7.2A,historical,,,,United States,USA,country,2006,electricity_generation,wind,"Electricity Net Generation From Wind, All Sectors",all_sectors; utility_scale for solar,26.589137,TWh,26589.137,Million Kilowatthours,WYETPUS,reported,MER_June_2026,eia-mer-table-7.2a.csv
DS-EIA-MER-7.2A,SRC-EIA-MER-7.2A,historical,,,,United States,USA,country,2006,electricity_generation,wood,"Electricity Net Generation From Wood, All Sectors",all_sectors; utility_scale for solar,38.762096,TWh,38762.096,Million Kilowatthours,WDETPUS,reported,MER_June_2026,eia-mer-table-7.2a.csv
DS-EIA-MER-7.2A,SRC-EIA-MER-7.2A,historical,,,,United States,USA,country,2006,storage_net_generation,pumped_hydro_storage,"Electricity Net Generation From Hydroelectric Pumped Storage, All Sectors",all_sectors; utility_scale for solar,-6.557842,TWh,-6557.842,Million Kilowatthours,HPETPUS,reported,MER_June_2026,eia-mer-table-7.2a.csv
DS-EIA-MER-7.2A,SRC-EIA-MER-7.2A,historical,,,,United States,USA,country,2007,electricity_generation,coal,"Electricity Net Generation From Coal, All Sectors",all_sectors; utility_scale for solar,2016.455584,TWh,2016455.584,Million Kilowatthours,CLETPUS,reported,MER_June_2026,eia-mer-table-7.2a.csv
DS-EIA-MER-7.2A,SRC-EIA-MER-7.2A,historical,,,,United States,USA,country,2007,electricity_generation,geothermal,"Electricity Net Generation From Geothermal, All Sectors",all_sectors; utility_scale for solar,14.637213,TWh,14637.213,Million Kilowatthours,GEETPUS,reported,MER_June_2026,eia-mer-table-7.2a.csv
DS-EIA-MER-7.2A,SRC-EIA-MER-7.2A,historical,,,,United States,USA,country,2007,electricity_generation,hydropower,"Electricity Net Generation From Conventional Hydroelectric Power, All Sectors",all_sectors; utility_scale for solar,247.509974,TWh,247509.974,Million Kilowatthours,HVETPUS,reported,MER_June_2026,eia-mer-table-7.2a.csv
DS-EIA-MER-7.2A,SRC-EIA-MER-7.2A,historical,,,,United States,USA,country,2007,electricity_generation,natural_gas,"Electricity Net Generation From Natural Gas, All Sectors",all_sectors; utility_scale for solar,896.589791,TWh,896589.791,Million Kilowatthours,NGETPUS,reported,MER_June_2026,eia-mer-table-7.2a.csv
DS-EIA-MER-7.2A,SRC-EIA-MER-7.2A,historical,,,,United States,USA,country,2007,electricity_generation,nuclear,"Electricity Net Generation From Nuclear Electric Power, All Sectors",all_sectors; utility_scale for solar,806.424753,TWh,806424.753,Million Kilowatthours,NUETPUS,reported,MER_June_2026,eia-mer-table-7.2a.csv
DS-EIA-MER-7.2A,SRC-EIA-MER-7.2A,historical,,,,United States,USA,country,2007,electricity_generation,other_fossil_gases,"Electricity Net Generation From Other Fossil Gases, All Sectors",all_sectors; utility_scale for solar,13.453354,TWh,13453.354,Million Kilowatthours,OJETPUS,reported,MER_June_2026,eia-mer-table-7.2a.csv
DS-EIA-MER-7.2A,SRC-EIA-MER-7.2A,historical,,,,United States,USA,country,2007,electricity_generation,petroleum,"Electricity Net Generation From Petroleum, All Sectors",all_sectors; utility_scale for solar,65.738978,TWh,65738.978,Million Kilowatthours,PAETPUS,reported,MER_June_2026,eia-mer-table-7.2a.csv
DS-EIA-MER-7.2A,SRC-EIA-MER-7.2A,historical,,,,United States,USA,country,2007,electricity_generation,solar_utility_scale,"Electricity Net Generation From Solar, All Sectors",all_sectors; utility_scale for solar,0.611793,TWh,611.793,Million Kilowatthours,SOETPUS,reported,MER_June_2026,eia-mer-table-7.2a.csv
DS-EIA-MER-7.2A,SRC-EIA-MER-7.2A,historical,,,,United States,USA,country,2007,electricity_generation,total,"Electricity Net Generation Total (including from sources not shown), All Sectors",all_sectors; utility_scale for solar,4156.744724,TWh,4156744.724,Million Kilowatthours,ELETPUS,reported,MER_June_2026,eia-mer-table-7.2a.csv
DS-EIA-MER-7.2A,SRC-EIA-MER-7.2A,historical,,,,United States,USA,country,2007,electricity_generation,waste,"Electricity Net Generation From Waste, All Sectors",all_sectors; utility_scale for solar,16.524554,TWh,16524.554,Million Kilowatthours,WSETPUS,reported,MER_June_2026,eia-mer-table-7.2a.csv
DS-EIA-MER-7.2A,SRC-EIA-MER-7.2A,historical,,,,United States,USA,country,2007,electricity_generation,wind,"Electricity Net Generation From Wind, All Sectors",all_sectors; utility_scale for solar,34.449927,TWh,34449.927,Million Kilowatthours,WYETPUS,reported,MER_June_2026,eia-mer-table-7.2a.csv
DS-EIA-MER-7.2A,SRC-EIA-MER-7.2A,historical,,,,United States,USA,country,2007,electricity_generation,wood,"Electricity Net Generation From Wood, All Sectors",all_sectors; utility_scale for solar,39.014024,TWh,39014.024,Million Kilowatthours,WDETPUS,reported,MER_June_2026,eia-mer-table-7.2a.csv
DS-EIA-MER-7.2A,SRC-EIA-MER-7.2A,historical,,,,United States,USA,country,2007,storage_net_generation,pumped_hydro_storage,"Electricity Net Generation From Hydroelectric Pumped Storage, All Sectors",all_sectors; utility_scale for solar,-6.896352,TWh,-6896.352,Million Kilowatthours,HPETPUS,reported,MER_June_2026,eia-mer-table-7.2a.csv
DS-EIA-MER-7.2A,SRC-EIA-MER-7.2A,historical,,,,United States,USA,country,2008,electricity_generation,coal,"Electricity Net Generation From Coal, All Sectors",all_sectors; utility_scale for solar,1985.801247,TWh,1985801.247,Million Kilowatthours,CLETPUS,reported,MER_June_2026,eia-mer-table-7.2a.csv
DS-EIA-MER-7.2A,SRC-EIA-MER-7.2A,historical,,,,United States,USA,country,2008,electricity_generation,geothermal,"Electricity Net Generation From Geothermal, All Sectors",all_sectors; utility_scale for solar,14.839977,TWh,14839.977,Million Kilowatthours,GEETPUS,reported,MER_June_2026,eia-mer-table-7.2a.csv
DS-EIA-MER-7.2A,SRC-EIA-MER-7.2A,historical,,,,United States,USA,country,2008,electricity_generation,hydropower,"Electricity Net Generation From Conventional Hydroelectric Power, All Sectors",all_sectors; utility_scale for solar,254.831385,TWh,254831.385,Million Kilowatthours,HVETPUS,reported,MER_June_2026,eia-mer-table-7.2a.csv
DS-EIA-MER-7.2A,SRC-EIA-MER-7.2A,historical,,,,United States,USA,country,2008,electricity_generation,natural_gas,"Electricity Net Generation From Natural Gas, All Sectors",all_sectors; utility_scale for solar,882.980599,TWh,882980.599,Million Kilowatthours,NGETPUS,reported,MER_June_2026,eia-mer-table-7.2a.csv
DS-EIA-MER-7.2A,SRC-EIA-MER-7.2A,historical,,,,United States,USA,country,2008,electricity_generation,nuclear,"Electricity Net Generation From Nuclear Electric Power, All Sectors",all_sectors; utility_scale for solar,806.208435,TWh,806208.435,Million Kilowatthours,NUETPUS,reported,MER_June_2026,eia-mer-table-7.2a.csv
DS-EIA-MER-7.2A,SRC-EIA-MER-7.2A,historical,,,,United States,USA,country,2008,electricity_generation,other_fossil_gases,"Electricity Net Generation From Other Fossil Gases, All Sectors",all_sectors; utility_scale for solar,11.706876,TWh,11706.876,Million Kilowatthours,OJETPUS,reported,MER_June_2026,eia-mer-table-7.2a.csv
DS-EIA-MER-7.2A,SRC-EIA-MER-7.2A,historical,,,,United States,USA,country,2008,electricity_generation,petroleum,"Electricity Net Generation From Petroleum, All Sectors",all_sectors; utility_scale for solar,46.242612,TWh,46242.612,Million Kilowatthours,PAETPUS,reported,MER_June_2026,eia-mer-table-7.2a.csv
DS-EIA-MER-7.2A,SRC-EIA-MER-7.2A,historical,,,,United States,USA,country,2008,electricity_generation,solar_utility_scale,"Electricity Net Generation From Solar, All Sectors",all_sectors; utility_scale for solar,0.864315,TWh,864.315,Million Kilowatthours,SOETPUS,reported,MER_June_2026,eia-mer-table-7.2a.csv
DS-EIA-MER-7.2A,SRC-EIA-MER-7.2A,historical,,,,United States,USA,country,2008,electricity_generation,total,"Electricity Net Generation Total (including from sources not shown), All Sectors",all_sectors; utility_scale for solar,4119.38776,TWh,4119387.76,Million Kilowatthours,ELETPUS,reported,MER_June_2026,eia-mer-table-7.2a.csv
DS-EIA-MER-7.2A,SRC-EIA-MER-7.2A,historical,,,,United States,USA,country,2008,electricity_generation,waste,"Electricity Net Generation From Waste, All Sectors",all_sectors; utility_scale for solar,17.733759,TWh,17733.759,Million Kilowatthours,WSETPUS,reported,MER_June_2026,eia-mer-table-7.2a.csv
DS-EIA-MER-7.2A,SRC-EIA-MER-7.2A,historical,,,,United States,USA,country,2008,electricity_generation,wind,"Electricity Net Generation From Wind, All Sectors",all_sectors; utility_scale for solar,55.3631,TWh,55363.1,Million Kilowatthours,WYETPUS,reported,MER_June_2026,eia-mer-table-7.2a.csv
DS-EIA-MER-7.2A,SRC-EIA-MER-7.2A,historical,,,,United States,USA,country,2008,electricity_generation,wood,"Electricity Net Generation From Wood, All Sectors",all_sectors; utility_scale for solar,37.299853,TWh,37299.853,Million Kilowatthours,WDETPUS,reported,MER_June_2026,eia-mer-table-7.2a.csv
DS-EIA-MER-7.2A,SRC-EIA-MER-7.2A,historical,,,,United States,USA,country,2008,storage_net_generation,pumped_hydro_storage,"Electricity Net Generation From Hydroelectric Pumped Storage, All Sectors",all_sectors; utility_scale for solar,-6.288062,TWh,-6288.062,Million Kilowatthours,HPETPUS,reported,MER_June_2026,eia-mer-table-7.2a.csv
DS-EIA-MER-7.2A,SRC-EIA-MER-7.2A,historical,,,,United States,USA,country,2009,electricity_generation,coal,"Electricity Net Generation From Coal, All Sectors",all_sectors; utility_scale for solar,1755.904253,TWh,1755904.253,Million Kilowatthours,CLETPUS,reported,MER_June_2026,eia-mer-table-7.2a.csv
DS-EIA-MER-7.2A,SRC-EIA-MER-7.2A,historical,,,,United States,USA,country,2009,electricity_generation,geothermal,"Electricity Net Generation From Geothermal, All Sectors",all_sectors; utility_scale for solar,15.008658,TWh,15008.658,Million Kilowatthours,GEETPUS,reported,MER_June_2026,eia-mer-table-7.2a.csv
DS-EIA-MER-7.2A,SRC-EIA-MER-7.2A,historical,,,,United States,USA,country,2009,electricity_generation,hydropower,"Electricity Net Generation From Conventional Hydroelectric Power, All Sectors",all_sectors; utility_scale for solar,273.445094,TWh,273445.094,Million Kilowatthours,HVETPUS,reported,MER_June_2026,eia-mer-table-7.2a.csv
DS-EIA-MER-7.2A,SRC-EIA-MER-7.2A,historical,,,,United States,USA,country,2009,electricity_generation,natural_gas,"Electricity Net Generation From Natural Gas, All Sectors",all_sectors; utility_scale for solar,920.978681,TWh,920978.681,Million Kilowatthours,NGETPUS,reported,MER_June_2026,eia-mer-table-7.2a.csv
DS-EIA-MER-7.2A,SRC-EIA-MER-7.2A,historical,,,,United States,USA,country,2009,electricity_generation,nuclear,"Electricity Net Generation From Nuclear Electric Power, All Sectors",all_sectors; utility_scale for solar,798.854585,TWh,798854.585,Million Kilowatthours,NUETPUS,reported,MER_June_2026,eia-mer-table-7.2a.csv
DS-EIA-MER-7.2A,SRC-EIA-MER-7.2A,historical,,,,United States,USA,country,2009,electricity_generation,other_fossil_gases,"Electricity Net Generation From Other Fossil Gases, All Sectors",all_sectors; utility_scale for solar,10.632107,TWh,10632.107,Million Kilowatthours,OJETPUS,reported,MER_June_2026,eia-mer-table-7.2a.csv
DS-EIA-MER-7.2A,SRC-EIA-MER-7.2A,historical,,,,United States,USA,country,2009,electricity_generation,petroleum,"Electricity Net Generation From Petroleum, All Sectors",all_sectors; utility_scale for solar,38.936515,TWh,38936.515,Million Kilowatthours,PAETPUS,reported,MER_June_2026,eia-mer-table-7.2a.csv
DS-EIA-MER-7.2A,SRC-EIA-MER-7.2A,historical,,,,United States,USA,country,2009,electricity_generation,solar_utility_scale,"Electricity Net Generation From Solar, All Sectors",all_sectors; utility_scale for solar,0.891179,TWh,891.179,Million Kilowatthours,SOETPUS,reported,MER_June_2026,eia-mer-table-7.2a.csv
DS-EIA-MER-7.2A,SRC-EIA-MER-7.2A,historical,,,,United States,USA,country,2009,electricity_generation,total,"Electricity Net Generation Total (including from sources not shown), All Sectors",all_sectors; utility_scale for solar,3950.330927,TWh,3950330.927,Million Kilowatthours,ELETPUS,reported,MER_June_2026,eia-mer-table-7.2a.csv
DS-EIA-MER-7.2A,SRC-EIA-MER-7.2A,historical,,,,United States,USA,country,2009,electricity_generation,waste,"Electricity Net Generation From Waste, All Sectors",all_sectors; utility_scale for solar,18.442596,TWh,18442.596,Million Kilowatthours,WSETPUS,reported,MER_June_2026,eia-mer-table-7.2a.csv
DS-EIA-MER-7.2A,SRC-EIA-MER-7.2A,historical,,,,United States,USA,country,2009,electricity_generation,wind,"Electricity Net Generation From Wind, All Sectors",all_sectors; utility_scale for solar,73.886132,TWh,73886.132,Million Kilowatthours,WYETPUS,reported,MER_June_2026,eia-mer-table-7.2a.csv
DS-EIA-MER-7.2A,SRC-EIA-MER-7.2A,historical,,,,United States,USA,country,2009,electricity_generation,wood,"Electricity Net Generation From Wood, All Sectors",all_sectors; utility_scale for solar,36.050138,TWh,36050.138,Million Kilowatthours,WDETPUS,reported,MER_June_2026,eia-mer-table-7.2a.csv
DS-EIA-MER-7.2A,SRC-EIA-MER-7.2A,historical,,,,United States,USA,country,2009,storage_net_generation,pumped_hydro_storage,"Electricity Net Generation From Hydroelectric Pumped Storage, All Sectors",all_sectors; utility_scale for solar,-4.627345,TWh,-4627.345,Million Kilowatthours,HPETPUS,reported,MER_June_2026,eia-mer-table-7.2a.csv
DS-EIA-MER-7.2A,SRC-EIA-MER-7.2A,historical,,,,United States,USA,country,2010,electricity_generation,coal,"Electricity Net Generation From Coal, All Sectors",all_sectors; utility_scale for solar,1847.290279,TWh,1847290.279,Million Kilowatthours,CLETPUS,reported,MER_June_2026,eia-mer-table-7.2a.csv
DS-EIA-MER-7.2A,SRC-EIA-MER-7.2A,historical,,,,United States,USA,country,2010,electricity_generation,geothermal,"Electricity Net Generation From Geothermal, All Sectors",all_sectors; utility_scale for solar,15.219213,TWh,15219.213,Million Kilowatthours,GEETPUS,reported,MER_June_2026,eia-mer-table-7.2a.csv
DS-EIA-MER-7.2A,SRC-EIA-MER-7.2A,historical,,,,United States,USA,country,2010,electricity_generation,hydropower,"Electricity Net Generation From Conventional Hydroelectric Power, All Sectors",all_sectors; utility_scale for solar,260.203069,TWh,260203.069,Million Kilowatthours,HVETPUS,reported,MER_June_2026,eia-mer-table-7.2a.csv
DS-EIA-MER-7.2A,SRC-EIA-MER-7.2A,historical,,,,United States,USA,country,2010,electricity_generation,natural_gas,"Electricity Net Generation From Natural Gas, All Sectors",all_sectors; utility_scale for solar,987.697234,TWh,987697.234,Million Kilowatthours,NGETPUS,reported,MER_June_2026,eia-mer-table-7.2a.csv
DS-EIA-MER-7.2A,SRC-EIA-MER-7.2A,historical,,,,United States,USA,country,2010,electricity_generation,nuclear,"Electricity Net Generation From Nuclear Electric Power, All Sectors",all_sectors; utility_scale for solar,806.968301,TWh,806968.301,Million Kilowatthours,NUETPUS,reported,MER_June_2026,eia-mer-table-7.2a.csv
DS-EIA-MER-7.2A,SRC-EIA-MER-7.2A,historical,,,,United States,USA,country,2010,electricity_generation,other_fossil_gases,"Electricity Net Generation From Other Fossil Gases, All Sectors",all_sectors; utility_scale for solar,11.312787,TWh,11312.787,Million Kilowatthours,OJETPUS,reported,MER_June_2026,eia-mer-table-7.2a.csv
DS-EIA-MER-7.2A,SRC-EIA-MER-7.2A,historical,,,,United States,USA,country,2010,electricity_generation,petroleum,"Electricity Net Generation From Petroleum, All Sectors",all_sectors; utility_scale for solar,37.061013,TWh,37061.013,Million Kilowatthours,PAETPUS,reported,MER_June_2026,eia-mer-table-7.2a.csv
DS-EIA-MER-7.2A,SRC-EIA-MER-7.2A,historical,,,,United States,USA,country,2010,electricity_generation,solar_utility_scale,"Electricity Net Generation From Solar, All Sectors",all_sectors; utility_scale for solar,1.212182,TWh,1212.182,Million Kilowatthours,SOETPUS,reported,MER_June_2026,eia-mer-table-7.2a.csv
DS-EIA-MER-7.2A,SRC-EIA-MER-7.2A,historical,,,,United States,USA,country,2010,electricity_generation,total,"Electricity Net Generation Total (including from sources not shown), All Sectors",all_sectors; utility_scale for solar,4125.0599,TWh,4125059.9,Million Kilowatthours,ELETPUS,reported,MER_June_2026,eia-mer-table-7.2a.csv
DS-EIA-MER-7.2A,SRC-EIA-MER-7.2A,historical,,,,United States,USA,country,2010,electricity_generation,waste,"Electricity Net Generation From Waste, All Sectors",all_sectors; utility_scale for solar,18.917207,TWh,18917.207,Million Kilowatthours,WSETPUS,reported,MER_June_2026,eia-mer-table-7.2a.csv
DS-EIA-MER-7.2A,SRC-EIA-MER-7.2A,historical,,,,United States,USA,country,2010,electricity_generation,wind,"Electricity Net Generation From Wind, All Sectors",all_sectors; utility_scale for solar,94.652246,TWh,94652.246,Million Kilowatthours,WYETPUS,reported,MER_June_2026,eia-mer-table-7.2a.csv
DS-EIA-MER-7.2A,SRC-EIA-MER-7.2A,historical,,,,United States,USA,country,2010,electricity_generation,wood,"Electricity Net Generation From Wood, All Sectors",all_sectors; utility_scale for solar,37.17216,TWh,37172.16,Million Kilowatthours,WDETPUS,reported,MER_June_2026,eia-mer-table-7.2a.csv
DS-EIA-MER-7.2A,SRC-EIA-MER-7.2A,historical,,,,United States,USA,country,2010,storage_net_generation,pumped_hydro_storage,"Electricity Net Generation From Hydroelectric Pumped Storage, All Sectors",all_sectors; utility_scale for solar,-5.501132,TWh,-5501.132,Million Kilowatthours,HPETPUS,reported,MER_June_2026,eia-mer-table-7.2a.csv
DS-EIA-MER-7.2A,SRC-EIA-MER-7.2A,historical,,,,United States,USA,country,2011,electricity_generation,coal,"Electricity Net Generation From Coal, All Sectors",all_sectors; utility_scale for solar,1733.430005,TWh,1733430.005,Million Kilowatthours,CLETPUS,reported,MER_June_2026,eia-mer-table-7.2a.csv
DS-EIA-MER-7.2A,SRC-EIA-MER-7.2A,historical,,,,United States,USA,country,2011,electricity_generation,geothermal,"Electricity Net Generation From Geothermal, All Sectors",all_sectors; utility_scale for solar,15.316068,TWh,15316.068,Million Kilowatthours,GEETPUS,reported,MER_June_2026,eia-mer-table-7.2a.csv
DS-EIA-MER-7.2A,SRC-EIA-MER-7.2A,historical,,,,United States,USA,country,2011,electricity_generation,hydropower,"Electricity Net Generation From Conventional Hydroelectric Power, All Sectors",all_sectors; utility_scale for solar,319.354904,TWh,319354.904,Million Kilowatthours,HVETPUS,reported,MER_June_2026,eia-mer-table-7.2a.csv
DS-EIA-MER-7.2A,SRC-EIA-MER-7.2A,historical,,,,United States,USA,country,2011,electricity_generation,natural_gas,"Electricity Net Generation From Natural Gas, All Sectors",all_sectors; utility_scale for solar,1013.688929,TWh,1013688.929,Million Kilowatthours,NGETPUS,reported,MER_June_2026,eia-mer-table-7.2a.csv
DS-EIA-MER-7.2A,SRC-EIA-MER-7.2A,historical,,,,United States,USA,country,2011,electricity_generation,nuclear,"Electricity Net Generation From Nuclear Electric Power, All Sectors",all_sectors; utility_scale for solar,790.204367,TWh,790204.367,Million Kilowatthours,NUETPUS,reported,MER_June_2026,eia-mer-table-7.2a.csv
DS-EIA-MER-7.2A,SRC-EIA-MER-7.2A,historical,,,,United States,USA,country,2011,electricity_generation,other_fossil_gases,"Electricity Net Generation From Other Fossil Gases, All Sectors",all_sectors; utility_scale for solar,11.5662,TWh,11566.2,Million Kilowatthours,OJETPUS,reported,MER_June_2026,eia-mer-table-7.2a.csv
DS-EIA-MER-7.2A,SRC-EIA-MER-7.2A,historical,,,,United States,USA,country,2011,electricity_generation,petroleum,"Electricity Net Generation From Petroleum, All Sectors",all_sectors; utility_scale for solar,30.182245,TWh,30182.245,Million Kilowatthours,PAETPUS,reported,MER_June_2026,eia-mer-table-7.2a.csv
DS-EIA-MER-7.2A,SRC-EIA-MER-7.2A,historical,,,,United States,USA,country,2011,electricity_generation,solar_utility_scale,"Electricity Net Generation From Solar, All Sectors",all_sectors; utility_scale for solar,1.817696,TWh,1817.696,Million Kilowatthours,SOETPUS,reported,MER_June_2026,eia-mer-table-7.2a.csv
DS-EIA-MER-7.2A,SRC-EIA-MER-7.2A,historical,,,,United States,USA,country,2011,electricity_generation,total,"Electricity Net Generation Total (including from sources not shown), All Sectors",all_sectors; utility_scale for solar,4100.140927,TWh,4100140.927,Million Kilowatthours,ELETPUS,reported,MER_June_2026,eia-mer-table-7.2a.csv
DS-EIA-MER-7.2A,SRC-EIA-MER-7.2A,historical,,,,United States,USA,country,2011,electricity_generation,waste,"Electricity Net Generation From Waste, All Sectors",all_sectors; utility_scale for solar,19.221763,TWh,19221.763,Million Kilowatthours,WSETPUS,reported,MER_June_2026,eia-mer-table-7.2a.csv
DS-EIA-MER-7.2A,SRC-EIA-MER-7.2A,historical,,,,United States,USA,country,2011,electricity_generation,wind,"Electricity Net Generation From Wind, All Sectors",all_sectors; utility_scale for solar,120.176599,TWh,120176.599,Million Kilowatthours,WYETPUS,reported,MER_June_2026,eia-mer-table-7.2a.csv
DS-EIA-MER-7.2A,SRC-EIA-MER-7.2A,historical,,,,United States,USA,country,2011,electricity_generation,wood,"Electricity Net Generation From Wood, All Sectors",all_sectors; utility_scale for solar,37.449067,TWh,37449.067,Million Kilowatthours,WDETPUS,reported,MER_June_2026,eia-mer-table-7.2a.csv
DS-EIA-MER-7.2A,SRC-EIA-MER-7.2A,historical,,,,United States,USA,country,2011,storage_net_generation,pumped_hydro_storage,"Electricity Net Generation From Hydroelectric Pumped Storage, All Sectors",all_sectors; utility_scale for solar,-6.420516,TWh,-6420.516,Million Kilowatthours,HPETPUS,reported,MER_June_2026,eia-mer-table-7.2a.csv
DS-EIA-MER-7.2A,SRC-EIA-MER-7.2A,historical,,,,United States,USA,country,2012,electricity_generation,coal,"Electricity Net Generation From Coal, All Sectors",all_sectors; utility_scale for solar,1514.042945,TWh,1514042.945,Million Kilowatthours,CLETPUS,reported,MER_June_2026,eia-mer-table-7.2a.csv
DS-EIA-MER-7.2A,SRC-EIA-MER-7.2A,historical,,,,United States,USA,country,2012,electricity_generation,geothermal,"Electricity Net Generation From Geothermal, All Sectors",all_sectors; utility_scale for solar,15.562426,TWh,15562.426,Million Kilowatthours,GEETPUS,reported,MER_June_2026,eia-mer-table-7.2a.csv
DS-EIA-MER-7.2A,SRC-EIA-MER-7.2A,historical,,,,United States,USA,country,2012,electricity_generation,hydropower,"Electricity Net Generation From Conventional Hydroelectric Power, All Sectors",all_sectors; utility_scale for solar,276.240219,TWh,276240.219,Million Kilowatthours,HVETPUS,reported,MER_June_2026,eia-mer-table-7.2a.csv
DS-EIA-MER-7.2A,SRC-EIA-MER-7.2A,historical,,,,United States,USA,country,2012,electricity_generation,natural_gas,"Electricity Net Generation From Natural Gas, All Sectors",all_sectors; utility_scale for solar,1225.894175,TWh,1225894.175,Million Kilowatthours,NGETPUS,reported,MER_June_2026,eia-mer-table-7.2a.csv
DS-EIA-MER-7.2A,SRC-EIA-MER-7.2A,historical,,,,United States,USA,country,2012,electricity_generation,nuclear,"Electricity Net Generation From Nuclear Electric Power, All Sectors",all_sectors; utility_scale for solar,769.331249,TWh,769331.249,Million Kilowatthours,NUETPUS,reported,MER_June_2026,eia-mer-table-7.2a.csv
DS-EIA-MER-7.2A,SRC-EIA-MER-7.2A,historical,,,,United States,USA,country,2012,electricity_generation,other_fossil_gases,"Electricity Net Generation From Other Fossil Gases, All Sectors",all_sectors; utility_scale for solar,11.897585,TWh,11897.585,Million Kilowatthours,OJETPUS,reported,MER_June_2026,eia-mer-table-7.2a.csv
DS-EIA-MER-7.2A,SRC-EIA-MER-7.2A,historical,,,,United States,USA,country,2012,electricity_generation,petroleum,"Electricity Net Generation From Petroleum, All Sectors",all_sectors; utility_scale for solar,23.189541,TWh,23189.541,Million Kilowatthours,PAETPUS,reported,MER_June_2026,eia-mer-table-7.2a.csv
DS-EIA-MER-7.2A,SRC-EIA-MER-7.2A,historical,,,,United States,USA,country,2012,electricity_generation,solar_utility_scale,"Electricity Net Generation From Solar, All Sectors",all_sectors; utility_scale for solar,4.326675,TWh,4326.675,Million Kilowatthours,SOETPUS,reported,MER_June_2026,eia-mer-table-7.2a.csv
DS-EIA-MER-7.2A,SRC-EIA-MER-7.2A,historical,,,,United States,USA,country,2012,electricity_generation,total,"Electricity Net Generation Total (including from sources not shown), All Sectors",all_sectors; utility_scale for solar,4047.765267,TWh,4047765.267,Million Kilowatthours,ELETPUS,reported,MER_June_2026,eia-mer-table-7.2a.csv
DS-EIA-MER-7.2A,SRC-EIA-MER-7.2A,historical,,,,United States,USA,country,2012,electricity_generation,waste,"Electricity Net Generation From Waste, All Sectors",all_sectors; utility_scale for solar,19.823037,TWh,19823.037,Million Kilowatthours,WSETPUS,reported,MER_June_2026,eia-mer-table-7.2a.csv
DS-EIA-MER-7.2A,SRC-EIA-MER-7.2A,historical,,,,United States,USA,country,2012,electricity_generation,wind,"Electricity Net Generation From Wind, All Sectors",all_sectors; utility_scale for solar,140.821715,TWh,140821.715,Million Kilowatthours,WYETPUS,reported,MER_June_2026,eia-mer-table-7.2a.csv
DS-EIA-MER-7.2A,SRC-EIA-MER-7.2A,historical,,,,United States,USA,country,2012,electricity_generation,wood,"Electricity Net Generation From Wood, All Sectors",all_sectors; utility_scale for solar,37.799129,TWh,37799.129,Million Kilowatthours,WDETPUS,reported,MER_June_2026,eia-mer-table-7.2a.csv
DS-EIA-MER-7.2A,SRC-EIA-MER-7.2A,historical,,,,United States,USA,country,2012,storage_net_generation,pumped_hydro_storage,"Electricity Net Generation From Hydroelectric Pumped Storage, All Sectors",all_sectors; utility_scale for solar,-4.950496,TWh,-4950.496,Million Kilowatthours,HPETPUS,reported,MER_June_2026,eia-mer-table-7.2a.csv
DS-EIA-MER-7.2A,SRC-EIA-MER-7.2A,historical,,,,United States,USA,country,2013,electricity_generation,coal,"Electricity Net Generation From Coal, All Sectors",all_sectors; utility_scale for solar,1581.114716,TWh,1581114.716,Million Kilowatthours,CLETPUS,reported,MER_June_2026,eia-mer-table-7.2a.csv
DS-EIA-MER-7.2A,SRC-EIA-MER-7.2A,historical,,,,United States,USA,country,2013,electricity_generation,geothermal,"Electricity Net Generation From Geothermal, All Sectors",all_sectors; utility_scale for solar,15.774674,TWh,15774.674,Million Kilowatthours,GEETPUS,reported,MER_June_2026,eia-mer-table-7.2a.csv
DS-EIA-MER-7.2A,SRC-EIA-MER-7.2A,historical,,,,United States,USA,country,2013,electricity_generation,hydropower,"Electricity Net Generation From Conventional Hydroelectric Power, All Sectors",all_sectors; utility_scale for solar,268.565383,TWh,268565.383,Million Kilowatthours,HVETPUS,reported,MER_June_2026,eia-mer-table-7.2a.csv
DS-EIA-MER-7.2A,SRC-EIA-MER-7.2A,historical,,,,United States,USA,country,2013,electricity_generation,natural_gas,"Electricity Net Generation From Natural Gas, All Sectors",all_sectors; utility_scale for solar,1124.83556,TWh,1124835.56,Million Kilowatthours,NGETPUS,reported,MER_June_2026,eia-mer-table-7.2a.csv
DS-EIA-MER-7.2A,SRC-EIA-MER-7.2A,historical,,,,United States,USA,country,2013,electricity_generation,nuclear,"Electricity Net Generation From Nuclear Electric Power, All Sectors",all_sectors; utility_scale for solar,789.016473,TWh,789016.473,Million Kilowatthours,NUETPUS,reported,MER_June_2026,eia-mer-table-7.2a.csv
DS-EIA-MER-7.2A,SRC-EIA-MER-7.2A,historical,,,,United States,USA,country,2013,electricity_generation,other_fossil_gases,"Electricity Net Generation From Other Fossil Gases, All Sectors",all_sectors; utility_scale for solar,12.852937,TWh,12852.937,Million Kilowatthours,OJETPUS,reported,MER_June_2026,eia-mer-table-7.2a.csv
DS-EIA-MER-7.2A,SRC-EIA-MER-7.2A,historical,,,,United States,USA,country,2013,electricity_generation,petroleum,"Electricity Net Generation From Petroleum, All Sectors",all_sectors; utility_scale for solar,27.164444,TWh,27164.444,Million Kilowatthours,PAETPUS,reported,MER_June_2026,eia-mer-table-7.2a.csv
DS-EIA-MER-7.2A,SRC-EIA-MER-7.2A,historical,,,,United States,USA,country,2013,electricity_generation,solar_utility_scale,"Electricity Net Generation From Solar, All Sectors",all_sectors; utility_scale for solar,9.03562,TWh,9035.62,Million Kilowatthours,SOETPUS,reported,MER_June_2026,eia-mer-table-7.2a.csv
DS-EIA-MER-7.2A,SRC-EIA-MER-7.2A,historical,,,,United States,USA,country,2013,electricity_generation,total,"Electricity Net Generation Total (including from sources not shown), All Sectors",all_sectors; utility_scale for solar,4065.964068,TWh,4065964.068,Million Kilowatthours,ELETPUS,reported,MER_June_2026,eia-mer-table-7.2a.csv
DS-EIA-MER-7.2A,SRC-EIA-MER-7.2A,historical,,,,United States,USA,country,2013,electricity_generation,waste,"Electricity Net Generation From Waste, All Sectors",all_sectors; utility_scale for solar,20.83049,TWh,20830.49,Million Kilowatthours,WSETPUS,reported,MER_June_2026,eia-mer-table-7.2a.csv
DS-EIA-MER-7.2A,SRC-EIA-MER-7.2A,historical,,,,United States,USA,country,2013,electricity_generation,wind,"Electricity Net Generation From Wind, All Sectors",all_sectors; utility_scale for solar,167.839745,TWh,167839.745,Million Kilowatthours,WYETPUS,reported,MER_June_2026,eia-mer-table-7.2a.csv
DS-EIA-MER-7.2A,SRC-EIA-MER-7.2A,historical,,,,United States,USA,country,2013,electricity_generation,wood,"Electricity Net Generation From Wood, All Sectors",all_sectors; utility_scale for solar,40.027537,TWh,40027.537,Million Kilowatthours,WDETPUS,reported,MER_June_2026,eia-mer-table-7.2a.csv
DS-EIA-MER-7.2A,SRC-EIA-MER-7.2A,historical,,,,United States,USA,country,2013,storage_net_generation,pumped_hydro_storage,"Electricity Net Generation From Hydroelectric Pumped Storage, All Sectors",all_sectors; utility_scale for solar,-4.681033,TWh,-4681.033,Million Kilowatthours,HPETPUS,reported,MER_June_2026,eia-mer-table-7.2a.csv
DS-EIA-MER-7.2A,SRC-EIA-MER-7.2A,historical,,,,United States,USA,country,2014,electricity_generation,coal,"Electricity Net Generation From Coal, All Sectors",all_sectors; utility_scale for solar,1581.71035,TWh,1581710.35,Million Kilowatthours,CLETPUS,reported,MER_June_2026,eia-mer-table-7.2a.csv
DS-EIA-MER-7.2A,SRC-EIA-MER-7.2A,historical,,,,United States,USA,country,2014,electricity_generation,geothermal,"Electricity Net Generation From Geothermal, All Sectors",all_sectors; utility_scale for solar,15.876941,TWh,15876.941,Million Kilowatthours,GEETPUS,reported,MER_June_2026,eia-mer-table-7.2a.csv
DS-EIA-MER-7.2A,SRC-EIA-MER-7.2A,historical,,,,United States,USA,country,2014,electricity_generation,hydropower,"Electricity Net Generation From Conventional Hydroelectric Power, All Sectors",all_sectors; utility_scale for solar,259.366622,TWh,259366.622,Million Kilowatthours,HVETPUS,reported,MER_June_2026,eia-mer-table-7.2a.csv
DS-EIA-MER-7.2A,SRC-EIA-MER-7.2A,historical,,,,United States,USA,country,2014,electricity_generation,natural_gas,"Electricity Net Generation From Natural Gas, All Sectors",all_sectors; utility_scale for solar,1126.635116,TWh,1126635.116,Million Kilowatthours,NGETPUS,reported,MER_June_2026,eia-mer-table-7.2a.csv
DS-EIA-MER-7.2A,SRC-EIA-MER-7.2A,historical,,,,United States,USA,country,2014,electricity_generation,nuclear,"Electricity Net Generation From Nuclear Electric Power, All Sectors",all_sectors; utility_scale for solar,797.165982,TWh,797165.982,Million Kilowatthours,NUETPUS,reported,MER_June_2026,eia-mer-table-7.2a.csv
DS-EIA-MER-7.2A,SRC-EIA-MER-7.2A,historical,,,,United States,USA,country,2014,electricity_generation,other_fossil_gases,"Electricity Net Generation From Other Fossil Gases, All Sectors",all_sectors; utility_scale for solar,12.021786,TWh,12021.786,Million Kilowatthours,OJETPUS,reported,MER_June_2026,eia-mer-table-7.2a.csv
DS-EIA-MER-7.2A,SRC-EIA-MER-7.2A,historical,,,,United States,USA,country,2014,electricity_generation,petroleum,"Electricity Net Generation From Petroleum, All Sectors",all_sectors; utility_scale for solar,30.231862,TWh,30231.862,Million Kilowatthours,PAETPUS,reported,MER_June_2026,eia-mer-table-7.2a.csv
DS-EIA-MER-7.2A,SRC-EIA-MER-7.2A,historical,,,,United States,USA,country,2014,electricity_generation,solar_utility_scale,"Electricity Net Generation From Solar, All Sectors",all_sectors; utility_scale for solar,17.691031,TWh,17691.031,Million Kilowatthours,SOETPUS,reported,MER_June_2026,eia-mer-table-7.2a.csv
DS-EIA-MER-7.2A,SRC-EIA-MER-7.2A,historical,,,,United States,USA,country,2014,electricity_generation,total,"Electricity Net Generation Total (including from sources not shown), All Sectors",all_sectors; utility_scale for solar,4093.564143,TWh,4093564.143,Million Kilowatthours,ELETPUS,reported,MER_June_2026,eia-mer-table-7.2a.csv
DS-EIA-MER-7.2A,SRC-EIA-MER-7.2A,historical,,,,United States,USA,country,2014,electricity_generation,waste,"Electricity Net Generation From Waste, All Sectors",all_sectors; utility_scale for solar,21.649719,TWh,21649.719,Million Kilowatthours,WSETPUS,reported,MER_June_2026,eia-mer-table-7.2a.csv
DS-EIA-MER-7.2A,SRC-EIA-MER-7.2A,historical,,,,United States,USA,country,2014,electricity_generation,wind,"Electricity Net Generation From Wind, All Sectors",all_sectors; utility_scale for solar,181.655282,TWh,181655.282,Million Kilowatthours,WYETPUS,reported,MER_June_2026,eia-mer-table-7.2a.csv
DS-EIA-MER-7.2A,SRC-EIA-MER-7.2A,historical,,,,United States,USA,country,2014,electricity_generation,wood,"Electricity Net Generation From Wood, All Sectors",all_sectors; utility_scale for solar,42.339725,TWh,42339.725,Million Kilowatthours,WDETPUS,reported,MER_June_2026,eia-mer-table-7.2a.csv
DS-EIA-MER-7.2A,SRC-EIA-MER-7.2A,historical,,,,United States,USA,country,2014,storage_net_generation,pumped_hydro_storage,"Electricity Net Generation From Hydroelectric Pumped Storage, All Sectors",all_sectors; utility_scale for solar,-6.173548,TWh,-6173.548,Million Kilowatthours,HPETPUS,reported,MER_June_2026,eia-mer-table-7.2a.csv
DS-EIA-MER-7.2A,SRC-EIA-MER-7.2A,historical,,,,United States,USA,country,2015,electricity_generation,coal,"Electricity Net Generation From Coal, All Sectors",all_sectors; utility_scale for solar,1352.398197,TWh,1352398.197,Million Kilowatthours,CLETPUS,reported,MER_June_2026,eia-mer-table-7.2a.csv
DS-EIA-MER-7.2A,SRC-EIA-MER-7.2A,historical,,,,United States,USA,country,2015,electricity_generation,geothermal,"Electricity Net Generation From Geothermal, All Sectors",all_sectors; utility_scale for solar,15.917575,TWh,15917.575,Million Kilowatthours,GEETPUS,reported,MER_June_2026,eia-mer-table-7.2a.csv
DS-EIA-MER-7.2A,SRC-EIA-MER-7.2A,historical,,,,United States,USA,country,2015,electricity_generation,hydropower,"Electricity Net Generation From Conventional Hydroelectric Power, All Sectors",all_sectors; utility_scale for solar,249.080085,TWh,249080.085,Million Kilowatthours,HVETPUS,reported,MER_June_2026,eia-mer-table-7.2a.csv
DS-EIA-MER-7.2A,SRC-EIA-MER-7.2A,historical,,,,United States,USA,country,2015,electricity_generation,natural_gas,"Electricity Net Generation From Natural Gas, All Sectors",all_sectors; utility_scale for solar,1334.668003,TWh,1334668.003,Million Kilowatthours,NGETPUS,reported,MER_June_2026,eia-mer-table-7.2a.csv
DS-EIA-MER-7.2A,SRC-EIA-MER-7.2A,historical,,,,United States,USA,country,2015,electricity_generation,nuclear,"Electricity Net Generation From Nuclear Electric Power, All Sectors",all_sectors; utility_scale for solar,797.177877,TWh,797177.877,Million Kilowatthours,NUETPUS,reported,MER_June_2026,eia-mer-table-7.2a.csv
DS-EIA-MER-7.2A,SRC-EIA-MER-7.2A,historical,,,,United States,USA,country,2015,electricity_generation,other_fossil_gases,"Electricity Net Generation From Other Fossil Gases, All Sectors",all_sectors; utility_scale for solar,13.116698,TWh,13116.698,Million Kilowatthours,OJETPUS,reported,MER_June_2026,eia-mer-table-7.2a.csv
DS-EIA-MER-7.2A,SRC-EIA-MER-7.2A,historical,,,,United States,USA,country,2015,electricity_generation,petroleum,"Electricity Net Generation From Petroleum, All Sectors",all_sectors; utility_scale for solar,28.248749,TWh,28248.749,Million Kilowatthours,PAETPUS,reported,MER_June_2026,eia-mer-table-7.2a.csv
DS-EIA-MER-7.2A,SRC-EIA-MER-7.2A,historical,,,,United States,USA,country,2015,electricity_generation,solar_utility_scale,"Electricity Net Generation From Solar, All Sectors",all_sectors; utility_scale for solar,24.892904,TWh,24892.904,Million Kilowatthours,SOETPUS,reported,MER_June_2026,eia-mer-table-7.2a.csv
DS-EIA-MER-7.2A,SRC-EIA-MER-7.2A,historical,,,,United States,USA,country,2015,electricity_generation,total,"Electricity Net Generation Total (including from sources not shown), All Sectors",all_sectors; utility_scale for solar,4078.713773,TWh,4078713.773,Million Kilowatthours,ELETPUS,reported,MER_June_2026,eia-mer-table-7.2a.csv
DS-EIA-MER-7.2A,SRC-EIA-MER-7.2A,historical,,,,United States,USA,country,2015,electricity_generation,waste,"Electricity Net Generation From Waste, All Sectors",all_sectors; utility_scale for solar,21.703372,TWh,21703.372,Million Kilowatthours,WSETPUS,reported,MER_June_2026,eia-mer-table-7.2a.csv
DS-EIA-MER-7.2A,SRC-EIA-MER-7.2A,historical,,,,United States,USA,country,2015,electricity_generation,wind,"Electricity Net Generation From Wind, All Sectors",all_sectors; utility_scale for solar,190.718548,TWh,190718.548,Million Kilowatthours,WYETPUS,reported,MER_June_2026,eia-mer-table-7.2a.csv
DS-EIA-MER-7.2A,SRC-EIA-MER-7.2A,historical,,,,United States,USA,country,2015,electricity_generation,wood,"Electricity Net Generation From Wood, All Sectors",all_sectors; utility_scale for solar,41.928506,TWh,41928.506,Million Kilowatthours,WDETPUS,reported,MER_June_2026,eia-mer-table-7.2a.csv
DS-EIA-MER-7.2A,SRC-EIA-MER-7.2A,historical,,,,United States,USA,country,2015,storage_net_generation,pumped_hydro_storage,"Electricity Net Generation From Hydroelectric Pumped Storage, All Sectors",all_sectors; utility_scale for solar,-5.091488,TWh,-5091.488,Million Kilowatthours,HPETPUS,reported,MER_June_2026,eia-mer-table-7.2a.csv
DS-EIA-MER-7.2A,SRC-EIA-MER-7.2A,historical,,,,United States,USA,country,2016,electricity_generation,coal,"Electricity Net Generation From Coal, All Sectors",all_sectors; utility_scale for solar,1239.148654,TWh,1239148.654,Million Kilowatthours,CLETPUS,reported,MER_June_2026,eia-mer-table-7.2a.csv
DS-EIA-MER-7.2A,SRC-EIA-MER-7.2A,historical,,,,United States,USA,country,2016,electricity_generation,geothermal,"Electricity Net Generation From Geothermal, All Sectors",all_sectors; utility_scale for solar,15.825807,TWh,15825.807,Million Kilowatthours,GEETPUS,reported,MER_June_2026,eia-mer-table-7.2a.csv
DS-EIA-MER-7.2A,SRC-EIA-MER-7.2A,historical,,,,United States,USA,country,2016,electricity_generation,hydropower,"Electricity Net Generation From Conventional Hydroelectric Power, All Sectors",all_sectors; utility_scale for solar,267.812153,TWh,267812.153,Million Kilowatthours,HVETPUS,reported,MER_June_2026,eia-mer-table-7.2a.csv
DS-EIA-MER-7.2A,SRC-EIA-MER-7.2A,historical,,,,United States,USA,country,2016,electricity_generation,natural_gas,"Electricity Net Generation From Natural Gas, All Sectors",all_sectors; utility_scale for solar,1379.270922,TWh,1379270.922,Million Kilowatthours,NGETPUS,reported,MER_June_2026,eia-mer-table-7.2a.csv
DS-EIA-MER-7.2A,SRC-EIA-MER-7.2A,historical,,,,United States,USA,country,2016,electricity_generation,nuclear,"Electricity Net Generation From Nuclear Electric Power, All Sectors",all_sectors; utility_scale for solar,805.693948,TWh,805693.948,Million Kilowatthours,NUETPUS,reported,MER_June_2026,eia-mer-table-7.2a.csv
DS-EIA-MER-7.2A,SRC-EIA-MER-7.2A,historical,,,,United States,USA,country,2016,electricity_generation,other_fossil_gases,"Electricity Net Generation From Other Fossil Gases, All Sectors",all_sectors; utility_scale for solar,12.807432,TWh,12807.432,Million Kilowatthours,OJETPUS,reported,MER_June_2026,eia-mer-table-7.2a.csv
DS-EIA-MER-7.2A,SRC-EIA-MER-7.2A,historical,,,,United States,USA,country,2016,electricity_generation,petroleum,"Electricity Net Generation From Petroleum, All Sectors",all_sectors; utility_scale for solar,24.204806,TWh,24204.806,Million Kilowatthours,PAETPUS,reported,MER_June_2026,eia-mer-table-7.2a.csv
DS-EIA-MER-7.2A,SRC-EIA-MER-7.2A,historical,,,,United States,USA,country,2016,electricity_generation,solar_utility_scale,"Electricity Net Generation From Solar, All Sectors",all_sectors; utility_scale for solar,36.054121,TWh,36054.121,Million Kilowatthours,SOETPUS,reported,MER_June_2026,eia-mer-table-7.2a.csv
DS-EIA-MER-7.2A,SRC-EIA-MER-7.2A,historical,,,,United States,USA,country,2016,electricity_generation,total,"Electricity Net Generation Total (including from sources not shown), All Sectors",all_sectors; utility_scale for solar,4077.573801,TWh,4077573.801,Million Kilowatthours,ELETPUS,reported,MER_June_2026,eia-mer-table-7.2a.csv
DS-EIA-MER-7.2A,SRC-EIA-MER-7.2A,historical,,,,United States,USA,country,2016,electricity_generation,waste,"Electricity Net Generation From Waste, All Sectors",all_sectors; utility_scale for solar,21.813231,TWh,21813.231,Million Kilowatthours,WSETPUS,reported,MER_June_2026,eia-mer-table-7.2a.csv
DS-EIA-MER-7.2A,SRC-EIA-MER-7.2A,historical,,,,United States,USA,country,2016,electricity_generation,wind,"Electricity Net Generation From Wind, All Sectors",all_sectors; utility_scale for solar,226.992562,TWh,226992.562,Million Kilowatthours,WYETPUS,reported,MER_June_2026,eia-mer-table-7.2a.csv
DS-EIA-MER-7.2A,SRC-EIA-MER-7.2A,historical,,,,United States,USA,country,2016,electricity_generation,wood,"Electricity Net Generation From Wood, All Sectors",all_sectors; utility_scale for solar,40.947227,TWh,40947.227,Million Kilowatthours,WDETPUS,reported,MER_June_2026,eia-mer-table-7.2a.csv
DS-EIA-MER-7.2A,SRC-EIA-MER-7.2A,historical,,,,United States,USA,country,2016,storage_net_generation,pumped_hydro_storage,"Electricity Net Generation From Hydroelectric Pumped Storage, All Sectors",all_sectors; utility_scale for solar,-6.686127,TWh,-6686.127,Million Kilowatthours,HPETPUS,reported,MER_June_2026,eia-mer-table-7.2a.csv
DS-EIA-MER-7.2A,SRC-EIA-MER-7.2A,historical,,,,United States,USA,country,2017,electricity_generation,coal,"Electricity Net Generation From Coal, All Sectors",all_sectors; utility_scale for solar,1205.835276,TWh,1205835.276,Million Kilowatthours,CLETPUS,reported,MER_June_2026,eia-mer-table-7.2a.csv
DS-EIA-MER-7.2A,SRC-EIA-MER-7.2A,historical,,,,United States,USA,country,2017,electricity_generation,geothermal,"Electricity Net Generation From Geothermal, All Sectors",all_sectors; utility_scale for solar,15.926774,TWh,15926.774,Million Kilowatthours,GEETPUS,reported,MER_June_2026,eia-mer-table-7.2a.csv
DS-EIA-MER-7.2A,SRC-EIA-MER-7.2A,historical,,,,United States,USA,country,2017,electricity_generation,hydropower,"Electricity Net Generation From Conventional Hydroelectric Power, All Sectors",all_sectors; utility_scale for solar,300.33293,TWh,300332.93,Million Kilowatthours,HVETPUS,reported,MER_June_2026,eia-mer-table-7.2a.csv
DS-EIA-MER-7.2A,SRC-EIA-MER-7.2A,historical,,,,United States,USA,country,2017,electricity_generation,natural_gas,"Electricity Net Generation From Natural Gas, All Sectors",all_sectors; utility_scale for solar,1297.702528,TWh,1297702.528,Million Kilowatthours,NGETPUS,reported,MER_June_2026,eia-mer-table-7.2a.csv
DS-EIA-MER-7.2A,SRC-EIA-MER-7.2A,historical,,,,United States,USA,country,2017,electricity_generation,nuclear,"Electricity Net Generation From Nuclear Electric Power, All Sectors",all_sectors; utility_scale for solar,804.949635,TWh,804949.635,Million Kilowatthours,NUETPUS,reported,MER_June_2026,eia-mer-table-7.2a.csv
DS-EIA-MER-7.2A,SRC-EIA-MER-7.2A,historical,,,,United States,USA,country,2017,electricity_generation,other_fossil_gases,"Electricity Net Generation From Other Fossil Gases, All Sectors",all_sectors; utility_scale for solar,12.468967,TWh,12468.967,Million Kilowatthours,OJETPUS,reported,MER_June_2026,eia-mer-table-7.2a.csv
DS-EIA-MER-7.2A,SRC-EIA-MER-7.2A,historical,,,,United States,USA,country,2017,electricity_generation,petroleum,"Electricity Net Generation From Petroleum, All Sectors",all_sectors; utility_scale for solar,21.389945,TWh,21389.945,Million Kilowatthours,PAETPUS,reported,MER_June_2026,eia-mer-table-7.2a.csv
DS-EIA-MER-7.2A,SRC-EIA-MER-7.2A,historical,,,,United States,USA,country,2017,electricity_generation,solar_utility_scale,"Electricity Net Generation From Solar, All Sectors",all_sectors; utility_scale for solar,53.286865,TWh,53286.865,Million Kilowatthours,SOETPUS,reported,MER_June_2026,eia-mer-table-7.2a.csv
DS-EIA-MER-7.2A,SRC-EIA-MER-7.2A,historical,,,,United States,USA,country,2017,electricity_generation,total,"Electricity Net Generation Total (including from sources not shown), All Sectors",all_sectors; utility_scale for solar,4035.442895,TWh,4035442.895,Million Kilowatthours,ELETPUS,reported,MER_June_2026,eia-mer-table-7.2a.csv
DS-EIA-MER-7.2A,SRC-EIA-MER-7.2A,historical,,,,United States,USA,country,2017,electricity_generation,waste,"Electricity Net Generation From Waste, All Sectors",all_sectors; utility_scale for solar,21.609894,TWh,21609.894,Million Kilowatthours,WSETPUS,reported,MER_June_2026,eia-mer-table-7.2a.csv
DS-EIA-MER-7.2A,SRC-EIA-MER-7.2A,historical,,,,United States,USA,country,2017,electricity_generation,wind,"Electricity Net Generation From Wind, All Sectors",all_sectors; utility_scale for solar,254.302695,TWh,254302.695,Million Kilowatthours,WYETPUS,reported,MER_June_2026,eia-mer-table-7.2a.csv
DS-EIA-MER-7.2A,SRC-EIA-MER-7.2A,historical,,,,United States,USA,country,2017,electricity_generation,wood,"Electricity Net Generation From Wood, All Sectors",all_sectors; utility_scale for solar,41.123518,TWh,41123.518,Million Kilowatthours,WDETPUS,reported,MER_June_2026,eia-mer-table-7.2a.csv
DS-EIA-MER-7.2A,SRC-EIA-MER-7.2A,historical,,,,United States,USA,country,2017,storage_net_generation,pumped_hydro_storage,"Electricity Net Generation From Hydroelectric Pumped Storage, All Sectors",all_sectors; utility_scale for solar,-6.494548,TWh,-6494.548,Million Kilowatthours,HPETPUS,reported,MER_June_2026,eia-mer-table-7.2a.csv
DS-EIA-MER-7.2A,SRC-EIA-MER-7.2A,historical,,,,United States,USA,country,2018,electricity_generation,coal,"Electricity Net Generation From Coal, All Sectors",all_sectors; utility_scale for solar,1149.487339,TWh,1149487.339,Million Kilowatthours,CLETPUS,reported,MER_June_2026,eia-mer-table-7.2a.csv
DS-EIA-MER-7.2A,SRC-EIA-MER-7.2A,historical,,,,United States,USA,country,2018,electricity_generation,geothermal,"Electricity Net Generation From Geothermal, All Sectors",all_sectors; utility_scale for solar,15.967134,TWh,15967.134,Million Kilowatthours,GEETPUS,reported,MER_June_2026,eia-mer-table-7.2a.csv
DS-EIA-MER-7.2A,SRC-EIA-MER-7.2A,historical,,,,United States,USA,country,2018,electricity_generation,hydropower,"Electricity Net Generation From Conventional Hydroelectric Power, All Sectors",all_sectors; utility_scale for solar,292.523989,TWh,292523.989,Million Kilowatthours,HVETPUS,reported,MER_June_2026,eia-mer-table-7.2a.csv
DS-EIA-MER-7.2A,SRC-EIA-MER-7.2A,historical,,,,United States,USA,country,2018,electricity_generation,natural_gas,"Electricity Net Generation From Natural Gas, All Sectors",all_sectors; utility_scale for solar,1471.843031,TWh,1471843.031,Million Kilowatthours,NGETPUS,reported,MER_June_2026,eia-mer-table-7.2a.csv
DS-EIA-MER-7.2A,SRC-EIA-MER-7.2A,historical,,,,United States,USA,country,2018,electricity_generation,nuclear,"Electricity Net Generation From Nuclear Electric Power, All Sectors",all_sectors; utility_scale for solar,807.084477,TWh,807084.477,Million Kilowatthours,NUETPUS,reported,MER_June_2026,eia-mer-table-7.2a.csv
DS-EIA-MER-7.2A,SRC-EIA-MER-7.2A,historical,,,,United States,USA,country,2018,electricity_generation,other_fossil_gases,"Electricity Net Generation From Other Fossil Gases, All Sectors",all_sectors; utility_scale for solar,13.462749,TWh,13462.749,Million Kilowatthours,OJETPUS,reported,MER_June_2026,eia-mer-table-7.2a.csv
DS-EIA-MER-7.2A,SRC-EIA-MER-7.2A,historical,,,,United States,USA,country,2018,electricity_generation,petroleum,"Electricity Net Generation From Petroleum, All Sectors",all_sectors; utility_scale for solar,25.225628,TWh,25225.628,Million Kilowatthours,PAETPUS,reported,MER_June_2026,eia-mer-table-7.2a.csv
DS-EIA-MER-7.2A,SRC-EIA-MER-7.2A,historical,,,,United States,USA,country,2018,electricity_generation,solar_utility_scale,"Electricity Net Generation From Solar, All Sectors",all_sectors; utility_scale for solar,63.825315,TWh,63825.315,Million Kilowatthours,SOETPUS,reported,MER_June_2026,eia-mer-table-7.2a.csv
DS-EIA-MER-7.2A,SRC-EIA-MER-7.2A,historical,,,,United States,USA,country,2018,electricity_generation,total,"Electricity Net Generation Total (including from sources not shown), All Sectors",all_sectors; utility_scale for solar,4180.987703,TWh,4180987.703,Million Kilowatthours,ELETPUS,reported,MER_June_2026,eia-mer-table-7.2a.csv
DS-EIA-MER-7.2A,SRC-EIA-MER-7.2A,historical,,,,United States,USA,country,2018,electricity_generation,waste,"Electricity Net Generation From Waste, All Sectors",all_sectors; utility_scale for solar,20.895765,TWh,20895.765,Million Kilowatthours,WSETPUS,reported,MER_June_2026,eia-mer-table-7.2a.csv
DS-EIA-MER-7.2A,SRC-EIA-MER-7.2A,historical,,,,United States,USA,country,2018,electricity_generation,wind,"Electricity Net Generation From Wind, All Sectors",all_sectors; utility_scale for solar,272.667454,TWh,272667.454,Million Kilowatthours,WYETPUS,reported,MER_June_2026,eia-mer-table-7.2a.csv
DS-EIA-MER-7.2A,SRC-EIA-MER-7.2A,historical,,,,United States,USA,country,2018,electricity_generation,wood,"Electricity Net Generation From Wood, All Sectors",all_sectors; utility_scale for solar,40.936159,TWh,40936.159,Million Kilowatthours,WDETPUS,reported,MER_June_2026,eia-mer-table-7.2a.csv
DS-EIA-MER-7.2A,SRC-EIA-MER-7.2A,historical,,,,United States,USA,country,2018,storage_net_generation,pumped_hydro_storage,"Electricity Net Generation From Hydroelectric Pumped Storage, All Sectors",all_sectors; utility_scale for solar,-5.904539,TWh,-5904.539,Million Kilowatthours,HPETPUS,reported,MER_June_2026,eia-mer-table-7.2a.csv
DS-EIA-MER-7.2A,SRC-EIA-MER-7.2A,historical,,,,United States,USA,country,2019,electricity_generation,coal,"Electricity Net Generation From Coal, All Sectors",all_sectors; utility_scale for solar,964.956812,TWh,964956.812,Million Kilowatthours,CLETPUS,reported,MER_June_2026,eia-mer-table-7.2a.csv
DS-EIA-MER-7.2A,SRC-EIA-MER-7.2A,historical,,,,United States,USA,country,2019,electricity_generation,geothermal,"Electricity Net Generation From Geothermal, All Sectors",all_sectors; utility_scale for solar,15.472717,TWh,15472.717,Million Kilowatthours,GEETPUS,reported,MER_June_2026,eia-mer-table-7.2a.csv
DS-EIA-MER-7.2A,SRC-EIA-MER-7.2A,historical,,,,United States,USA,country,2019,electricity_generation,hydropower,"Electricity Net Generation From Conventional Hydroelectric Power, All Sectors",all_sectors; utility_scale for solar,287.873731,TWh,287873.731,Million Kilowatthours,HVETPUS,reported,MER_June_2026,eia-mer-table-7.2a.csv
DS-EIA-MER-7.2A,SRC-EIA-MER-7.2A,historical,,,,United States,USA,country,2019,electricity_generation,natural_gas,"Electricity Net Generation From Natural Gas, All Sectors",all_sectors; utility_scale for solar,1588.53284,TWh,1588532.84,Million Kilowatthours,NGETPUS,reported,MER_June_2026,eia-mer-table-7.2a.csv
DS-EIA-MER-7.2A,SRC-EIA-MER-7.2A,historical,,,,United States,USA,country,2019,electricity_generation,nuclear,"Electricity Net Generation From Nuclear Electric Power, All Sectors",all_sectors; utility_scale for solar,809.409262,TWh,809409.262,Million Kilowatthours,NUETPUS,reported,MER_June_2026,eia-mer-table-7.2a.csv
DS-EIA-MER-7.2A,SRC-EIA-MER-7.2A,historical,,,,United States,USA,country,2019,electricity_generation,other_fossil_gases,"Electricity Net Generation From Other Fossil Gases, All Sectors",all_sectors; utility_scale for solar,12.591094,TWh,12591.094,Million Kilowatthours,OJETPUS,reported,MER_June_2026,eia-mer-table-7.2a.csv
DS-EIA-MER-7.2A,SRC-EIA-MER-7.2A,historical,,,,United States,USA,country,2019,electricity_generation,petroleum,"Electricity Net Generation From Petroleum, All Sectors",all_sectors; utility_scale for solar,18.340743,TWh,18340.743,Million Kilowatthours,PAETPUS,reported,MER_June_2026,eia-mer-table-7.2a.csv
DS-EIA-MER-7.2A,SRC-EIA-MER-7.2A,historical,,,,United States,USA,country,2019,electricity_generation,solar_utility_scale,"Electricity Net Generation From Solar, All Sectors",all_sectors; utility_scale for solar,71.936822,TWh,71936.822,Million Kilowatthours,SOETPUS,reported,MER_June_2026,eia-mer-table-7.2a.csv
DS-EIA-MER-7.2A,SRC-EIA-MER-7.2A,historical,,,,United States,USA,country,2019,electricity_generation,total,"Electricity Net Generation Total (including from sources not shown), All Sectors",all_sectors; utility_scale for solar,4130.57388,TWh,4130573.88,Million Kilowatthours,ELETPUS,reported,MER_June_2026,eia-mer-table-7.2a.csv
DS-EIA-MER-7.2A,SRC-EIA-MER-7.2A,historical,,,,United States,USA,country,2019,electricity_generation,waste,"Electricity Net Generation From Waste, All Sectors",all_sectors; utility_scale for solar,18.963571,TWh,18963.571,Million Kilowatthours,WSETPUS,reported,MER_June_2026,eia-mer-table-7.2a.csv
DS-EIA-MER-7.2A,SRC-EIA-MER-7.2A,historical,,,,United States,USA,country,2019,electricity_generation,wind,"Electricity Net Generation From Wind, All Sectors",all_sectors; utility_scale for solar,295.882484,TWh,295882.484,Million Kilowatthours,WYETPUS,reported,MER_June_2026,eia-mer-table-7.2a.csv
DS-EIA-MER-7.2A,SRC-EIA-MER-7.2A,historical,,,,United States,USA,country,2019,electricity_generation,wood,"Electricity Net Generation From Wood, All Sectors",all_sectors; utility_scale for solar,38.543382,TWh,38543.382,Million Kilowatthours,WDETPUS,reported,MER_June_2026,eia-mer-table-7.2a.csv
DS-EIA-MER-7.2A,SRC-EIA-MER-7.2A,historical,,,,United States,USA,country,2019,storage_net_generation,pumped_hydro_storage,"Electricity Net Generation From Hydroelectric Pumped Storage, All Sectors",all_sectors; utility_scale for solar,-5.260744,TWh,-5260.744,Million Kilowatthours,HPETPUS,reported,MER_June_2026,eia-mer-table-7.2a.csv
DS-EIA-MER-7.2A,SRC-EIA-MER-7.2A,historical,,,,United States,USA,country,2020,electricity_generation,coal,"Electricity Net Generation From Coal, All Sectors",all_sectors; utility_scale for solar,773.392897,TWh,773392.897,Million Kilowatthours,CLETPUS,reported,MER_June_2026,eia-mer-table-7.2a.csv
DS-EIA-MER-7.2A,SRC-EIA-MER-7.2A,historical,,,,United States,USA,country,2020,electricity_generation,geothermal,"Electricity Net Generation From Geothermal, All Sectors",all_sectors; utility_scale for solar,15.889697,TWh,15889.697,Million Kilowatthours,GEETPUS,reported,MER_June_2026,eia-mer-table-7.2a.csv
DS-EIA-MER-7.2A,SRC-EIA-MER-7.2A,historical,,,,United States,USA,country,2020,electricity_generation,hydropower,"Electricity Net Generation From Conventional Hydroelectric Power, All Sectors",all_sectors; utility_scale for solar,285.273895,TWh,285273.895,Million Kilowatthours,HVETPUS,reported,MER_June_2026,eia-mer-table-7.2a.csv
DS-EIA-MER-7.2A,SRC-EIA-MER-7.2A,historical,,,,United States,USA,country,2020,electricity_generation,natural_gas,"Electricity Net Generation From Natural Gas, All Sectors",all_sectors; utility_scale for solar,1626.78964,TWh,1626789.64,Million Kilowatthours,NGETPUS,reported,MER_June_2026,eia-mer-table-7.2a.csv
DS-EIA-MER-7.2A,SRC-EIA-MER-7.2A,historical,,,,United States,USA,country,2020,electricity_generation,nuclear,"Electricity Net Generation From Nuclear Electric Power, All Sectors",all_sectors; utility_scale for solar,789.878863,TWh,789878.863,Million Kilowatthours,NUETPUS,reported,MER_June_2026,eia-mer-table-7.2a.csv
DS-EIA-MER-7.2A,SRC-EIA-MER-7.2A,historical,,,,United States,USA,country,2020,electricity_generation,other_fossil_gases,"Electricity Net Generation From Other Fossil Gases, All Sectors",all_sectors; utility_scale for solar,11.818478,TWh,11818.478,Million Kilowatthours,OJETPUS,reported,MER_June_2026,eia-mer-table-7.2a.csv
DS-EIA-MER-7.2A,SRC-EIA-MER-7.2A,historical,,,,United States,USA,country,2020,electricity_generation,petroleum,"Electricity Net Generation From Petroleum, All Sectors",all_sectors; utility_scale for solar,17.341015,TWh,17341.015,Million Kilowatthours,PAETPUS,reported,MER_June_2026,eia-mer-table-7.2a.csv
DS-EIA-MER-7.2A,SRC-EIA-MER-7.2A,historical,,,,United States,USA,country,2020,electricity_generation,solar_utility_scale,"Electricity Net Generation From Solar, All Sectors",all_sectors; utility_scale for solar,89.198715,TWh,89198.715,Million Kilowatthours,SOETPUS,reported,MER_June_2026,eia-mer-table-7.2a.csv
DS-EIA-MER-7.2A,SRC-EIA-MER-7.2A,historical,,,,United States,USA,country,2020,electricity_generation,total,"Electricity Net Generation Total (including from sources not shown), All Sectors",all_sectors; utility_scale for solar,4009.766846,TWh,4009766.846,Million Kilowatthours,ELETPUS,reported,MER_June_2026,eia-mer-table-7.2a.csv
DS-EIA-MER-7.2A,SRC-EIA-MER-7.2A,historical,,,,United States,USA,country,2020,electricity_generation,waste,"Electricity Net Generation From Waste, All Sectors",all_sectors; utility_scale for solar,18.492674,TWh,18492.674,Million Kilowatthours,WSETPUS,reported,MER_June_2026,eia-mer-table-7.2a.csv
DS-EIA-MER-7.2A,SRC-EIA-MER-7.2A,historical,,,,United States,USA,country,2020,electricity_generation,wind,"Electricity Net Generation From Wind, All Sectors",all_sectors; utility_scale for solar,337.938049,TWh,337938.049,Million Kilowatthours,WYETPUS,reported,MER_June_2026,eia-mer-table-7.2a.csv
DS-EIA-MER-7.2A,SRC-EIA-MER-7.2A,historical,,,,United States,USA,country,2020,electricity_generation,wood,"Electricity Net Generation From Wood, All Sectors",all_sectors; utility_scale for solar,36.218943,TWh,36218.943,Million Kilowatthours,WDETPUS,reported,MER_June_2026,eia-mer-table-7.2a.csv
DS-EIA-MER-7.2A,SRC-EIA-MER-7.2A,historical,,,,United States,USA,country,2020,storage_net_generation,pumped_hydro_storage,"Electricity Net Generation From Hydroelectric Pumped Storage, All Sectors",all_sectors; utility_scale for solar,-5.321205,TWh,-5321.205,Million Kilowatthours,HPETPUS,reported,MER_June_2026,eia-mer-table-7.2a.csv
DS-EIA-MER-7.2A,SRC-EIA-MER-7.2A,historical,,,,United States,USA,country,2021,electricity_generation,coal,"Electricity Net Generation From Coal, All Sectors",all_sectors; utility_scale for solar,897.99876,TWh,897998.76,Million Kilowatthours,CLETPUS,reported,MER_June_2026,eia-mer-table-7.2a.csv
DS-EIA-MER-7.2A,SRC-EIA-MER-7.2A,historical,,,,United States,USA,country,2021,electricity_generation,geothermal,"Electricity Net Generation From Geothermal, All Sectors",all_sectors; utility_scale for solar,15.975127,TWh,15975.127,Million Kilowatthours,GEETPUS,reported,MER_June_2026,eia-mer-table-7.2a.csv
DS-EIA-MER-7.2A,SRC-EIA-MER-7.2A,historical,,,,United States,USA,country,2021,electricity_generation,hydropower,"Electricity Net Generation From Conventional Hydroelectric Power, All Sectors",all_sectors; utility_scale for solar,251.584842,TWh,251584.842,Million Kilowatthours,HVETPUS,reported,MER_June_2026,eia-mer-table-7.2a.csv
DS-EIA-MER-7.2A,SRC-EIA-MER-7.2A,historical,,,,United States,USA,country,2021,electricity_generation,natural_gas,"Electricity Net Generation From Natural Gas, All Sectors",all_sectors; utility_scale for solar,1579.189987,TWh,1579189.987,Million Kilowatthours,NGETPUS,reported,MER_June_2026,eia-mer-table-7.2a.csv
DS-EIA-MER-7.2A,SRC-EIA-MER-7.2A,historical,,,,United States,USA,country,2021,electricity_generation,nuclear,"Electricity Net Generation From Nuclear Electric Power, All Sectors",all_sectors; utility_scale for solar,779.644595,TWh,779644.595,Million Kilowatthours,NUETPUS,reported,MER_June_2026,eia-mer-table-7.2a.csv
DS-EIA-MER-7.2A,SRC-EIA-MER-7.2A,historical,,,,United States,USA,country,2021,electricity_generation,other_fossil_gases,"Electricity Net Generation From Other Fossil Gases, All Sectors",all_sectors; utility_scale for solar,11.397237,TWh,11397.237,Million Kilowatthours,OJETPUS,reported,MER_June_2026,eia-mer-table-7.2a.csv
DS-EIA-MER-7.2A,SRC-EIA-MER-7.2A,historical,,,,United States,USA,country,2021,electricity_generation,petroleum,"Electricity Net Generation From Petroleum, All Sectors",all_sectors; utility_scale for solar,19.17321,TWh,19173.21,Million Kilowatthours,PAETPUS,reported,MER_June_2026,eia-mer-table-7.2a.csv
DS-EIA-MER-7.2A,SRC-EIA-MER-7.2A,historical,,,,United States,USA,country,2021,electricity_generation,solar_utility_scale,"Electricity Net Generation From Solar, All Sectors",all_sectors; utility_scale for solar,115.258248,TWh,115258.248,Million Kilowatthours,SOETPUS,reported,MER_June_2026,eia-mer-table-7.2a.csv
DS-EIA-MER-7.2A,SRC-EIA-MER-7.2A,historical,,,,United States,USA,country,2021,electricity_generation,total,"Electricity Net Generation Total (including from sources not shown), All Sectors",all_sectors; utility_scale for solar,4109.69939,TWh,4109699.39,Million Kilowatthours,ELETPUS,reported,MER_June_2026,eia-mer-table-7.2a.csv
DS-EIA-MER-7.2A,SRC-EIA-MER-7.2A,historical,,,,United States,USA,country,2021,electricity_generation,waste,"Electricity Net Generation From Waste, All Sectors",all_sectors; utility_scale for solar,17.789553,TWh,17789.553,Million Kilowatthours,WSETPUS,reported,MER_June_2026,eia-mer-table-7.2a.csv
DS-EIA-MER-7.2A,SRC-EIA-MER-7.2A,historical,,,,United States,USA,country,2021,electricity_generation,wind,"Electricity Net Generation From Wind, All Sectors",all_sectors; utility_scale for solar,378.196775,TWh,378196.775,Million Kilowatthours,WYETPUS,reported,MER_June_2026,eia-mer-table-7.2a.csv
DS-EIA-MER-7.2A,SRC-EIA-MER-7.2A,historical,,,,United States,USA,country,2021,electricity_generation,wood,"Electricity Net Generation From Wood, All Sectors",all_sectors; utility_scale for solar,36.462673,TWh,36462.673,Million Kilowatthours,WDETPUS,reported,MER_June_2026,eia-mer-table-7.2a.csv
DS-EIA-MER-7.2A,SRC-EIA-MER-7.2A,historical,,,,United States,USA,country,2021,storage_net_generation,pumped_hydro_storage,"Electricity Net Generation From Hydroelectric Pumped Storage, All Sectors",all_sectors; utility_scale for solar,-5.111684,TWh,-5111.684,Million Kilowatthours,HPETPUS,reported,MER_June_2026,eia-mer-table-7.2a.csv
DS-EIA-MER-7.2A,SRC-EIA-MER-7.2A,historical,,,,United States,USA,country,2022,electricity_generation,coal,"Electricity Net Generation From Coal, All Sectors",all_sectors; utility_scale for solar,831.511612,TWh,831511.612,Million Kilowatthours,CLETPUS,reported,MER_June_2026,eia-mer-table-7.2a.csv
DS-EIA-MER-7.2A,SRC-EIA-MER-7.2A,historical,,,,United States,USA,country,2022,electricity_generation,geothermal,"Electricity Net Generation From Geothermal, All Sectors",all_sectors; utility_scale for solar,16.086929,TWh,16086.929,Million Kilowatthours,GEETPUS,reported,MER_June_2026,eia-mer-table-7.2a.csv
DS-EIA-MER-7.2A,SRC-EIA-MER-7.2A,historical,,,,United States,USA,country,2022,electricity_generation,hydropower,"Electricity Net Generation From Conventional Hydroelectric Power, All Sectors",all_sectors; utility_scale for solar,254.788667,TWh,254788.667,Million Kilowatthours,HVETPUS,reported,MER_June_2026,eia-mer-table-7.2a.csv
DS-EIA-MER-7.2A,SRC-EIA-MER-7.2A,historical,,,,United States,USA,country,2022,electricity_generation,natural_gas,"Electricity Net Generation From Natural Gas, All Sectors",all_sectors; utility_scale for solar,1687.064739,TWh,1687064.739,Million Kilowatthours,NGETPUS,reported,MER_June_2026,eia-mer-table-7.2a.csv
DS-EIA-MER-7.2A,SRC-EIA-MER-7.2A,historical,,,,United States,USA,country,2022,electricity_generation,nuclear,"Electricity Net Generation From Nuclear Electric Power, All Sectors",all_sectors; utility_scale for solar,771.537176,TWh,771537.176,Million Kilowatthours,NUETPUS,reported,MER_June_2026,eia-mer-table-7.2a.csv
DS-EIA-MER-7.2A,SRC-EIA-MER-7.2A,historical,,,,United States,USA,country,2022,electricity_generation,other_fossil_gases,"Electricity Net Generation From Other Fossil Gases, All Sectors",all_sectors; utility_scale for solar,11.722273,TWh,11722.273,Million Kilowatthours,OJETPUS,reported,MER_June_2026,eia-mer-table-7.2a.csv
DS-EIA-MER-7.2A,SRC-EIA-MER-7.2A,historical,,,,United States,USA,country,2022,electricity_generation,petroleum,"Electricity Net Generation From Petroleum, All Sectors",all_sectors; utility_scale for solar,22.931242,TWh,22931.242,Million Kilowatthours,PAETPUS,reported,MER_June_2026,eia-mer-table-7.2a.csv
DS-EIA-MER-7.2A,SRC-EIA-MER-7.2A,historical,,,,United States,USA,country,2022,electricity_generation,solar_utility_scale,"Electricity Net Generation From Solar, All Sectors",all_sectors; utility_scale for solar,143.791888,TWh,143791.888,Million Kilowatthours,SOETPUS,reported,MER_June_2026,eia-mer-table-7.2a.csv
DS-EIA-MER-7.2A,SRC-EIA-MER-7.2A,historical,,,,United States,USA,country,2022,electricity_generation,total,"Electricity Net Generation Total (including from sources not shown), All Sectors",all_sectors; utility_scale for solar,4230.667564,TWh,4230667.564,Million Kilowatthours,ELETPUS,reported,MER_June_2026,eia-mer-table-7.2a.csv
DS-EIA-MER-7.2A,SRC-EIA-MER-7.2A,historical,,,,United States,USA,country,2022,electricity_generation,waste,"Electricity Net Generation From Waste, All Sectors",all_sectors; utility_scale for solar,16.383408,TWh,16383.408,Million Kilowatthours,WSETPUS,reported,MER_June_2026,eia-mer-table-7.2a.csv
DS-EIA-MER-7.2A,SRC-EIA-MER-7.2A,historical,,,,United States,USA,country,2022,electricity_generation,wind,"Electricity Net Generation From Wind, All Sectors",all_sectors; utility_scale for solar,434.297358,TWh,434297.358,Million Kilowatthours,WYETPUS,reported,MER_June_2026,eia-mer-table-7.2a.csv
DS-EIA-MER-7.2A,SRC-EIA-MER-7.2A,historical,,,,United States,USA,country,2022,electricity_generation,wood,"Electricity Net Generation From Wood, All Sectors",all_sectors; utility_scale for solar,35.465908,TWh,35465.908,Million Kilowatthours,WDETPUS,reported,MER_June_2026,eia-mer-table-7.2a.csv
DS-EIA-MER-7.2A,SRC-EIA-MER-7.2A,historical,,,,United States,USA,country,2022,storage_net_generation,pumped_hydro_storage,"Electricity Net Generation From Hydroelectric Pumped Storage, All Sectors",all_sectors; utility_scale for solar,-6.027858,TWh,-6027.858,Million Kilowatthours,HPETPUS,reported,MER_June_2026,eia-mer-table-7.2a.csv
DS-EIA-MER-7.2A,SRC-EIA-MER-7.2A,historical,,,,United States,USA,country,2023,electricity_generation,coal,"Electricity Net Generation From Coal, All Sectors",all_sectors; utility_scale for solar,675.115277,TWh,675115.277,Million Kilowatthours,CLETPUS,reported,MER_June_2026,eia-mer-table-7.2a.csv
DS-EIA-MER-7.2A,SRC-EIA-MER-7.2A,historical,,,,United States,USA,country,2023,electricity_generation,geothermal,"Electricity Net Generation From Geothermal, All Sectors",all_sectors; utility_scale for solar,16.367398,TWh,16367.398,Million Kilowatthours,GEETPUS,reported,MER_June_2026,eia-mer-table-7.2a.csv
DS-EIA-MER-7.2A,SRC-EIA-MER-7.2A,historical,,,,United States,USA,country,2023,electricity_generation,hydropower,"Electricity Net Generation From Conventional Hydroelectric Power, All Sectors",all_sectors; utility_scale for solar,245.002338,TWh,245002.338,Million Kilowatthours,HVETPUS,reported,MER_June_2026,eia-mer-table-7.2a.csv
DS-EIA-MER-7.2A,SRC-EIA-MER-7.2A,historical,,,,United States,USA,country,2023,electricity_generation,natural_gas,"Electricity Net Generation From Natural Gas, All Sectors",all_sectors; utility_scale for solar,1806.062912,TWh,1806062.912,Million Kilowatthours,NGETPUS,reported,MER_June_2026,eia-mer-table-7.2a.csv
DS-EIA-MER-7.2A,SRC-EIA-MER-7.2A,historical,,,,United States,USA,country,2023,electricity_generation,nuclear,"Electricity Net Generation From Nuclear Electric Power, All Sectors",all_sectors; utility_scale for solar,774.873169,TWh,774873.169,Million Kilowatthours,NUETPUS,reported,MER_June_2026,eia-mer-table-7.2a.csv
DS-EIA-MER-7.2A,SRC-EIA-MER-7.2A,historical,,,,United States,USA,country,2023,electricity_generation,other_fossil_gases,"Electricity Net Generation From Other Fossil Gases, All Sectors",all_sectors; utility_scale for solar,11.777794,TWh,11777.794,Million Kilowatthours,OJETPUS,reported,MER_June_2026,eia-mer-table-7.2a.csv
DS-EIA-MER-7.2A,SRC-EIA-MER-7.2A,historical,,,,United States,USA,country,2023,electricity_generation,petroleum,"Electricity Net Generation From Petroleum, All Sectors",all_sectors; utility_scale for solar,16.233021,TWh,16233.021,Million Kilowatthours,PAETPUS,reported,MER_June_2026,eia-mer-table-7.2a.csv
DS-EIA-MER-7.2A,SRC-EIA-MER-7.2A,historical,,,,United States,USA,country,2023,electricity_generation,solar_utility_scale,"Electricity Net Generation From Solar, All Sectors",all_sectors; utility_scale for solar,165.530349,TWh,165530.349,Million Kilowatthours,SOETPUS,reported,MER_June_2026,eia-mer-table-7.2a.csv
DS-EIA-MER-7.2A,SRC-EIA-MER-7.2A,historical,,,,United States,USA,country,2023,electricity_generation,total,"Electricity Net Generation Total (including from sources not shown), All Sectors",all_sectors; utility_scale for solar,4183.270479,TWh,4183270.479,Million Kilowatthours,ELETPUS,reported,MER_June_2026,eia-mer-table-7.2a.csv
DS-EIA-MER-7.2A,SRC-EIA-MER-7.2A,historical,,,,United States,USA,country,2023,electricity_generation,waste,"Electricity Net Generation From Waste, All Sectors",all_sectors; utility_scale for solar,15.584906,TWh,15584.906,Million Kilowatthours,WSETPUS,reported,MER_June_2026,eia-mer-table-7.2a.csv
DS-EIA-MER-7.2A,SRC-EIA-MER-7.2A,historical,,,,United States,USA,country,2023,electricity_generation,wind,"Electricity Net Generation From Wind, All Sectors",all_sectors; utility_scale for solar,421.141335,TWh,421141.335,Million Kilowatthours,WYETPUS,reported,MER_June_2026,eia-mer-table-7.2a.csv
DS-EIA-MER-7.2A,SRC-EIA-MER-7.2A,historical,,,,United States,USA,country,2023,electricity_generation,wood,"Electricity Net Generation From Wood, All Sectors",all_sectors; utility_scale for solar,31.614587,TWh,31614.587,Million Kilowatthours,WDETPUS,reported,MER_June_2026,eia-mer-table-7.2a.csv
DS-EIA-MER-7.2A,SRC-EIA-MER-7.2A,historical,,,,United States,USA,country,2023,storage_net_generation,pumped_hydro_storage,"Electricity Net Generation From Hydroelectric Pumped Storage, All Sectors",all_sectors; utility_scale for solar,-5.990028,TWh,-5990.028,Million Kilowatthours,HPETPUS,reported,MER_June_2026,eia-mer-table-7.2a.csv
DS-EIA-MER-7.2A,SRC-EIA-MER-7.2A,historical,,,,United States,USA,country,2024,electricity_generation,coal,"Electricity Net Generation From Coal, All Sectors",all_sectors; utility_scale for solar,652.155921,TWh,652155.921,Million Kilowatthours,CLETPUS,reported,MER_June_2026,eia-mer-table-7.2a.csv
DS-EIA-MER-7.2A,SRC-EIA-MER-7.2A,historical,,,,United States,USA,country,2024,electricity_generation,geothermal,"Electricity Net Generation From Geothermal, All Sectors",all_sectors; utility_scale for solar,15.40714,TWh,15407.14,Million Kilowatthours,GEETPUS,reported,MER_June_2026,eia-mer-table-7.2a.csv
DS-EIA-MER-7.2A,SRC-EIA-MER-7.2A,historical,,,,United States,USA,country,2024,electricity_generation,hydropower,"Electricity Net Generation From Conventional Hydroelectric Power, All Sectors",all_sectors; utility_scale for solar,242.896054,TWh,242896.054,Million Kilowatthours,HVETPUS,reported,MER_June_2026,eia-mer-table-7.2a.csv
DS-EIA-MER-7.2A,SRC-EIA-MER-7.2A,historical,,,,United States,USA,country,2024,electricity_generation,natural_gas,"Electricity Net Generation From Natural Gas, All Sectors",all_sectors; utility_scale for solar,1869.902146,TWh,1869902.146,Million Kilowatthours,NGETPUS,reported,MER_June_2026,eia-mer-table-7.2a.csv
DS-EIA-MER-7.2A,SRC-EIA-MER-7.2A,historical,,,,United States,USA,country,2024,electricity_generation,nuclear,"Electricity Net Generation From Nuclear Electric Power, All Sectors",all_sectors; utility_scale for solar,781.86531,TWh,781865.31,Million Kilowatthours,NUETPUS,reported,MER_June_2026,eia-mer-table-7.2a.csv
DS-EIA-MER-7.2A,SRC-EIA-MER-7.2A,historical,,,,United States,USA,country,2024,electricity_generation,other_fossil_gases,"Electricity Net Generation From Other Fossil Gases, All Sectors",all_sectors; utility_scale for solar,10.845056,TWh,10845.056,Million Kilowatthours,OJETPUS,reported,MER_June_2026,eia-mer-table-7.2a.csv
DS-EIA-MER-7.2A,SRC-EIA-MER-7.2A,historical,,,,United States,USA,country,2024,electricity_generation,petroleum,"Electricity Net Generation From Petroleum, All Sectors",all_sectors; utility_scale for solar,15.084453,TWh,15084.453,Million Kilowatthours,PAETPUS,reported,MER_June_2026,eia-mer-table-7.2a.csv
DS-EIA-MER-7.2A,SRC-EIA-MER-7.2A,historical,,,,United States,USA,country,2024,electricity_generation,solar_utility_scale,"Electricity Net Generation From Solar, All Sectors",all_sectors; utility_scale for solar,219.833913,TWh,219833.913,Million Kilowatthours,SOETPUS,reported,MER_June_2026,eia-mer-table-7.2a.csv
DS-EIA-MER-7.2A,SRC-EIA-MER-7.2A,historical,,,,United States,USA,country,2024,electricity_generation,total,"Electricity Net Generation Total (including from sources not shown), All Sectors",all_sectors; utility_scale for solar,4308.634298,TWh,4308634.298,Million Kilowatthours,ELETPUS,reported,MER_June_2026,eia-mer-table-7.2a.csv
DS-EIA-MER-7.2A,SRC-EIA-MER-7.2A,historical,,,,United States,USA,country,2024,electricity_generation,waste,"Electricity Net Generation From Waste, All Sectors",all_sectors; utility_scale for solar,14.857724,TWh,14857.724,Million Kilowatthours,WSETPUS,reported,MER_June_2026,eia-mer-table-7.2a.csv
DS-EIA-MER-7.2A,SRC-EIA-MER-7.2A,historical,,,,United States,USA,country,2024,electricity_generation,wind,"Electricity Net Generation From Wind, All Sectors",all_sectors; utility_scale for solar,451.904357,TWh,451904.357,Million Kilowatthours,WYETPUS,reported,MER_June_2026,eia-mer-table-7.2a.csv
DS-EIA-MER-7.2A,SRC-EIA-MER-7.2A,historical,,,,United States,USA,country,2024,electricity_generation,wood,"Electricity Net Generation From Wood, All Sectors",all_sectors; utility_scale for solar,31.563945,TWh,31563.945,Million Kilowatthours,WDETPUS,reported,MER_June_2026,eia-mer-table-7.2a.csv
DS-EIA-MER-7.2A,SRC-EIA-MER-7.2A,historical,,,,United States,USA,country,2024,storage_net_generation,pumped_hydro_storage,"Electricity Net Generation From Hydroelectric Pumped Storage, All Sectors",all_sectors; utility_scale for solar,-5.851862,TWh,-5851.862,Million Kilowatthours,HPETPUS,reported,MER_June_2026,eia-mer-table-7.2a.csv
DS-EIA-MER-7.2A,SRC-EIA-MER-7.2A,historical,,,,United States,USA,country,2025,electricity_generation,coal,"Electricity Net Generation From Coal, All Sectors",all_sectors; utility_scale for solar,737.150711,TWh,737150.711,Million Kilowatthours,CLETPUS,preliminary,MER_June_2026,eia-mer-table-7.2a.csv
DS-EIA-MER-7.2A,SRC-EIA-MER-7.2A,historical,,,,United States,USA,country,2025,electricity_generation,geothermal,"Electricity Net Generation From Geothermal, All Sectors",all_sectors; utility_scale for solar,15.668818,TWh,15668.818,Million Kilowatthours,GEETPUS,preliminary,MER_June_2026,eia-mer-table-7.2a.csv
DS-EIA-MER-7.2A,SRC-EIA-MER-7.2A,historical,,,,United States,USA,country,2025,electricity_generation,hydropower,"Electricity Net Generation From Conventional Hydroelectric Power, All Sectors",all_sectors; utility_scale for solar,247.02321,TWh,247023.21,Million Kilowatthours,HVETPUS,preliminary,MER_June_2026,eia-mer-table-7.2a.csv
DS-EIA-MER-7.2A,SRC-EIA-MER-7.2A,historical,,,,United States,USA,country,2025,electricity_generation,natural_gas,"Electricity Net Generation From Natural Gas, All Sectors",all_sectors; utility_scale for solar,1807.338288,TWh,1807338.288,Million Kilowatthours,NGETPUS,preliminary,MER_June_2026,eia-mer-table-7.2a.csv
DS-EIA-MER-7.2A,SRC-EIA-MER-7.2A,historical,,,,United States,USA,country,2025,electricity_generation,nuclear,"Electricity Net Generation From Nuclear Electric Power, All Sectors",all_sectors; utility_scale for solar,784.780718,TWh,784780.718,Million Kilowatthours,NUETPUS,preliminary,MER_June_2026,eia-mer-table-7.2a.csv
DS-EIA-MER-7.2A,SRC-EIA-MER-7.2A,historical,,,,United States,USA,country,2025,electricity_generation,other_fossil_gases,"Electricity Net Generation From Other Fossil Gases, All Sectors",all_sectors; utility_scale for solar,10.697413,TWh,10697.413,Million Kilowatthours,OJETPUS,preliminary,MER_June_2026,eia-mer-table-7.2a.csv
DS-EIA-MER-7.2A,SRC-EIA-MER-7.2A,historical,,,,United States,USA,country,2025,electricity_generation,petroleum,"Electricity Net Generation From Petroleum, All Sectors",all_sectors; utility_scale for solar,19.259558,TWh,19259.558,Million Kilowatthours,PAETPUS,preliminary,MER_June_2026,eia-mer-table-7.2a.csv
DS-EIA-MER-7.2A,SRC-EIA-MER-7.2A,historical,,,,United States,USA,country,2025,electricity_generation,solar_utility_scale,"Electricity Net Generation From Solar, All Sectors",all_sectors; utility_scale for solar,295.671383,TWh,295671.383,Million Kilowatthours,SOETPUS,preliminary,MER_June_2026,eia-mer-table-7.2a.csv
DS-EIA-MER-7.2A,SRC-EIA-MER-7.2A,historical,,,,United States,USA,country,2025,electricity_generation,total,"Electricity Net Generation Total (including from sources not shown), All Sectors",all_sectors; utility_scale for solar,4429.501604,TWh,4429501.604,Million Kilowatthours,ELETPUS,preliminary,MER_June_2026,eia-mer-table-7.2a.csv
DS-EIA-MER-7.2A,SRC-EIA-MER-7.2A,historical,,,,United States,USA,country,2025,electricity_generation,waste,"Electricity Net Generation From Waste, All Sectors",all_sectors; utility_scale for solar,14.378135,TWh,14378.135,Million Kilowatthours,WSETPUS,preliminary,MER_June_2026,eia-mer-table-7.2a.csv
DS-EIA-MER-7.2A,SRC-EIA-MER-7.2A,historical,,,,United States,USA,country,2025,electricity_generation,wind,"Electricity Net Generation From Wind, All Sectors",all_sectors; utility_scale for solar,464.39061,TWh,464390.61,Million Kilowatthours,WYETPUS,preliminary,MER_June_2026,eia-mer-table-7.2a.csv
DS-EIA-MER-7.2A,SRC-EIA-MER-7.2A,historical,,,,United States,USA,country,2025,electricity_generation,wood,"Electricity Net Generation From Wood, All Sectors",all_sectors; utility_scale for solar,31.808705,TWh,31808.705,Million Kilowatthours,WDETPUS,preliminary,MER_June_2026,eia-mer-table-7.2a.csv
DS-EIA-MER-7.2A,SRC-EIA-MER-7.2A,historical,,,,United States,USA,country,2025,storage_net_generation,pumped_hydro_storage,"Electricity Net Generation From Hydroelectric Pumped Storage, All Sectors",all_sectors; utility_scale for solar,-5.320386,TWh,-5320.386,Million Kilowatthours,HPETPUS,preliminary,MER_June_2026,eia-mer-table-7.2a.csv
